Plot,Bulan,Taxa,Tahun,Jenis,Nama Ilmiah,Status IUCN
D8,Maret,Burung,2024,Alap Alap Capung,Microhierax fringillarius,Least concern
H9,Maret,Burung,2024,Alap Alap Capung,Microhierax fringillarius,Least concern
H14,Maret,Burung,2024,Alap Alap Capung,Microhierax fringillarius,Least concern
D18,Maret,Burung,2024,Alap Alap Capung,Microhierax fringillarius,Least concern
E8,November,Burung,2024,Alap Alap Capung,Microhierax fringillarius,Least concern
D1,November,Burung,2024,Alap Alap Capung,Microhierax fringillarius,Least concern
H11,Maret,Burung,2024,Ayam Hutan Merah,Gallus gallus,Least concern
D7,Juli,Burung,2024,Bondol Haji,Lonchura maja,Least concern
E4,Juli,Burung,2024,Bondol Jawa,Lonchura leucogastroides,Least concern
F2,Juli,Burung,2024,Bondol Jawa,Lonchura leucogastroides,Least concern
F14,November,Burung,2024,Bondol Jawa,Lonchura leucogastroides,Least concern
D10,Maret,Burung,2024,Bubut Besar,Centropus sinensis,Least concern
C8,Maret,Burung,2024,Bubut Besar,Centropus sinensis,Least concern
D4,Maret,Burung,2024,Bubut Besar,Centropus sinensis,Least concern
E6,Maret,Burung,2024,Bubut Besar,Centropus sinensis,Least concern
G9,Maret,Burung,2024,Bubut Besar,Centropus sinensis,Least concern
E13,Maret,Burung,2024,Bubut Besar,Centropus sinensis,Least concern
C17,Maret,Burung,2024,Bubut Besar,Centropus sinensis,Least concern
B16,Maret,Burung,2024,Bubut Besar,Centropus sinensis,Least concern
B18,Maret,Burung,2024,Bubut Besar,Centropus sinensis,Least concern
D8,Maret,Burung,2024,Bubut Jawa,Centropus nigrorufus,Vulnerable
F15,November,Burung,2024,Bubut Jawa,Centropus nigrorufus,Vulnerable
F5,November,Burung,2024,Bubut Jawa,Centropus nigrorufus,Vulnerable
F7,November,Burung,2024,Bubut Jawa,Centropus nigrorufus,Vulnerable
G13,November,Burung,2024,Bubut Jawa,Centropus nigrorufus,Vulnerable
G14,November,Burung,2024,Bubut Jawa,Centropus nigrorufus,Vulnerable
G9,November,Burung,2024,Bubut Jawa,Centropus nigrorufus,Vulnerable
H10,November,Burung,2024,Bubut Jawa,Centropus nigrorufus,Vulnerable
D6,Juli,Burung,2024,Burung Madu Kelapa,Anthreptes malacensis,Least concern
B18,Juli,Burung,2024,Burung Madu Sriganti,Cinnyris jugularis,Least concern
F6,Maret,Burung,2024,Burung Madu Sriganti,Cinnyris jugularis,Least concern
I12,Maret,Burung,2024,Burung Madu Sriganti,Cinnyris jugularis,Least concern
D10,November,Burung,2024,Burung Madu Kelapa,Anthreptes malacensis,Least concern
C5,November,Burung,2024,Burung Madu Kelapa,Anthreptes malacensis,Least concern
D7,November,Burung,2024,Burung Madu Kelapa,Anthreptes malacensis,Least concern
G16,November,Burung,2024,Burung Madu Kelapa,Anthreptes malacensis,Least concern
C14,November,Burung,2024,Burung Madu Kelapa,Anthreptes malacensis,Least concern
A15,Juli,Burung,2024,Cabai Bunga Api,Dicaeum trigonostigma,Least concern
C15,Juli,Burung,2024,Cabai Bunga Api,Dicaeum trigonostigma,Least concern
E9,Juli,Burung,2024,Cabai Bunga Api,Dicaeum trigonostigma,Least concern
F3,Juli,Burung,2024,Cabai Bunga Api,Dicaeum trigonostigma,Least concern
F6,Juli,Burung,2024,Cabai Bunga Api,Dicaeum trigonostigma,Least concern
F8,Juli,Burung,2024,Cabai Bunga Api,Dicaeum trigonostigma,Least concern
F9,Juli,Burung,2024,Cabai Bunga Api,Dicaeum trigonostigma,Least concern
G13,Juli,Burung,2024,Cabai Bunga Api,Dicaeum trigonostigma,Least concern
G14,Juli,Burung,2024,Cabai Bunga Api,Dicaeum trigonostigma,Least concern
G7,Juli,Burung,2024,Cabai Bunga Api,Dicaeum trigonostigma,Least concern
G8,Juli,Burung,2024,Cabai Bunga Api,Dicaeum trigonostigma,Least concern
H10,Juli,Burung,2024,Cabai Bunga Api,Dicaeum trigonostigma,Least concern
H9,Juli,Burung,2024,Cabai Bunga Api,Dicaeum trigonostigma,Least concern
C5,Maret,Burung,2024,Cabai Bunga Api,Dicaeum trigonostigma,Least concern
D4,Maret,Burung,2024,Cabai Bunga Api,Dicaeum trigonostigma,Least concern
D2,Maret,Burung,2024,Cabai Bunga Api,Dicaeum trigonostigma,Least concern
C1,Maret,Burung,2024,Cabai Bunga Api,Dicaeum trigonostigma,Least concern
D1,Maret,Burung,2024,Cabai Bunga Api,Dicaeum trigonostigma,Least concern
C2,Maret,Burung,2024,Cabai Bunga Api,Dicaeum trigonostigma,Least concern
D11,Maret,Burung,2024,Cabai Bunga Api,Dicaeum trigonostigma,Least concern
F10,Maret,Burung,2024,Cabai Bunga Api,Dicaeum trigonostigma,Least concern
F7,Maret,Burung,2024,Cabai Bunga Api,Dicaeum trigonostigma,Least concern
F5,Maret,Burung,2024,Cabai Bunga Api,Dicaeum trigonostigma,Least concern
C18,Maret,Burung,2024,Cabai Bunga Api,Dicaeum trigonostigma,Least concern
E7,Maret,Burung,2024,Cabai Bunga Api,Dicaeum trigonostigma,Least concern
E4,Maret,Burung,2024,Cabai Bunga Api,Dicaeum trigonostigma,Least concern
E3,Maret,Burung,2024,Cabai Bunga Api,Dicaeum trigonostigma,Least concern
G9,Maret,Burung,2024,Cabai Bunga Api,Dicaeum trigonostigma,Least concern
H9,Maret,Burung,2024,Cabai Bunga Api,Dicaeum trigonostigma,Least concern
H10,Maret,Burung,2024,Cabai Bunga Api,Dicaeum trigonostigma,Least concern
H11,Maret,Burung,2024,Cabai Bunga Api,Dicaeum trigonostigma,Least concern
I12,Maret,Burung,2024,Cabai Bunga Api,Dicaeum trigonostigma,Least concern
I13,Maret,Burung,2024,Cabai Bunga Api,Dicaeum trigonostigma,Least concern
J14,Maret,Burung,2024,Cabai Bunga Api,Dicaeum trigonostigma,Least concern
I14,Maret,Burung,2024,Cabai Bunga Api,Dicaeum trigonostigma,Least concern
H14,Maret,Burung,2024,Cabai Bunga Api,Dicaeum trigonostigma,Least concern
G13,Maret,Burung,2024,Cabai Bunga Api,Dicaeum trigonostigma,Least concern
G14,Maret,Burung,2024,Cabai Bunga Api,Dicaeum trigonostigma,Least concern
F13,Maret,Burung,2024,Cabai Bunga Api,Dicaeum trigonostigma,Least concern
F14,Maret,Burung,2024,Cabai Bunga Api,Dicaeum trigonostigma,Least concern
F15,Maret,Burung,2024,Cabai Bunga Api,Dicaeum trigonostigma,Least concern
E13,Maret,Burung,2024,Cabai Bunga Api,Dicaeum trigonostigma,Least concern
D14,Maret,Burung,2024,Cabai Bunga Api,Dicaeum trigonostigma,Least concern
D16,Maret,Burung,2024,Cabai Bunga Api,Dicaeum trigonostigma,Least concern
D17,Maret,Burung,2024,Cabai Bunga Api,Dicaeum trigonostigma,Least concern
D18,Maret,Burung,2024,Cabai Bunga Api,Dicaeum trigonostigma,Least concern
D20,Maret,Burung,2024,Cabai Bunga Api,Dicaeum trigonostigma,Least concern
C18,Maret,Burung,2024,Cabai Bunga Api,Dicaeum trigonostigma,Least concern
C19,Maret,Burung,2024,Cabai Bunga Api,Dicaeum trigonostigma,Least concern
C21,Maret,Burung,2024,Cabai Bunga Api,Dicaeum trigonostigma,Least concern
B17,Maret,Burung,2024,Cabai Bunga Api,Dicaeum trigonostigma,Least concern
B19,Maret,Burung,2024,Cabai Bunga Api,Dicaeum trigonostigma,Least concern
H12,Maret,Burung,2024,Cabai Bunga Api,Dicaeum trigonostigma,Least concern
C21,Juli,Burung,2024,Cabai Gesit,Dicaeum agile,Least concern
H10,Juli,Burung,2024,Cabai Gesit,Dicaeum agile,Least concern
C8,Maret,Burung,2024,Cabai Gesit,Dicaeum agile,Least concern
G8,Maret,Burung,2024,Cabai Gesit,Dicaeum agile,Least concern
I9,Maret,Burung,2024,Cabai Gesit,Dicaeum agile,Least concern
D15,Maret,Burung,2024,Cabai Gesit,Dicaeum agile,Least concern
C4,Maret,Burung,2024,Cabai Gesit,Dicaeum agile,Least concern
D15,November,Burung,2024,Cabai Bunga Api,Dicaeum trigonostigma,Least concern
C7,November,Burung,2024,Cabai Bunga Api,Dicaeum trigonostigma,Least concern
G16,November,Burung,2024,Cabai Bunga Api,Dicaeum trigonostigma,Least concern
C7,November,Burung,2024,Cabai Bunga Api,Dicaeum trigonostigma,Least concern
H14,November,Burung,2024,Cabai Bunga Api,Dicaeum trigonostigma,Least concern
C6,November,Burung,2024,Cabai Bunga Api,Dicaeum trigonostigma,Least concern
C1,November,Burung,2024,Cabai Bunga Api,Dicaeum trigonostigma,Least concern
A15,November,Burung,2024,Cabai Bunga Api,Dicaeum trigonostigma,Least concern
D1,November,Burung,2024,Cabai Bunga Api,Dicaeum trigonostigma,Least concern
C5,November,Burung,2024,Cabai Bunga Api,Dicaeum trigonostigma,Least concern
G16,November,Burung,2024,Cabai Bunga Api,Dicaeum trigonostigma,Least concern
F13,November,Burung,2024,Cabai Bunga Api,Dicaeum trigonostigma,Least concern
E16,November,Burung,2024,Cabai Bunga Api,Dicaeum trigonostigma,Least concern
E8,November,Burung,2024,Cabai Bunga Api,Dicaeum trigonostigma,Least concern
C4,November,Burung,2024,Cabai Bunga Api,Dicaeum trigonostigma,Least concern
E4,November,Burung,2024,Cabai Bunga Api,Dicaeum trigonostigma,Least concern
B14,Juli,Burung,2024,Caladi Tilik,Dendrocopos moluccensis,Least concern
I9,Maret,Burung,2024,Caladi Tilik,Dendrocopos moluccensis,Least concern
D6,Juli,Burung,2024,Caladi Ulam,Dendrocopos macei,Least concern
D6,Juli,Burung,2024,Caladi Ulam,Dendrocopos macei,Least concern
C15,Juli,Burung,2024,Cekakak Batu,Lacedo pulchella,Least concern
D14,Juli,Burung,2024,Cekakak Batu,Lacedo pulchella,Least concern
F15,Juli,Burung,2024,Cekakak Batu,Lacedo pulchella,Least concern
C1,Maret,Burung,2024,Cekakak Batu,Lacedo pulchella,Least concern
F14,Maret,Burung,2024,Cekakak Batu,Lacedo pulchella,Least concern
B17,Maret,Burung,2024,Cekakak Batu,Lacedo pulchella,Least concern
H11,November,Burung,2024,Cekakak Batu,Lacedo pulchella,Least concern
E9,Juli,Burung,2024,Cekakak Jawa,Halcyon cyanoventris,Least concern
F10,Juli,Burung,2024,Cekakak Jawa,Halcyon cyanoventris,Least concern
G7,Juli,Burung,2024,Cekakak Jawa,Halcyon cyanoventris,Least concern
C8,Maret,Burung,2024,Cekakak Jawa,Halcyon cyanoventris,Least concern
C18,Maret,Burung,2024,Cekakak Jawa,Halcyon cyanoventris,Least concern
F13,Maret,Burung,2024,Cekakak Jawa,Halcyon cyanoventris,Least concern
D20,Maret,Burung,2024,Cekakak Jawa,Halcyon cyanoventris,Least concern
C18,Maret,Burung,2024,Cekakak Jawa,Halcyon cyanoventris,Least concern
C21,Maret,Burung,2024,Cekakak Jawa,Halcyon cyanoventris,Least concern
B19,Maret,Burung,2024,Cekakak Jawa,Halcyon cyanoventris,Least concern
I13,November,Burung,2024,Cekakak Jawa,Halcyon cyanoventris,Least concern
C3,November,Burung,2024,Cekakak Jawa,Halcyon cyanoventris,Least concern
C1,Juli,Burung,2024,Cekakak Sungai,Todiramphus chloris,Least concern
J13,Juli,Burung,2024,Cekakak Sungai,Todiramphus chloris,Least concern
D10,Maret,Burung,2024,Cekakak Sungai,Todiramphus chloris,Least concern
D11,Maret,Burung,2024,Cekakak Sungai,Todiramphus chloris,Least concern
F10,Maret,Burung,2024,Cekakak Sungai,Todiramphus chloris,Least concern
E3,Maret,Burung,2024,Cekakak Sungai,Todiramphus chloris,Least concern
H10,Maret,Burung,2024,Cekakak Sungai,Todiramphus chloris,Least concern
H14,Maret,Burung,2024,Cekakak Sungai,Todiramphus chloris,Least concern
E13,Maret,Burung,2024,Cekakak Sungai,Todiramphus chloris,Least concern
D14,Maret,Burung,2024,Cekakak Sungai,Todiramphus chloris,Least concern
D19,Maret,Burung,2024,Cekakak Sungai,Todiramphus chloris,Least concern
C16,Maret,Burung,2024,Cekakak Sungai,Todiramphus chloris,Least concern
B14,Maret,Burung,2024,Cekakak Sungai,Todiramphus chloris,Least concern
B15,Maret,Burung,2024,Cekakak Sungai,Todiramphus chloris,Least concern
B18,Maret,Burung,2024,Cekakak Sungai,Todiramphus chloris,Least concern
H14,November,Burung,2024,Cekakak Sungai,Todiramphus chloris,Least concern
D20,November,Burung,2024,Cekakak Sungai,Todiramphus chloris,Least concern
C2,November,Burung,2024,Cekakak Sungai,Todiramphus chloris,Least concern
A16,November,Burung,2024,Cekakak Sungai,Todiramphus chloris,Least concern
G16,November,Burung,2024,Cekakak Sungai,Todiramphus chloris,Least concern
D2,November,Burung,2024,Cekakak Sungai,Todiramphus chloris,Least concern
D1,November,Burung,2024,Cekakak Sungai,Todiramphus chloris,Least concern
C10,November,Burung,2024,Cekakak Sungai,Todiramphus chloris,Least concern
D13,Juli,Burung,2024,Celepuk Reban,Otus lempiji,Least concern
E8,Juli,Burung,2024,Celepuk Reban,Otus lempiji,Least concern
D3,November,Burung,2024,Cica Daun Besar,Chloropsis sonnerati,Endangered
D14,November,Burung,2024,Cica Daun Kecil,Chloropsis cyanopogon,Least concern
C18,Juli,Burung,2024,Cinenen Kelabu,Orthotomus ruficeps,Least concern
B18,Juli,Burung,2024,Cinenen Pisang,Orthotomus sutorius,Least concern
C7,Juli,Burung,2024,Cinenen Pisang,Orthotomus sutorius,Least concern
D11,Juli,Burung,2024,Cinenen Pisang,Orthotomus sutorius,Least concern
E14,Juli,Burung,2024,Cinenen Pisang,Orthotomus sutorius,Least concern
F16,Juli,Burung,2024,Cinenen Pisang,Orthotomus sutorius,Least concern
F6,Juli,Burung,2024,Cinenen Pisang,Orthotomus sutorius,Least concern
G13,Juli,Burung,2024,Cinenen Pisang,Orthotomus sutorius,Least concern
G16,Juli,Burung,2024,Cinenen Pisang,Orthotomus sutorius,Least concern
G8,Juli,Burung,2024,Cinenen Pisang,Orthotomus sutorius,Least concern
D10,Maret,Burung,2024,Cinenen Pisang,Orthotomus sutorius,Least concern
C3,Maret,Burung,2024,Cinenen Pisang,Orthotomus sutorius,Least concern
D1,Maret,Burung,2024,Cinenen Pisang,Orthotomus sutorius,Least concern
C2,Maret,Burung,2024,Cinenen Pisang,Orthotomus sutorius,Least concern
F5,Maret,Burung,2024,Cinenen Pisang,Orthotomus sutorius,Least concern
E6,Maret,Burung,2024,Cinenen Pisang,Orthotomus sutorius,Least concern
E5,Maret,Burung,2024,Cinenen Pisang,Orthotomus sutorius,Least concern
E4,Maret,Burung,2024,Cinenen Pisang,Orthotomus sutorius,Least concern
E2,Maret,Burung,2024,Cinenen Pisang,Orthotomus sutorius,Least concern
G10,Maret,Burung,2024,Cinenen Pisang,Orthotomus sutorius,Least concern
G9,Maret,Burung,2024,Cinenen Pisang,Orthotomus sutorius,Least concern
G8,Maret,Burung,2024,Cinenen Pisang,Orthotomus sutorius,Least concern
H10,Maret,Burung,2024,Cinenen Pisang,Orthotomus sutorius,Least concern
H11,Maret,Burung,2024,Cinenen Pisang,Orthotomus sutorius,Least concern
I12,Maret,Burung,2024,Cinenen Pisang,Orthotomus sutorius,Least concern
I13,Maret,Burung,2024,Cinenen Pisang,Orthotomus sutorius,Least concern
J14,Maret,Burung,2024,Cinenen Pisang,Orthotomus sutorius,Least concern
G16,Maret,Burung,2024,Cinenen Pisang,Orthotomus sutorius,Least concern
F13,Maret,Burung,2024,Cinenen Pisang,Orthotomus sutorius,Least concern
F15,Maret,Burung,2024,Cinenen Pisang,Orthotomus sutorius,Least concern
F16,Maret,Burung,2024,Cinenen Pisang,Orthotomus sutorius,Least concern
E15,Maret,Burung,2024,Cinenen Pisang,Orthotomus sutorius,Least concern
D13,Maret,Burung,2024,Cinenen Pisang,Orthotomus sutorius,Least concern
D14,Maret,Burung,2024,Cinenen Pisang,Orthotomus sutorius,Least concern
D15,Maret,Burung,2024,Cinenen Pisang,Orthotomus sutorius,Least concern
C15,Maret,Burung,2024,Cinenen Pisang,Orthotomus sutorius,Least concern
C21,Maret,Burung,2024,Cinenen Pisang,Orthotomus sutorius,Least concern
B16,Maret,Burung,2024,Cinenen Pisang,Orthotomus sutorius,Least concern
B17,Maret,Burung,2024,Cinenen Pisang,Orthotomus sutorius,Least concern
B19,Maret,Burung,2024,Cinenen Pisang,Orthotomus sutorius,Least concern
C10,Maret,Burung,2024,Cinenen Pisang,Orthotomus sutorius,Least concern
C9,Maret,Burung,2024,Cinenen Pisang,Orthotomus sutorius,Least concern
C6,Maret,Burung,2024,Cinenen Pisang,Orthotomus sutorius,Least concern
C7,Maret,Burung,2024,Cinenen Pisang,Orthotomus sutorius,Least concern
A16,November,Burung,2024,Cinenen Pisang,Orthotomus sutorius,Least concern
D14,November,Burung,2024,Cinenen Pisang,Orthotomus sutorius,Least concern
A15,November,Burung,2024,Cinenen Pisang,Orthotomus sutorius,Least concern
D11,November,Burung,2024,Cinenen Pisang,Orthotomus sutorius,Least concern
D13,November,Burung,2024,Cinenen Pisang,Orthotomus sutorius,Least concern
H10,November,Burung,2024,Cinenen Pisang,Orthotomus sutorius,Least concern
G8,November,Burung,2024,Cinenen Pisang,Orthotomus sutorius,Least concern
D10,November,Burung,2024,Cinenen Pisang,Orthotomus sutorius,Least concern
G16,November,Burung,2024,Cinenen Pisang,Orthotomus sutorius,Least concern
D9,November,Burung,2024,Cinenen Pisang,Orthotomus sutorius,Least concern
C6,November,Burung,2024,Cinenen Pisang,Orthotomus sutorius,Least concern
C9,November,Burung,2024,Cinenen Pisang,Orthotomus sutorius,Least concern
C5,November,Burung,2024,Cinenen Pisang,Orthotomus sutorius,Least concern
A16,Juli,Burung,2024,Cipoh Kacat,Aegithina tiphia,Least concern
A16,Juli,Burung,2024,Cipoh Kacat,Aegithina tiphia,Least concern
B14,Juli,Burung,2024,Cipoh Kacat,Aegithina tiphia,Least concern
B15,Juli,Burung,2024,Cipoh Kacat,Aegithina tiphia,Least concern
C1,Juli,Burung,2024,Cipoh Kacat,Aegithina tiphia,Least concern
C14,Juli,Burung,2024,Cipoh Kacat,Aegithina tiphia,Least concern
C19,Juli,Burung,2024,Cipoh Kacat,Aegithina tiphia,Least concern
C2,Juli,Burung,2024,Cipoh Kacat,Aegithina tiphia,Least concern
C4,Juli,Burung,2024,Cipoh Kacat,Aegithina tiphia,Least concern
C6,Juli,Burung,2024,Cipoh Kacat,Aegithina tiphia,Least concern
C8,Juli,Burung,2024,Cipoh Kacat,Aegithina tiphia,Least concern
D13,Juli,Burung,2024,Cipoh Kacat,Aegithina tiphia,Least concern
D15,Juli,Burung,2024,Cipoh Kacat,Aegithina tiphia,Least concern
D17,Juli,Burung,2024,Cipoh Kacat,Aegithina tiphia,Least concern
D8,Juli,Burung,2024,Cipoh Kacat,Aegithina tiphia,Least concern
E13,Juli,Burung,2024,Cipoh Kacat,Aegithina tiphia,Least concern
E14,Juli,Burung,2024,Cipoh Kacat,Aegithina tiphia,Least concern
E15,Juli,Burung,2024,Cipoh Kacat,Aegithina tiphia,Least concern
E16,Juli,Burung,2024,Cipoh Kacat,Aegithina tiphia,Least concern
E2,Juli,Burung,2024,Cipoh Kacat,Aegithina tiphia,Least concern
F10,Juli,Burung,2024,Cipoh Kacat,Aegithina tiphia,Least concern
F2,Juli,Burung,2024,Cipoh Kacat,Aegithina tiphia,Least concern
F3,Juli,Burung,2024,Cipoh Kacat,Aegithina tiphia,Least concern
F3,Juli,Burung,2024,Cipoh Kacat,Aegithina tiphia,Least concern
F5,Juli,Burung,2024,Cipoh Kacat,Aegithina tiphia,Least concern
F6,Juli,Burung,2024,Cipoh Kacat,Aegithina tiphia,Least concern
F8,Juli,Burung,2024,Cipoh Kacat,Aegithina tiphia,Least concern
G14,Juli,Burung,2024,Cipoh Kacat,Aegithina tiphia,Least concern
G15,Juli,Burung,2024,Cipoh Kacat,Aegithina tiphia,Least concern
G16,Juli,Burung,2024,Cipoh Kacat,Aegithina tiphia,Least concern
G7,Juli,Burung,2024,Cipoh Kacat,Aegithina tiphia,Least concern
G8,Juli,Burung,2024,Cipoh Kacat,Aegithina tiphia,Least concern
H12,Juli,Burung,2024,Cipoh Kacat,Aegithina tiphia,Least concern
I12,Juli,Burung,2024,Cipoh Kacat,Aegithina tiphia,Least concern
I13,Juli,Burung,2024,Cipoh Kacat,Aegithina tiphia,Least concern
J14,Juli,Burung,2024,Cipoh Kacat,Aegithina tiphia,Least concern
D9,Maret,Burung,2024,Cipoh Kacat,Aegithina tiphia,Least concern
D10,Maret,Burung,2024,Cipoh Kacat,Aegithina tiphia,Least concern
C8,Maret,Burung,2024,Cipoh Kacat,Aegithina tiphia,Least concern
D7,Maret,Burung,2024,Cipoh Kacat,Aegithina tiphia,Least concern
D6,Maret,Burung,2024,Cipoh Kacat,Aegithina tiphia,Least concern
D5,Maret,Burung,2024,Cipoh Kacat,Aegithina tiphia,Least concern
C5,Maret,Burung,2024,Cipoh Kacat,Aegithina tiphia,Least concern
C3,Maret,Burung,2024,Cipoh Kacat,Aegithina tiphia,Least concern
D3,Maret,Burung,2024,Cipoh Kacat,Aegithina tiphia,Least concern
D2,Maret,Burung,2024,Cipoh Kacat,Aegithina tiphia,Least concern
D1,Maret,Burung,2024,Cipoh Kacat,Aegithina tiphia,Least concern
C2,Maret,Burung,2024,Cipoh Kacat,Aegithina tiphia,Least concern
D11,Maret,Burung,2024,Cipoh Kacat,Aegithina tiphia,Least concern
F10,Maret,Burung,2024,Cipoh Kacat,Aegithina tiphia,Least concern
F9,Maret,Burung,2024,Cipoh Kacat,Aegithina tiphia,Least concern
F8,Maret,Burung,2024,Cipoh Kacat,Aegithina tiphia,Least concern
F4,Maret,Burung,2024,Cipoh Kacat,Aegithina tiphia,Least concern
F3,Maret,Burung,2024,Cipoh Kacat,Aegithina tiphia,Least concern
F2,Maret,Burung,2024,Cipoh Kacat,Aegithina tiphia,Least concern
C18,Maret,Burung,2024,Cipoh Kacat,Aegithina tiphia,Least concern
E7,Maret,Burung,2024,Cipoh Kacat,Aegithina tiphia,Least concern
E4,Maret,Burung,2024,Cipoh Kacat,Aegithina tiphia,Least concern
G8,Maret,Burung,2024,Cipoh Kacat,Aegithina tiphia,Least concern
G7,Maret,Burung,2024,Cipoh Kacat,Aegithina tiphia,Least concern
I9,Maret,Burung,2024,Cipoh Kacat,Aegithina tiphia,Least concern
I11,Maret,Burung,2024,Cipoh Kacat,Aegithina tiphia,Least concern
J14,Maret,Burung,2024,Cipoh Kacat,Aegithina tiphia,Least concern
H14,Maret,Burung,2024,Cipoh Kacat,Aegithina tiphia,Least concern
G13,Maret,Burung,2024,Cipoh Kacat,Aegithina tiphia,Least concern
G14,Maret,Burung,2024,Cipoh Kacat,Aegithina tiphia,Least concern
G15,Maret,Burung,2024,Cipoh Kacat,Aegithina tiphia,Least concern
F16,Maret,Burung,2024,Cipoh Kacat,Aegithina tiphia,Least concern
E14,Maret,Burung,2024,Cipoh Kacat,Aegithina tiphia,Least concern
E15,Maret,Burung,2024,Cipoh Kacat,Aegithina tiphia,Least concern
E16,Maret,Burung,2024,Cipoh Kacat,Aegithina tiphia,Least concern
D13,Maret,Burung,2024,Cipoh Kacat,Aegithina tiphia,Least concern
D14,Maret,Burung,2024,Cipoh Kacat,Aegithina tiphia,Least concern
D15,Maret,Burung,2024,Cipoh Kacat,Aegithina tiphia,Least concern
D16,Maret,Burung,2024,Cipoh Kacat,Aegithina tiphia,Least concern
D17,Maret,Burung,2024,Cipoh Kacat,Aegithina tiphia,Least concern
D18,Maret,Burung,2024,Cipoh Kacat,Aegithina tiphia,Least concern
D19,Maret,Burung,2024,Cipoh Kacat,Aegithina tiphia,Least concern
D20,Maret,Burung,2024,Cipoh Kacat,Aegithina tiphia,Least concern
C14,Maret,Burung,2024,Cipoh Kacat,Aegithina tiphia,Least concern
C15,Maret,Burung,2024,Cipoh Kacat,Aegithina tiphia,Least concern
C16,Maret,Burung,2024,Cipoh Kacat,Aegithina tiphia,Least concern
C17,Maret,Burung,2024,Cipoh Kacat,Aegithina tiphia,Least concern
C18,Maret,Burung,2024,Cipoh Kacat,Aegithina tiphia,Least concern
C19,Maret,Burung,2024,Cipoh Kacat,Aegithina tiphia,Least concern
C20,Maret,Burung,2024,Cipoh Kacat,Aegithina tiphia,Least concern
C21,Maret,Burung,2024,Cipoh Kacat,Aegithina tiphia,Least concern
B15,Maret,Burung,2024,Cipoh Kacat,Aegithina tiphia,Least concern
B16,Maret,Burung,2024,Cipoh Kacat,Aegithina tiphia,Least concern
B17,Maret,Burung,2024,Cipoh Kacat,Aegithina tiphia,Least concern
B19,Maret,Burung,2024,Cipoh Kacat,Aegithina tiphia,Least concern
A16,Maret,Burung,2024,Cipoh Kacat,Aegithina tiphia,Least concern
A15,Maret,Burung,2024,Cipoh Kacat,Aegithina tiphia,Least concern
C10,Maret,Burung,2024,Cipoh Kacat,Aegithina tiphia,Least concern
C9,Maret,Burung,2024,Cipoh Kacat,Aegithina tiphia,Least concern
C7,Maret,Burung,2024,Cipoh Kacat,Aegithina tiphia,Least concern
H13,Maret,Burung,2024,Cipoh Kacat,Aegithina tiphia,Least concern
D14,November,Burung,2024,Cipoh Kacat,Aegithina tiphia,Least concern
A16,November,Burung,2024,Cipoh Kacat,Aegithina tiphia,Least concern
B17,November,Burung,2024,Cipoh Kacat,Aegithina tiphia,Least concern
F6,November,Burung,2024,Cipoh Kacat,Aegithina tiphia,Least concern
E5,November,Burung,2024,Cipoh Kacat,Aegithina tiphia,Least concern
C15,November,Burung,2024,Cipoh Kacat,Aegithina tiphia,Least concern
D18,November,Burung,2024,Cipoh Kacat,Aegithina tiphia,Least concern
B19,November,Burung,2024,Cipoh Kacat,Aegithina tiphia,Least concern
E7,November,Burung,2024,Cipoh Kacat,Aegithina tiphia,Least concern
C8,November,Burung,2024,Cipoh Kacat,Aegithina tiphia,Least concern
E3,November,Burung,2024,Cipoh Kacat,Aegithina tiphia,Least concern
C9,November,Burung,2024,Cipoh Kacat,Aegithina tiphia,Least concern
D8,November,Burung,2024,Cipoh Kacat,Aegithina tiphia,Least concern
F3,November,Burung,2024,Cipoh Kacat,Aegithina tiphia,Least concern
C4,November,Burung,2024,Cipoh Kacat,Aegithina tiphia,Least concern
D4,November,Burung,2024,Cipoh Kacat,Aegithina tiphia,Least concern
C7,November,Burung,2024,Cipoh Kacat,Aegithina tiphia,Least concern
C8,November,Burung,2024,Cipoh Kacat,Aegithina tiphia,Least concern
D5,November,Burung,2024,Cipoh Kacat,Aegithina tiphia,Least concern
C15,November,Burung,2024,Cipoh Kacat,Aegithina tiphia,Least concern
C17,November,Burung,2024,Cipoh Kacat,Aegithina tiphia,Least concern
D19,November,Burung,2024,Cipoh Kacat,Aegithina tiphia,Least concern
D6,November,Burung,2024,Cipoh Kacat,Aegithina tiphia,Least concern
G16,November,Burung,2024,Cipoh Kacat,Aegithina tiphia,Least concern
A15,November,Burung,2024,Cipoh Kacat,Aegithina tiphia,Least concern
A16,Juli,Burung,2024,Cucak Kuning,Rubigula dispar,Vulnerable
E18,Juli,Burung,2024,Cucak Kuning,Rubigula dispar,Vulnerable
D11,Maret,Burung,2024,Cucak Kuning,Rubigula dispar,Vulnerable
F5,Maret,Burung,2024,Cucak Kuning,Rubigula dispar,Vulnerable
C18,Maret,Burung,2024,Cucak Kuning,Rubigula dispar,Vulnerable
I14,Maret,Burung,2024,Cucak Kuning,Rubigula dispar,Vulnerable
D17,Maret,Burung,2024,Cucak Kuning,Rubigula dispar,Vulnerable
D19,Maret,Burung,2024,Cucak Kuning,Rubigula dispar,Vulnerable
C14,Maret,Burung,2024,Cucak Kuning,Rubigula dispar,Vulnerable
C18,Maret,Burung,2024,Cucak Kuning,Rubigula dispar,Vulnerable
C21,Maret,Burung,2024,Cucak Kuning,Rubigula dispar,Vulnerable
B19,Maret,Burung,2024,Cucak Kuning,Rubigula dispar,Vulnerable
A16,November,Burung,2024,Cucak Kuning,Rubigula dispar,Least concern
D2,Maret,Burung,2024,Cucak Kuricang,Brachypodius atriceps,Least concern
E15,Maret,Burung,2024,Cucak Kuricang,Brachypodius atriceps,Least concern
C9,Maret,Burung,2024,Cucak Kuricang,Brachypodius atriceps,Least concern
B15,November,Burung,2024,Cucak Kuricang,Brachypodius atriceps,Least concern
B16,November,Burung,2024,Cucak Kuricang,Brachypodius atriceps,Least concern
C10,Juli,Burung,2024,Cucak Kutilang,Pycnonotus aurigaster,Least concern
D13,Juli,Burung,2024,Cucak Kutilang,Pycnonotus aurigaster,Least concern
D19,Juli,Burung,2024,Cucak Kutilang,Pycnonotus aurigaster,Least concern
D4,Juli,Burung,2024,Cucak Kutilang,Pycnonotus aurigaster,Least concern
E13,Juli,Burung,2024,Cucak Kutilang,Pycnonotus aurigaster,Least concern
E5,Juli,Burung,2024,Cucak Kutilang,Pycnonotus aurigaster,Least concern
F10,Juli,Burung,2024,Cucak Kutilang,Pycnonotus aurigaster,Least concern
F16,Juli,Burung,2024,Cucak Kutilang,Pycnonotus aurigaster,Least concern
F2,Juli,Burung,2024,Cucak Kutilang,Pycnonotus aurigaster,Least concern
F3,Juli,Burung,2024,Cucak Kutilang,Pycnonotus aurigaster,Least concern
F4,Juli,Burung,2024,Cucak Kutilang,Pycnonotus aurigaster,Least concern
G10,Juli,Burung,2024,Cucak Kutilang,Pycnonotus aurigaster,Least concern
G16,Juli,Burung,2024,Cucak Kutilang,Pycnonotus aurigaster,Least concern
H11,Juli,Burung,2024,Cucak Kutilang,Pycnonotus aurigaster,Least concern
I13,Juli,Burung,2024,Cucak Kutilang,Pycnonotus aurigaster,Least concern
D9,Maret,Burung,2024,Cucak Kutilang,Pycnonotus aurigaster,Least concern
D10,Maret,Burung,2024,Cucak Kutilang,Pycnonotus aurigaster,Least concern
D8,Maret,Burung,2024,Cucak Kutilang,Pycnonotus aurigaster,Least concern
D6,Maret,Burung,2024,Cucak Kutilang,Pycnonotus aurigaster,Least concern
D5,Maret,Burung,2024,Cucak Kutilang,Pycnonotus aurigaster,Least concern
D4,Maret,Burung,2024,Cucak Kutilang,Pycnonotus aurigaster,Least concern
C2,Maret,Burung,2024,Cucak Kutilang,Pycnonotus aurigaster,Least concern
F10,Maret,Burung,2024,Cucak Kutilang,Pycnonotus aurigaster,Least concern
F9,Maret,Burung,2024,Cucak Kutilang,Pycnonotus aurigaster,Least concern
F8,Maret,Burung,2024,Cucak Kutilang,Pycnonotus aurigaster,Least concern
F7,Maret,Burung,2024,Cucak Kutilang,Pycnonotus aurigaster,Least concern
E3,Maret,Burung,2024,Cucak Kutilang,Pycnonotus aurigaster,Least concern
E2,Maret,Burung,2024,Cucak Kutilang,Pycnonotus aurigaster,Least concern
G10,Maret,Burung,2024,Cucak Kutilang,Pycnonotus aurigaster,Least concern
G9,Maret,Burung,2024,Cucak Kutilang,Pycnonotus aurigaster,Least concern
G8,Maret,Burung,2024,Cucak Kutilang,Pycnonotus aurigaster,Least concern
I9,Maret,Burung,2024,Cucak Kutilang,Pycnonotus aurigaster,Least concern
H10,Maret,Burung,2024,Cucak Kutilang,Pycnonotus aurigaster,Least concern
H11,Maret,Burung,2024,Cucak Kutilang,Pycnonotus aurigaster,Least concern
I11,Maret,Burung,2024,Cucak Kutilang,Pycnonotus aurigaster,Least concern
I12,Maret,Burung,2024,Cucak Kutilang,Pycnonotus aurigaster,Least concern
I13,Maret,Burung,2024,Cucak Kutilang,Pycnonotus aurigaster,Least concern
J13,Maret,Burung,2024,Cucak Kutilang,Pycnonotus aurigaster,Least concern
J14,Maret,Burung,2024,Cucak Kutilang,Pycnonotus aurigaster,Least concern
H14,Maret,Burung,2024,Cucak Kutilang,Pycnonotus aurigaster,Least concern
G13,Maret,Burung,2024,Cucak Kutilang,Pycnonotus aurigaster,Least concern
E14,Maret,Burung,2024,Cucak Kutilang,Pycnonotus aurigaster,Least concern
E16,Maret,Burung,2024,Cucak Kutilang,Pycnonotus aurigaster,Least concern
D13,Maret,Burung,2024,Cucak Kutilang,Pycnonotus aurigaster,Least concern
D15,Maret,Burung,2024,Cucak Kutilang,Pycnonotus aurigaster,Least concern
D19,Maret,Burung,2024,Cucak Kutilang,Pycnonotus aurigaster,Least concern
C21,Maret,Burung,2024,Cucak Kutilang,Pycnonotus aurigaster,Least concern
B14,Maret,Burung,2024,Cucak Kutilang,Pycnonotus aurigaster,Least concern
B16,Maret,Burung,2024,Cucak Kutilang,Pycnonotus aurigaster,Least concern
C10,Maret,Burung,2024,Cucak Kutilang,Pycnonotus aurigaster,Least concern
C9,Maret,Burung,2024,Cucak Kutilang,Pycnonotus aurigaster,Least concern
C7,Maret,Burung,2024,Cucak Kutilang,Pycnonotus aurigaster,Least concern
H12,Maret,Burung,2024,Cucak Kutilang,Pycnonotus aurigaster,Least concern
B17,November,Burung,2024,Cucak Kutilang,Pycnonotus aurigaster,Least concern
B19,November,Burung,2024,Cucak Kutilang,Pycnonotus aurigaster,Least concern
C10,November,Burung,2024,Cucak Kutilang,Pycnonotus aurigaster,Least concern
C14,November,Burung,2024,Cucak Kutilang,Pycnonotus aurigaster,Least concern
C15,November,Burung,2024,Cucak Kutilang,Pycnonotus aurigaster,Least concern
F9,November,Burung,2024,Cucak Kutilang,Pycnonotus aurigaster,Least concern
F8,November,Burung,2024,Cucak Kutilang,Pycnonotus aurigaster,Least concern
A16,November,Burung,2024,Cucak Kutilang,Pycnonotus aurigaster,Least concern
E15,November,Burung,2024,Cucak Kutilang,Pycnonotus aurigaster,Least concern
G16,November,Burung,2024,Cucak Kutilang,Pycnonotus aurigaster,Least concern
F7,November,Burung,2024,Cucak Kutilang,Pycnonotus aurigaster,Least concern
F16,November,Burung,2024,Cucak Kutilang,Pycnonotus aurigaster,Least concern
D13,Juli,Burung,2024,Delimukan Zamrud,Chalcophaps indica,Least concern
E13,Juli,Burung,2024,Delimukan Zamrud,Chalcophaps indica,Least concern
F7,Juli,Burung,2024,Delimukan Zamrud,Chalcophaps indica,Least concern
G15,Juli,Burung,2024,Delimukan Zamrud,Chalcophaps indica,Least concern
D9,Maret,Burung,2024,Delimukan Zamrud,Chalcophaps indica,Least concern
D7,Maret,Burung,2024,Delimukan Zamrud,Chalcophaps indica,Least concern
C2,Maret,Burung,2024,Delimukan Zamrud,Chalcophaps indica,Least concern
F10,Maret,Burung,2024,Delimukan Zamrud,Chalcophaps indica,Least concern
E7,Maret,Burung,2024,Delimukan Zamrud,Chalcophaps indica,Least concern
G10,Maret,Burung,2024,Delimukan Zamrud,Chalcophaps indica,Least concern
H11,Maret,Burung,2024,Delimukan Zamrud,Chalcophaps indica,Least concern
J14,Maret,Burung,2024,Delimukan Zamrud,Chalcophaps indica,Least concern
G13,Maret,Burung,2024,Delimukan Zamrud,Chalcophaps indica,Least concern
G16,Maret,Burung,2024,Delimukan Zamrud,Chalcophaps indica,Least concern
F13,Maret,Burung,2024,Delimukan Zamrud,Chalcophaps indica,Least concern
F14,Maret,Burung,2024,Delimukan Zamrud,Chalcophaps indica,Least concern
F15,Maret,Burung,2024,Delimukan Zamrud,Chalcophaps indica,Least concern
F16,Maret,Burung,2024,Delimukan Zamrud,Chalcophaps indica,Least concern
E13,Maret,Burung,2024,Delimukan Zamrud,Chalcophaps indica,Least concern
E14,Maret,Burung,2024,Delimukan Zamrud,Chalcophaps indica,Least concern
E15,Maret,Burung,2024,Delimukan Zamrud,Chalcophaps indica,Least concern
D14,Maret,Burung,2024,Delimukan Zamrud,Chalcophaps indica,Least concern
D15,Maret,Burung,2024,Delimukan Zamrud,Chalcophaps indica,Least concern
D17,Maret,Burung,2024,Delimukan Zamrud,Chalcophaps indica,Least concern
E18,Maret,Burung,2024,Delimukan Zamrud,Chalcophaps indica,Least concern
D19,Maret,Burung,2024,Delimukan Zamrud,Chalcophaps indica,Least concern
C18,Maret,Burung,2024,Delimukan Zamrud,Chalcophaps indica,Least concern
C19,Maret,Burung,2024,Delimukan Zamrud,Chalcophaps indica,Least concern
C20,Maret,Burung,2024,Delimukan Zamrud,Chalcophaps indica,Least concern
B15,Maret,Burung,2024,Delimukan Zamrud,Chalcophaps indica,Least concern
B18,Maret,Burung,2024,Delimukan Zamrud,Chalcophaps indica,Least concern
H12,Maret,Burung,2024,Delimukan Zamrud,Chalcophaps indica,Least concern
H13,Maret,Burung,2024,Delimukan Zamrud,Chalcophaps indica,Least concern
A16,November,Burung,2024,Delimukan Zamrud,Chalcophaps indica,Least concern
B16,November,Burung,2024,Delimukan Zamrud,Chalcophaps indica,Least concern
D6,November,Burung,2024,Delimukan Zamrud,Chalcophaps indica,Least concern
E7,November,Burung,2024,Delimukan Zamrud,Chalcophaps indica,Least concern
C21,Maret,Burung,2024,Elang Hitam,Ictinaetus malaiensis,Least concern
D19,Juli,Burung,2024,Elang Ular Bido,Spilornis cheela,Least concern
F15,Juli,Burung,2024,Elang Ular Bido,Spilornis cheela,Least concern
H13,Juli,Burung,2024,Elang Ular Bido,Spilornis cheela,Least concern
H9,Juli,Burung,2024,Elang Ular Bido,Spilornis cheela,Least concern
D6,Maret,Burung,2024,Elang Ular Bido,Spilornis cheela,Least concern
D4,Maret,Burung,2024,Elang Ular Bido,Spilornis cheela,Least concern
D2,Maret,Burung,2024,Elang Ular Bido,Spilornis cheela,Least concern
D11,Maret,Burung,2024,Elang Ular Bido,Spilornis cheela,Least concern
F8,Maret,Burung,2024,Elang Ular Bido,Spilornis cheela,Least concern
F4,Maret,Burung,2024,Elang Ular Bido,Spilornis cheela,Least concern
I12,Maret,Burung,2024,Elang Ular Bido,Spilornis cheela,Least concern
G14,Maret,Burung,2024,Elang Ular Bido,Spilornis cheela,Least concern
B17,Maret,Burung,2024,Elang Ular Bido,Spilornis cheela,Least concern
B19,Maret,Burung,2024,Elang Ular Bido,Spilornis cheela,Least concern
B16,November,Burung,2024,Elang Ular Bido,Spilornis cheela,Least concern
C1,November,Burung,2024,Elang Ular Bido,Spilornis cheela,Least concern
F7,November,Burung,2024,Elang Ular Bido,Spilornis cheela,Least concern
D14,November,Burung,2024,Elang Ular Bido,Spilornis cheela,Least concern
D1,November,Burung,2024,Elang Ular Bido,Spilornis cheela,Least concern
F6,November,Burung,2024,Elang Ular Bido,Spilornis cheela,Least concern
E5,November,Burung,2024,Elang Ular Bido,Spilornis cheela,Least concern
C15,November,Burung,2024,Elang Ular Bido,Spilornis cheela,Least concern
D18,November,Burung,2024,Elang Ular Bido,Spilornis cheela,Least concern
B19,November,Burung,2024,Elang Ular Bido,Spilornis cheela,Least concern
F5,November,Burung,2024,Elang Ular Bido,Spilornis cheela,Least concern
F16,November,Burung,2024,Elang Ular Bido,Spilornis cheela,Least concern
F4,November,Burung,2024,Elang Ular Bido,Spilornis cheela,Least concern
D20,November,Burung,2024,Elang Ular Bido,Spilornis cheela,Least concern
F3,November,Burung,2024,Elang Ular Bido,Spilornis cheela,Least concern
F2,November,Burung,2024,Elang Ular Bido,Spilornis cheela,Least concern
D14,November,Burung,2024,Elang Ular Bido,Spilornis cheela,Least concern
D13,November,Burung,2024,Elang Ular Bido,Spilornis cheela,Least concern
E2,November,Burung,2024,Elang Ular Bido,Spilornis cheela,Least concern
A15,November,Burung,2024,Elang Ular Bido,Spilornis cheela,Least concern
G16,November,Burung,2024,Elang Ular Bido,Spilornis cheela,Least concern
F2,Juli,Burung,2024,Gelatik Batu Kelabu,Parus major,Least concern
C9,Juli,Burung,2024,Gelatik Jawa,Padda oryzivora,Endangered
B17,Juli,Burung,2024,Jingjing Batu,Hemipus hirundinaceus,Least concern
B18,Juli,Burung,2024,Jingjing Batu,Hemipus hirundinaceus,Least concern
C15,Juli,Burung,2024,Jingjing Batu,Hemipus hirundinaceus,Least concern
C16,Juli,Burung,2024,Jingjing Batu,Hemipus hirundinaceus,Least concern
C17,Juli,Burung,2024,Jingjing Batu,Hemipus hirundinaceus,Least concern
C6,Juli,Burung,2024,Jingjing Batu,Hemipus hirundinaceus,Least concern
D16,Juli,Burung,2024,Jingjing Batu,Hemipus hirundinaceus,Least concern
D17,Juli,Burung,2024,Jingjing Batu,Hemipus hirundinaceus,Least concern
E13,Juli,Burung,2024,Jingjing Batu,Hemipus hirundinaceus,Least concern
E14,Juli,Burung,2024,Jingjing Batu,Hemipus hirundinaceus,Least concern
E5,Juli,Burung,2024,Jingjing Batu,Hemipus hirundinaceus,Least concern
F10,Juli,Burung,2024,Jingjing Batu,Hemipus hirundinaceus,Least concern
F7,Juli,Burung,2024,Jingjing Batu,Hemipus hirundinaceus,Least concern
I12,Juli,Burung,2024,Jingjing Batu,Hemipus hirundinaceus,Least concern
J13,Juli,Burung,2024,Jingjing Batu,Hemipus hirundinaceus,Least concern
C5,Maret,Burung,2024,Jingjing Batu,Hemipus hirundinaceus,Least concern
C3,Maret,Burung,2024,Jingjing Batu,Hemipus hirundinaceus,Least concern
C2,Maret,Burung,2024,Jingjing Batu,Hemipus hirundinaceus,Least concern
F10,Maret,Burung,2024,Jingjing Batu,Hemipus hirundinaceus,Least concern
F6,Maret,Burung,2024,Jingjing Batu,Hemipus hirundinaceus,Least concern
F4,Maret,Burung,2024,Jingjing Batu,Hemipus hirundinaceus,Least concern
E8,Maret,Burung,2024,Jingjing Batu,Hemipus hirundinaceus,Least concern
E2,Maret,Burung,2024,Jingjing Batu,Hemipus hirundinaceus,Least concern
H11,Maret,Burung,2024,Jingjing Batu,Hemipus hirundinaceus,Least concern
I11,Maret,Burung,2024,Jingjing Batu,Hemipus hirundinaceus,Least concern
I12,Maret,Burung,2024,Jingjing Batu,Hemipus hirundinaceus,Least concern
J14,Maret,Burung,2024,Jingjing Batu,Hemipus hirundinaceus,Least concern
H14,Maret,Burung,2024,Jingjing Batu,Hemipus hirundinaceus,Least concern
F15,Maret,Burung,2024,Jingjing Batu,Hemipus hirundinaceus,Least concern
E16,Maret,Burung,2024,Jingjing Batu,Hemipus hirundinaceus,Least concern
D18,Maret,Burung,2024,Jingjing Batu,Hemipus hirundinaceus,Least concern
C17,Maret,Burung,2024,Jingjing Batu,Hemipus hirundinaceus,Least concern
C19,Maret,Burung,2024,Jingjing Batu,Hemipus hirundinaceus,Least concern
C21,Maret,Burung,2024,Jingjing Batu,Hemipus hirundinaceus,Least concern
A16,Maret,Burung,2024,Jingjing Batu,Hemipus hirundinaceus,Least concern
C10,Maret,Burung,2024,Jingjing Batu,Hemipus hirundinaceus,Least concern
C9,Maret,Burung,2024,Jingjing Batu,Hemipus hirundinaceus,Least concern
E3,November,Burung,2024,Jingjing Batu,Hemipus hirundinaceus,Least concern
F6,November,Burung,2024,Jingjing Batu,Hemipus hirundinaceus,Least concern
E5,November,Burung,2024,Jingjing Batu,Hemipus hirundinaceus,Least concern
C15,November,Burung,2024,Jingjing Batu,Hemipus hirundinaceus,Least concern
D18,November,Burung,2024,Jingjing Batu,Hemipus hirundinaceus,Least concern
B19,November,Burung,2024,Jingjing Batu,Hemipus hirundinaceus,Least concern
E4,November,Burung,2024,Jingjing Batu,Hemipus hirundinaceus,Least concern
E16,November,Burung,2024,Jingjing Batu,Hemipus hirundinaceus,Least concern
D14,November,Burung,2024,Jingjing Batu,Hemipus hirundinaceus,Least concern
E6,November,Burung,2024,Jingjing Batu,Hemipus hirundinaceus,Least concern
E15,November,Burung,2024,Jingjing Petulak,Tephrodornis virgatus,Least concern
G16,November,Burung,2024,Jingjing Petulak,Tephrodornis virgatus,Least concern
C6,Juli,Burung,2024,Jingjing Petulak,Tephrodornis virgatus,Least concern
C3,Juli,Burung,2024,Kadalan Birah,Phaenicophaeus curvirostris,Least concern
C7,Juli,Burung,2024,Kadalan Birah,Phaenicophaeus curvirostris,Least concern
C8,Juli,Burung,2024,Kadalan Birah,Phaenicophaeus curvirostris,Least concern
D9,Juli,Burung,2024,Kadalan Birah,Phaenicophaeus curvirostris,Least concern
E14,Juli,Burung,2024,Kadalan Birah,Phaenicophaeus curvirostris,Least concern
E8,Juli,Burung,2024,Kadalan Birah,Phaenicophaeus curvirostris,Least concern
F7,Juli,Burung,2024,Kadalan Birah,Phaenicophaeus curvirostris,Least concern
G16,Juli,Burung,2024,Kadalan Birah,Phaenicophaeus curvirostris,Least concern
G8,Juli,Burung,2024,Kadalan Birah,Phaenicophaeus curvirostris,Least concern
D6,Maret,Burung,2024,Kadalan Birah,Phaenicophaeus curvirostris,Least concern
C5,Maret,Burung,2024,Kadalan Birah,Phaenicophaeus curvirostris,Least concern
D11,Maret,Burung,2024,Kadalan Birah,Phaenicophaeus curvirostris,Least concern
F10,Maret,Burung,2024,Kadalan Birah,Phaenicophaeus curvirostris,Least concern
F9,Maret,Burung,2024,Kadalan Birah,Phaenicophaeus curvirostris,Least concern
F5,Maret,Burung,2024,Kadalan Birah,Phaenicophaeus curvirostris,Least concern
G13,Maret,Burung,2024,Kadalan Birah,Phaenicophaeus curvirostris,Least concern
D15,Maret,Burung,2024,Kadalan Birah,Phaenicophaeus curvirostris,Least concern
D19,Maret,Burung,2024,Kadalan Birah,Phaenicophaeus curvirostris,Least concern
D20,Maret,Burung,2024,Kadalan Birah,Phaenicophaeus curvirostris,Least concern
C17,Maret,Burung,2024,Kadalan Birah,Phaenicophaeus curvirostris,Least concern
C19,Maret,Burung,2024,Kadalan Birah,Phaenicophaeus curvirostris,Least concern
C21,Maret,Burung,2024,Kadalan Birah,Phaenicophaeus curvirostris,Least concern
B18,Maret,Burung,2024,Kadalan Birah,Phaenicophaeus curvirostris,Least concern
A16,Maret,Burung,2024,Kadalan Birah,Phaenicophaeus curvirostris,Least concern
C4,Maret,Burung,2024,Kadalan Birah,Phaenicophaeus curvirostris,Least concern
C7,Maret,Burung,2024,Kadalan Birah,Phaenicophaeus curvirostris,Least concern
C9,November,Burung,2024,Kadalan Birah,Phaenicophaeus curvirostris,Least concern
B15,November,Burung,2024,Kadalan Birah,Phaenicophaeus curvirostris,Least concern
G9,November,Burung,2024,Kadalan Birah,Phaenicophaeus curvirostris,Least concern
H9,November,Burung,2024,Kadalan Birah,Phaenicophaeus curvirostris,Least concern
D14,November,Burung,2024,Kadalan Birah,Phaenicophaeus curvirostris,Least concern
F7,November,Burung,2024,Kadalan Birah,Phaenicophaeus curvirostris,Least concern
A16,November,Burung,2024,Kadalan Birah,Phaenicophaeus curvirostris,Least concern
G16,November,Burung,2024,Kadalan Birah,Phaenicophaeus curvirostris,Least concern
C6,Juli,Burung,2024,Kadalan Kembang,Phaenicophaeus javanicus,Least concern
I11,Juli,Burung,2024,Kadalan Kembang,Phaenicophaeus javanicus,Least concern
G16,November,Burung,2024,Kadalan Kembang,Phaenicophaeus javanicus,Least concern
D13,Juli,Burung,2024,Kareo Padi,Amaurornis phoenicurus,Least concern
C16,Juli,Burung,2024,Kedasi Hitam,Surniculus lugubris,Least concern
F7,Juli,Burung,2024,Kedasi Hitam,Surniculus lugubris,Least concern
C3,Maret,Burung,2024,Kedasi Hitam,Surniculus lugubris,Least concern
F3,Maret,Burung,2024,Kedasi Hitam,Surniculus lugubris,Least concern
E3,Maret,Burung,2024,Kedasi Hitam,Surniculus lugubris,Least concern
G10,Maret,Burung,2024,Kedasi Hitam,Surniculus lugubris,Least concern
H10,Maret,Burung,2024,Kedasi Hitam,Surniculus lugubris,Least concern
F15,Maret,Burung,2024,Kedasi Hitam,Surniculus lugubris,Least concern
F16,Maret,Burung,2024,Kedasi Hitam,Surniculus lugubris,Least concern
E18,Maret,Burung,2024,Kedasi Hitam,Surniculus lugubris,Least concern
B16,Maret,Burung,2024,Kedasi Hitam,Surniculus lugubris,Least concern
B19,Maret,Burung,2024,Kedasi Hitam,Surniculus lugubris,Least concern
C9,Maret,Burung,2024,Kedasi Hitam,Surniculus lugubris,Least concern
F10,November,Burung,2024,Kedasi Hitam,Surniculus lugubris,Least concern
D1,November,Burung,2024,Kedasi Hitam,Surniculus lugubris,Least concern
D8,November,Burung,2024,Kedasi Hitam,Surniculus lugubris,Least concern
D9,November,Burung,2024,Kedasi Hitam,Surniculus lugubris,Least concern
F7,November,Burung,2024,Kedasi Hitam,Surniculus lugubris,Least concern
I9,November,Burung,2024,Kedasi Hitam,Surniculus lugubris,Least concern
F10,Maret,Burung,2024,Kedasi Ungu,Chrysococcyx xanthorhynchus,Least concern
D14,November,Burung,2024,Kedasi Ungu,Chrysococcyx xanthorhynchus,Least concern
E6,November,Burung,2024,Kedasi Ungu,Chrysococcyx xanthorhynchus,Least concern
C6,Juli,Burung,2024,Kedasi Hitam,Surniculus lugubris,Least concern
J13,Juli,Burung,2024,Kehicap Ranting,Hypothymis azurea,Least concern
E8,Maret,Burung,2024,Kehicap Ranting,Hypothymis azurea,Least concern
H10,November,Burung,2024,Kehicap Ranting,Hypothymis azurea,Least concern
F16,November,Burung,2024,Kehicap Ranting,Hypothymis azurea,Least concern
H11,November,Burung,2024,Kehicap Ranting,Hypothymis azurea,Least concern
H10,Juli,Burung,2024,Kirik Kirik Senja,Merops leschenaulti,Least concern
G8,Maret,Burung,2024,Kirik Kirik Senja,Merops leschenaulti,Least concern
I9,Maret,Burung,2024,Kirik Kirik Senja,Merops leschenaulti,Least concern
H10,Maret,Burung,2024,Kirik Kirik Senja,Merops leschenaulti,Least concern
G15,Maret,Burung,2024,Kirik Kirik Senja,Merops leschenaulti,Least concern
H12,November,Burung,2024,Layang Layang Batu,Hirundo javanica,Least concern
E14,November,Burung,2024,Layang Layang Batu,Hirundo javanica,Least concern
E15,November,Burung,2024,Layang Layang Batu,Hirundo javanica,Least concern
I11,November,Burung,2024,Layang Layang Batu,Hirundo javanica,Least concern
D14,November,Burung,2024,Layang Layang Batu,Hirundo javanica,Least concern
C16,November,Burung,2024,Layang Layang Batu,Hirundo javanica,Least concern
G16,November,Burung,2024,Layang Layang Batu,Hirundo javanica,Least concern
D14,November,Burung,2024,Layang Layang Batu,Hirundo javanica,Least concern
C1,Juli,Burung,2024,Merbah Cerukcuk,Pycnonotus goiavier,Least concern
C8,Juli,Burung,2024,Merbah Cerukcuk,Pycnonotus goiavier,Least concern
C8,Juli,Burung,2024,Merbah Cerukcuk,Pycnonotus goiavier,Least concern
D1,Juli,Burung,2024,Merbah Cerukcuk,Pycnonotus goiavier,Least concern
D4,Juli,Burung,2024,Merbah Cerukcuk,Pycnonotus goiavier,Least concern
D4,Juli,Burung,2024,Merbah Cerukcuk,Pycnonotus goiavier,Least concern
A15,Juli,Burung,2024,Merbah Corok Corok,Pycnonotus simplex,Least concern
A16,Juli,Burung,2024,Merbah Corok Corok,Pycnonotus simplex,Least concern
A16,Juli,Burung,2024,Merbah Corok Corok,Pycnonotus simplex,Least concern
B17,Juli,Burung,2024,Merbah Corok Corok,Pycnonotus simplex,Least concern
B18,Juli,Burung,2024,Merbah Corok Corok,Pycnonotus simplex,Least concern
C15,Juli,Burung,2024,Merbah Corok Corok,Pycnonotus simplex,Least concern
C16,Juli,Burung,2024,Merbah Corok Corok,Pycnonotus simplex,Least concern
C17,Juli,Burung,2024,Merbah Corok Corok,Pycnonotus simplex,Least concern
C20,Juli,Burung,2024,Merbah Corok Corok,Pycnonotus simplex,Least concern
C21,Juli,Burung,2024,Merbah Corok Corok,Pycnonotus simplex,Least concern
D1,Juli,Burung,2024,Merbah Corok Corok,Pycnonotus simplex,Least concern
D14,Juli,Burung,2024,Merbah Corok Corok,Pycnonotus simplex,Least concern
D15,Juli,Burung,2024,Merbah Corok Corok,Pycnonotus simplex,Least concern
D16,Juli,Burung,2024,Merbah Corok Corok,Pycnonotus simplex,Least concern
D17,Juli,Burung,2024,Merbah Corok Corok,Pycnonotus simplex,Least concern
D18,Juli,Burung,2024,Merbah Corok Corok,Pycnonotus simplex,Least concern
D19,Juli,Burung,2024,Merbah Corok Corok,Pycnonotus simplex,Least concern
D20,Juli,Burung,2024,Merbah Corok Corok,Pycnonotus simplex,Least concern
E14,Juli,Burung,2024,Merbah Corok Corok,Pycnonotus simplex,Least concern
E15,Juli,Burung,2024,Merbah Corok Corok,Pycnonotus simplex,Least concern
E15,Juli,Burung,2024,Merbah Corok Corok,Pycnonotus simplex,Least concern
E16,Juli,Burung,2024,Merbah Corok Corok,Pycnonotus simplex,Least concern
E18,Juli,Burung,2024,Merbah Corok Corok,Pycnonotus simplex,Least concern
F10,Juli,Burung,2024,Merbah Corok Corok,Pycnonotus simplex,Least concern
F13,Juli,Burung,2024,Merbah Corok Corok,Pycnonotus simplex,Least concern
F5,Juli,Burung,2024,Merbah Corok Corok,Pycnonotus simplex,Least concern
F7,Juli,Burung,2024,Merbah Corok Corok,Pycnonotus simplex,Least concern
F8,Juli,Burung,2024,Merbah Corok Corok,Pycnonotus simplex,Least concern
G15,Juli,Burung,2024,Merbah Corok Corok,Pycnonotus simplex,Least concern
G9,Juli,Burung,2024,Merbah Corok Corok,Pycnonotus simplex,Least concern
H14,Juli,Burung,2024,Merbah Corok Corok,Pycnonotus simplex,Least concern
I13,Juli,Burung,2024,Merbah Corok Corok,Pycnonotus simplex,Least concern
J14,Juli,Burung,2024,Merbah Corok Corok,Pycnonotus simplex,Least concern
D9,Maret,Burung,2024,Merbah Corok Corok,Pycnonotus simplex,Least concern
D10,Maret,Burung,2024,Merbah Corok Corok,Pycnonotus simplex,Least concern
D8,Maret,Burung,2024,Merbah Corok Corok,Pycnonotus simplex,Least concern
C8,Maret,Burung,2024,Merbah Corok Corok,Pycnonotus simplex,Least concern
D7,Maret,Burung,2024,Merbah Corok Corok,Pycnonotus simplex,Least concern
D6,Maret,Burung,2024,Merbah Corok Corok,Pycnonotus simplex,Least concern
D5,Maret,Burung,2024,Merbah Corok Corok,Pycnonotus simplex,Least concern
C5,Maret,Burung,2024,Merbah Corok Corok,Pycnonotus simplex,Least concern
C3,Maret,Burung,2024,Merbah Corok Corok,Pycnonotus simplex,Least concern
D3,Maret,Burung,2024,Merbah Corok Corok,Pycnonotus simplex,Least concern
D2,Maret,Burung,2024,Merbah Corok Corok,Pycnonotus simplex,Least concern
C1,Maret,Burung,2024,Merbah Corok Corok,Pycnonotus simplex,Least concern
D11,Maret,Burung,2024,Merbah Corok Corok,Pycnonotus simplex,Least concern
F10,Maret,Burung,2024,Merbah Corok Corok,Pycnonotus simplex,Least concern
F8,Maret,Burung,2024,Merbah Corok Corok,Pycnonotus simplex,Least concern
F7,Maret,Burung,2024,Merbah Corok Corok,Pycnonotus simplex,Least concern
F5,Maret,Burung,2024,Merbah Corok Corok,Pycnonotus simplex,Least concern
F4,Maret,Burung,2024,Merbah Corok Corok,Pycnonotus simplex,Least concern
F3,Maret,Burung,2024,Merbah Corok Corok,Pycnonotus simplex,Least concern
F2,Maret,Burung,2024,Merbah Corok Corok,Pycnonotus simplex,Least concern
C18,Maret,Burung,2024,Merbah Corok Corok,Pycnonotus simplex,Least concern
E8,Maret,Burung,2024,Merbah Corok Corok,Pycnonotus simplex,Least concern
E7,Maret,Burung,2024,Merbah Corok Corok,Pycnonotus simplex,Least concern
E6,Maret,Burung,2024,Merbah Corok Corok,Pycnonotus simplex,Least concern
E5,Maret,Burung,2024,Merbah Corok Corok,Pycnonotus simplex,Least concern
E3,Maret,Burung,2024,Merbah Corok Corok,Pycnonotus simplex,Least concern
E2,Maret,Burung,2024,Merbah Corok Corok,Pycnonotus simplex,Least concern
G8,Maret,Burung,2024,Merbah Corok Corok,Pycnonotus simplex,Least concern
G7,Maret,Burung,2024,Merbah Corok Corok,Pycnonotus simplex,Least concern
H10,Maret,Burung,2024,Merbah Corok Corok,Pycnonotus simplex,Least concern
H11,Maret,Burung,2024,Merbah Corok Corok,Pycnonotus simplex,Least concern
I11,Maret,Burung,2024,Merbah Corok Corok,Pycnonotus simplex,Least concern
I12,Maret,Burung,2024,Merbah Corok Corok,Pycnonotus simplex,Least concern
J13,Maret,Burung,2024,Merbah Corok Corok,Pycnonotus simplex,Least concern
J14,Maret,Burung,2024,Merbah Corok Corok,Pycnonotus simplex,Least concern
I14,Maret,Burung,2024,Merbah Corok Corok,Pycnonotus simplex,Least concern
G14,Maret,Burung,2024,Merbah Corok Corok,Pycnonotus simplex,Least concern
G15,Maret,Burung,2024,Merbah Corok Corok,Pycnonotus simplex,Least concern
G16,Maret,Burung,2024,Merbah Corok Corok,Pycnonotus simplex,Least concern
F14,Maret,Burung,2024,Merbah Corok Corok,Pycnonotus simplex,Least concern
F15,Maret,Burung,2024,Merbah Corok Corok,Pycnonotus simplex,Least concern
F16,Maret,Burung,2024,Merbah Corok Corok,Pycnonotus simplex,Least concern
E13,Maret,Burung,2024,Merbah Corok Corok,Pycnonotus simplex,Least concern
E14,Maret,Burung,2024,Merbah Corok Corok,Pycnonotus simplex,Least concern
E15,Maret,Burung,2024,Merbah Corok Corok,Pycnonotus simplex,Least concern
E16,Maret,Burung,2024,Merbah Corok Corok,Pycnonotus simplex,Least concern
D13,Maret,Burung,2024,Merbah Corok Corok,Pycnonotus simplex,Least concern
D14,Maret,Burung,2024,Merbah Corok Corok,Pycnonotus simplex,Least concern
D15,Maret,Burung,2024,Merbah Corok Corok,Pycnonotus simplex,Least concern
D16,Maret,Burung,2024,Merbah Corok Corok,Pycnonotus simplex,Least concern
D17,Maret,Burung,2024,Merbah Corok Corok,Pycnonotus simplex,Least concern
E18,Maret,Burung,2024,Merbah Corok Corok,Pycnonotus simplex,Least concern
D18,Maret,Burung,2024,Merbah Corok Corok,Pycnonotus simplex,Least concern
D19,Maret,Burung,2024,Merbah Corok Corok,Pycnonotus simplex,Least concern
D20,Maret,Burung,2024,Merbah Corok Corok,Pycnonotus simplex,Least concern
C14,Maret,Burung,2024,Merbah Corok Corok,Pycnonotus simplex,Least concern
C15,Maret,Burung,2024,Merbah Corok Corok,Pycnonotus simplex,Least concern
C16,Maret,Burung,2024,Merbah Corok Corok,Pycnonotus simplex,Least concern
C17,Maret,Burung,2024,Merbah Corok Corok,Pycnonotus simplex,Least concern
C18,Maret,Burung,2024,Merbah Corok Corok,Pycnonotus simplex,Least concern
C19,Maret,Burung,2024,Merbah Corok Corok,Pycnonotus simplex,Least concern
C20,Maret,Burung,2024,Merbah Corok Corok,Pycnonotus simplex,Least concern
C21,Maret,Burung,2024,Merbah Corok Corok,Pycnonotus simplex,Least concern
B14,Maret,Burung,2024,Merbah Corok Corok,Pycnonotus simplex,Least concern
B15,Maret,Burung,2024,Merbah Corok Corok,Pycnonotus simplex,Least concern
B16,Maret,Burung,2024,Merbah Corok Corok,Pycnonotus simplex,Least concern
B17,Maret,Burung,2024,Merbah Corok Corok,Pycnonotus simplex,Least concern
B19,Maret,Burung,2024,Merbah Corok Corok,Pycnonotus simplex,Least concern
A16,Maret,Burung,2024,Merbah Corok Corok,Pycnonotus simplex,Least concern
A15,Maret,Burung,2024,Merbah Corok Corok,Pycnonotus simplex,Least concern
C10,Maret,Burung,2024,Merbah Corok Corok,Pycnonotus simplex,Least concern
C9,Maret,Burung,2024,Merbah Corok Corok,Pycnonotus simplex,Least concern
C4,Maret,Burung,2024,Merbah Corok Corok,Pycnonotus simplex,Least concern
C6,Maret,Burung,2024,Merbah Corok Corok,Pycnonotus simplex,Least concern
C7,Maret,Burung,2024,Merbah Corok Corok,Pycnonotus simplex,Least concern
H12,Maret,Burung,2024,Merbah Corok Corok,Pycnonotus simplex,Least concern
H13,Maret,Burung,2024,Merbah Corok Corok,Pycnonotus simplex,Least concern
I11,November,Burung,2024,Merbah Corok Corok,Pycnonotus simplex,Least concern
F16,November,Burung,2024,Merbah Corok Corok,Pycnonotus simplex,Least concern
D10,November,Burung,2024,Merbah Corok Corok,Pycnonotus simplex,Least concern
G16,November,Burung,2024,Merbah Corok Corok,Pycnonotus simplex,Least concern
I14,November,Burung,2024,Merbah Corok Corok,Pycnonotus simplex,Least concern
E3,November,Burung,2024,Merbah Corok Corok,Pycnonotus simplex,Least concern
E9,November,Burung,2024,Merbah Corok Corok,Pycnonotus simplex,Least concern
D1,November,Burung,2024,Merbah Corok Corok,Pycnonotus simplex,Least concern
I13,November,Burung,2024,Merbah Corok Corok,Pycnonotus simplex,Least concern
F13,November,Burung,2024,Merbah Corok Corok,Pycnonotus simplex,Least concern
J13,November,Burung,2024,Merbah Corok Corok,Pycnonotus simplex,Least concern
B14,November,Burung,2024,Merbah Corok Corok,Pycnonotus simplex,Least concern
B15,November,Burung,2024,Merbah Corok Corok,Pycnonotus simplex,Least concern
J14,November,Burung,2024,Merbah Corok Corok,Pycnonotus simplex,Least concern
E9,November,Burung,2024,Merbah Corok Corok,Pycnonotus simplex,Least concern
H13,November,Burung,2024,Merbah Corok Corok,Pycnonotus simplex,Least concern
G10,November,Burung,2024,Merbah Corok Corok,Pycnonotus simplex,Least concern
D6,November,Burung,2024,Merbah Corok Corok,Pycnonotus simplex,Least concern
H9,November,Burung,2024,Merbah Corok Corok,Pycnonotus simplex,Least concern
J13,November,Burung,2024,Merbah Corok Corok,Pycnonotus simplex,Least concern
D13,November,Burung,2024,Merbah Corok Corok,Pycnonotus simplex,Least concern
D11,November,Burung,2024,Merbah Corok Corok,Pycnonotus simplex,Least concern
G16,November,Burung,2024,Merbah Corok Corok,Pycnonotus simplex,Least concern
H14,November,Burung,2024,Merbah Corok Corok,Pycnonotus simplex,Least concern
D1,Juli,Burung,2024,Munguk Beledu,Sitta frontalis,Least concern
B17,Juli,Burung,2024,Paok Pancawarna,Hydrornis guajanus,Least concern
C6,Juli,Burung,2024,Paok Pancawarna,Hydrornis guajanus,Least concern
D10,Juli,Burung,2024,Paok Pancawarna,Hydrornis guajanus,Least concern
D17,Juli,Burung,2024,Paok Pancawarna,Hydrornis guajanus,Least concern
E16,Juli,Burung,2024,Paok Pancawarna,Hydrornis guajanus,Least concern
E5,Juli,Burung,2024,Paok Pancawarna,Hydrornis guajanus,Least concern
E8,Juli,Burung,2024,Paok Pancawarna,Hydrornis guajanus,Least concern
F14,Juli,Burung,2024,Paok Pancawarna,Hydrornis guajanus,Least concern
F16,Juli,Burung,2024,Paok Pancawarna,Hydrornis guajanus,Least concern
F3,Juli,Burung,2024,Paok Pancawarna,Hydrornis guajanus,Least concern
F4,Juli,Burung,2024,Paok Pancawarna,Hydrornis guajanus,Least concern
D7,Maret,Burung,2024,Paok Pancawarna,Hydrornis guajanus,Least concern
D6,Maret,Burung,2024,Paok Pancawarna,Hydrornis guajanus,Least concern
C5,Maret,Burung,2024,Paok Pancawarna,Hydrornis guajanus,Least concern
D4,Maret,Burung,2024,Paok Pancawarna,Hydrornis guajanus,Least concern
F10,Maret,Burung,2024,Paok Pancawarna,Hydrornis guajanus,Least concern
F9,Maret,Burung,2024,Paok Pancawarna,Hydrornis guajanus,Least concern
F7,Maret,Burung,2024,Paok Pancawarna,Hydrornis guajanus,Least concern
F6,Maret,Burung,2024,Paok Pancawarna,Hydrornis guajanus,Least concern
F4,Maret,Burung,2024,Paok Pancawarna,Hydrornis guajanus,Least concern
E9,Maret,Burung,2024,Paok Pancawarna,Hydrornis guajanus,Least concern
E7,Maret,Burung,2024,Paok Pancawarna,Hydrornis guajanus,Least concern
E5,Maret,Burung,2024,Paok Pancawarna,Hydrornis guajanus,Least concern
E3,Maret,Burung,2024,Paok Pancawarna,Hydrornis guajanus,Least concern
G10,Maret,Burung,2024,Paok Pancawarna,Hydrornis guajanus,Least concern
G8,Maret,Burung,2024,Paok Pancawarna,Hydrornis guajanus,Least concern
H9,Maret,Burung,2024,Paok Pancawarna,Hydrornis guajanus,Least concern
I9,Maret,Burung,2024,Paok Pancawarna,Hydrornis guajanus,Least concern
H10,Maret,Burung,2024,Paok Pancawarna,Hydrornis guajanus,Least concern
I13,Maret,Burung,2024,Paok Pancawarna,Hydrornis guajanus,Least concern
J13,Maret,Burung,2024,Paok Pancawarna,Hydrornis guajanus,Least concern
J14,Maret,Burung,2024,Paok Pancawarna,Hydrornis guajanus,Least concern
H14,Maret,Burung,2024,Paok Pancawarna,Hydrornis guajanus,Least concern
G13,Maret,Burung,2024,Paok Pancawarna,Hydrornis guajanus,Least concern
G14,Maret,Burung,2024,Paok Pancawarna,Hydrornis guajanus,Least concern
G16,Maret,Burung,2024,Paok Pancawarna,Hydrornis guajanus,Least concern
E14,Maret,Burung,2024,Paok Pancawarna,Hydrornis guajanus,Least concern
E15,Maret,Burung,2024,Paok Pancawarna,Hydrornis guajanus,Least concern
D15,Maret,Burung,2024,Paok Pancawarna,Hydrornis guajanus,Least concern
D16,Maret,Burung,2024,Paok Pancawarna,Hydrornis guajanus,Least concern
D17,Maret,Burung,2024,Paok Pancawarna,Hydrornis guajanus,Least concern
E18,Maret,Burung,2024,Paok Pancawarna,Hydrornis guajanus,Least concern
C21,Maret,Burung,2024,Paok Pancawarna,Hydrornis guajanus,Least concern
B15,Maret,Burung,2024,Paok Pancawarna,Hydrornis guajanus,Least concern
C10,Maret,Burung,2024,Paok Pancawarna,Hydrornis guajanus,Least concern
C9,Maret,Burung,2024,Paok Pancawarna,Hydrornis guajanus,Least concern
I14,November,Burung,2024,Paok Pancawarna,Hydrornis guajanus,Least concern
D11,November,Burung,2024,Paok Pancawarna,Hydrornis guajanus,Least concern
D14,November,Burung,2024,Paok Pancawarna,Hydrornis guajanus,Least concern
I14,November,Burung,2024,Paok Pancawarna,Hydrornis guajanus,Least concern
G10,November,Burung,2024,Paok Pancawarna,Hydrornis guajanus,Least concern
J14,November,Burung,2024,Paok Pancawarna,Hydrornis guajanus,Least concern
G8,November,Burung,2024,Paok Pancawarna,Hydrornis guajanus,Least concern
G9,November,Burung,2024,Paok Pancawarna,Hydrornis guajanus,Least concern
B15,November,Burung,2024,Paok Pancawarna,Hydrornis guajanus,Least concern
H14,November,Burung,2024,Paok Pancawarna,Hydrornis guajanus,Least concern
C17,November,Burung,2024,Paok Pancawarna,Hydrornis guajanus,Least concern
H14,November,Burung,2024,Paok Pancawarna,Hydrornis guajanus,Least concern
G13,November,Burung,2024,Paok Pancawarna,Hydrornis guajanus,Least concern
C8,November,Burung,2024,Paok Pancawarna,Hydrornis guajanus,Least concern
G13,November,Burung,2024,Paok Pancawarna,Hydrornis guajanus,Least concern
F6,November,Burung,2024,Paok Pancawarna,Hydrornis guajanus,Least concern
G14,November,Burung,2024,Paok Pancawarna,Hydrornis guajanus,Least concern
H9,Maret,Burung,2024,Pelanduk Semak,Malacocincla sepiaria,Least concern
C17,November,Burung,2024,Pelanduk Semak,Malacocincla sepiaria,Least concern
A15,November,Burung,2024,Pelanduk Semak,Malacocincla sepiaria,Least concern
E9,Juli,Burung,2024,Pelanduk Topi Jawa,Pellorneum capistratum,Least concern
F9,Juli,Burung,2024,Pelanduk Topi Jawa,Pellorneum capistratum,Least concern
D9,Maret,Burung,2024,Pelanduk Topi Jawa,Pellorneum capistratum,Least concern
C3,Maret,Burung,2024,Pelanduk Topi Jawa,Pellorneum capistratum,Least concern
D1,Maret,Burung,2024,Pelanduk Topi Jawa,Pellorneum capistratum,Least concern
F9,Maret,Burung,2024,Pelanduk Topi Jawa,Pellorneum capistratum,Least concern
F8,Maret,Burung,2024,Pelanduk Topi Jawa,Pellorneum capistratum,Least concern
E9,Maret,Burung,2024,Pelanduk Topi Jawa,Pellorneum capistratum,Least concern
G10,Maret,Burung,2024,Pelanduk Topi Jawa,Pellorneum capistratum,Least concern
G8,Maret,Burung,2024,Pelanduk Topi Jawa,Pellorneum capistratum,Least concern
I9,Maret,Burung,2024,Pelanduk Topi Jawa,Pellorneum capistratum,Least concern
G14,Maret,Burung,2024,Pelanduk Topi Jawa,Pellorneum capistratum,Least concern
F16,Maret,Burung,2024,Pelanduk Topi Jawa,Pellorneum capistratum,Least concern
E15,Maret,Burung,2024,Pelanduk Topi Jawa,Pellorneum capistratum,Least concern
D13,Maret,Burung,2024,Pelanduk Topi Jawa,Pellorneum capistratum,Least concern
D14,Maret,Burung,2024,Pelanduk Topi Jawa,Pellorneum capistratum,Least concern
D16,Maret,Burung,2024,Pelanduk Topi Jawa,Pellorneum capistratum,Least concern
C16,Maret,Burung,2024,Pelanduk Topi Jawa,Pellorneum capistratum,Least concern
C10,Maret,Burung,2024,Pelanduk Topi Jawa,Pellorneum capistratum,Least concern
C9,Maret,Burung,2024,Pelanduk Topi Jawa,Pellorneum capistratum,Least concern
C6,Maret,Burung,2024,Pelanduk Topi Jawa,Pellorneum capistratum,Least concern
C7,Maret,Burung,2024,Pelanduk Topi Jawa,Pellorneum capistratum,Least concern
G13,November,Burung,2024,Pelanduk Topi Jawa,Pellorneum capistratum,Least concern
G14,November,Burung,2024,Pelanduk Topi Jawa,Pellorneum capistratum,Least concern
D11,November,Burung,2024,Pelanduk Topi Jawa,Pellorneum capistratum,Least concern
E5,Juli,Burung,2024,Pelatuk Besi,Dinopium javanense,Least concern
F13,Juli,Burung,2024,Pelatuk Besi,Dinopium javanense,Least concern
G8,Juli,Burung,2024,Pelatuk Besi,Dinopium javanense,Least concern
H13,Juli,Burung,2024,Pelatuk Besi,Dinopium javanense,Least concern
D6,Maret,Burung,2024,Pelatuk Besi,Dinopium javanense,Least concern
G15,Maret,Burung,2024,Pelatuk Besi,Dinopium javanense,Least concern
G16,Maret,Burung,2024,Pelatuk Besi,Dinopium javanense,Least concern
E14,Maret,Burung,2024,Pelatuk Besi,Dinopium javanense,Least concern
E15,Maret,Burung,2024,Pelatuk Besi,Dinopium javanense,Least concern
D15,Maret,Burung,2024,Pelatuk Besi,Dinopium javanense,Least concern
D17,Maret,Burung,2024,Pelatuk Besi,Dinopium javanense,Least concern
C19,Maret,Burung,2024,Pelatuk Besi,Dinopium javanense,Least concern
H13,Maret,Burung,2024,Pelatuk Besi,Dinopium javanense,Least concern
D15,November,Burung,2024,Pelatuk Besi,Dinopium javanense,Least concern
G13,November,Burung,2024,Pelatuk Besi,Dinopium javanense,Least concern
H10,November,Burung,2024,Pelatuk Besi,Dinopium javanense,Least concern
F7,November,Burung,2024,Pelatuk Besi,Dinopium javanense,Least concern
G15,November,Burung,2024,Pelatuk Besi,Dinopium javanense,Least concern
G16,November,Burung,2024,Pelatuk Besi,Dinopium javanense,Least concern
G15,November,Burung,2024,Perenjak Jawa,Prinia familiaris,Least concern
G16,November,Burung,2024,Perenjak Jawa,Prinia familiaris,Least concern
D18,Juli,Burung,2024,Pijantung Besar,Arachnothera robusta,Least concern
C2,Maret,Burung,2024,Pijantung Besar,Arachnothera robusta,Least concern
H11,Maret,Burung,2024,Pijantung Besar,Arachnothera robusta,Least concern
D16,Juli,Burung,2024,Pijantung Gunung,Arachnothera affinis,Least concern
D8,Juli,Burung,2024,Pijantung Gunung,Arachnothera affinis,Least concern
E13,Juli,Burung,2024,Pijantung Gunung,Arachnothera affinis,Least concern
E14,Juli,Burung,2024,Pijantung Gunung,Arachnothera affinis,Least concern
E15,Juli,Burung,2024,Pijantung Gunung,Arachnothera affinis,Least concern
E5,Juli,Burung,2024,Pijantung Gunung,Arachnothera affinis,Least concern
F10,Juli,Burung,2024,Pijantung Gunung,Arachnothera affinis,Least concern
D11,Maret,Burung,2024,Pijantung Gunung,Arachnothera affinis,Least concern
J13,Maret,Burung,2024,Pijantung Gunung,Arachnothera affinis,Least concern
G14,Maret,Burung,2024,Pijantung Gunung,Arachnothera affinis,Least concern
D16,Maret,Burung,2024,Pijantung Gunung,Arachnothera affinis,Least concern
D17,Maret,Burung,2024,Pijantung Gunung,Arachnothera affinis,Least concern
C14,Maret,Burung,2024,Pijantung Gunung,Arachnothera affinis,Least concern
C15,Maret,Burung,2024,Pijantung Gunung,Arachnothera affinis,Least concern
C10,Maret,Burung,2024,Pijantung Gunung,Arachnothera affinis,Least concern
C9,Maret,Burung,2024,Pijantung Gunung,Arachnothera affinis,Least concern
H13,Maret,Burung,2024,Pijantung Gunung,Arachnothera affinis,Least concern
A15,Juli,Burung,2024,Pijantung Kecil,Arachnothera longirostra,Least concern
A15,Juli,Burung,2024,Pijantung Kecil,Arachnothera longirostra,Least concern
C2,Juli,Burung,2024,Pijantung Kecil,Arachnothera longirostra,Least concern
C8,Juli,Burung,2024,Pijantung Kecil,Arachnothera longirostra,Least concern
D3,Juli,Burung,2024,Pijantung Kecil,Arachnothera longirostra,Least concern
D3,Juli,Burung,2024,Pijantung Kecil,Arachnothera longirostra,Least concern
D4,Juli,Burung,2024,Pijantung Kecil,Arachnothera longirostra,Least concern
E18,Juli,Burung,2024,Pijantung Kecil,Arachnothera longirostra,Least concern
D4,Maret,Burung,2024,Pijantung Kecil,Arachnothera longirostra,Least concern
F10,Maret,Burung,2024,Pijantung Kecil,Arachnothera longirostra,Least concern
F9,Maret,Burung,2024,Pijantung Kecil,Arachnothera longirostra,Least concern
F8,Maret,Burung,2024,Pijantung Kecil,Arachnothera longirostra,Least concern
F5,Maret,Burung,2024,Pijantung Kecil,Arachnothera longirostra,Least concern
F4,Maret,Burung,2024,Pijantung Kecil,Arachnothera longirostra,Least concern
F3,Maret,Burung,2024,Pijantung Kecil,Arachnothera longirostra,Least concern
E7,Maret,Burung,2024,Pijantung Kecil,Arachnothera longirostra,Least concern
E6,Maret,Burung,2024,Pijantung Kecil,Arachnothera longirostra,Least concern
E5,Maret,Burung,2024,Pijantung Kecil,Arachnothera longirostra,Least concern
E4,Maret,Burung,2024,Pijantung Kecil,Arachnothera longirostra,Least concern
G10,Maret,Burung,2024,Pijantung Kecil,Arachnothera longirostra,Least concern
G7,Maret,Burung,2024,Pijantung Kecil,Arachnothera longirostra,Least concern
G13,Maret,Burung,2024,Pijantung Kecil,Arachnothera longirostra,Least concern
E18,Maret,Burung,2024,Pijantung Kecil,Arachnothera longirostra,Least concern
C17,Maret,Burung,2024,Pijantung Kecil,Arachnothera longirostra,Least concern
C21,Maret,Burung,2024,Pijantung Kecil,Arachnothera longirostra,Least concern
B16,Maret,Burung,2024,Pijantung Kecil,Arachnothera longirostra,Least concern
C6,Maret,Burung,2024,Pijantung Kecil,Arachnothera longirostra,Least concern
C7,Maret,Burung,2024,Pijantung Kecil,Arachnothera longirostra,Least concern
D11,November,Burung,2024,Pijantung Kecil,Arachnothera longirostra,Least concern
F16,November,Burung,2024,Pijantung Kecil,Arachnothera longirostra,Least concern
D1,November,Burung,2024,Pijantung Kecil,Arachnothera longirostra,Least concern
H9,November,Burung,2024,Pijantung Kecil,Arachnothera longirostra,Least concern
G16,November,Burung,2024,Pijantung Kecil,Arachnothera longirostra,Least concern
F15,November,Burung,2024,Pijantung Kecil,Arachnothera longirostra,Least concern
A16,November,Burung,2024,Pijantung Kecil,Arachnothera longirostra,Least concern
H11,November,Burung,2024,Pijantung Kecil,Arachnothera longirostra,Least concern
C3,Juli,Burung,2024,Punai Gading,Treron vernans,Least concern
C9,Juli,Burung,2024,Punai Gading,Treron vernans,Least concern
E5,Juli,Burung,2024,Punai Penganten,Treron griseicauda,Least concern
C8,Maret,Burung,2024,Punai Penganten,Treron griseicauda,Least concern
G9,Maret,Burung,2024,Punai Penganten,Treron griseicauda,Least concern
H13,Maret,Burung,2024,Punai Penganten,Treron griseicauda,Least concern
G15,November,Burung,2024,Punai Penganten,Treron griseicauda,Least concern
F16,November,Burung,2024,Punai Penganten,Treron griseicauda,Least concern
D11,November,Burung,2024,Punai Penganten,Treron griseicauda,Least concern
C16,November,Burung,2024,Punai Penganten,Treron griseicauda,Least concern
F15,November,Burung,2024,Punai Penganten,Treron griseicauda,Least concern
G16,November,Burung,2024,Punai Penganten,Treron griseicauda,Least concern
F14,November,Burung,2024,Punai Penganten,Treron griseicauda,Least concern
B15,November,Burung,2024,Raja Udang Meninting,Alcedo meninting,Least concern
H14,Maret,Burung,2024,Sempur Hujan Rimba,Eurylaimus javanicus,Near Threatened
E15,Maret,Burung,2024,Sempur Hujan Rimba,Eurylaimus javanicus,Near Threatened
F14,November,Burung,2024,Sempur Hujan Rimba,Eurylaimus javanicus,Least concern
C2,Juli,Burung,2024,Sepah Gunung,Pericrocotus miniatus,Least concern
C21,Maret,Burung,2024,Sepah Gunung,Pericrocotus miniatus,Least concern
A16,Maret,Burung,2024,Sepah Gunung,Pericrocotus miniatus,Least concern
A16,Juli,Burung,2024,Sepah Hutan,Pericrocotus flammeus,Least concern
D14,Juli,Burung,2024,Sepah Hutan,Pericrocotus flammeus,Least concern
E14,Juli,Burung,2024,Sepah Hutan,Pericrocotus flammeus,Least concern
E5,Juli,Burung,2024,Sepah Hutan,Pericrocotus flammeus,Least concern
H10,Juli,Burung,2024,Sepah Hutan,Pericrocotus flammeus,Least concern
H11,Juli,Burung,2024,Sepah Hutan,Pericrocotus flammeus,Least concern
I12,Juli,Burung,2024,Sepah Hutan,Pericrocotus flammeus,Least concern
I9,Juli,Burung,2024,Sepah Hutan,Pericrocotus flammeus,Least concern
J14,Juli,Burung,2024,Sepah Hutan,Pericrocotus flammeus,Least concern
D3,Maret,Burung,2024,Sepah Hutan,Pericrocotus flammeus,Least concern
D11,Maret,Burung,2024,Sepah Hutan,Pericrocotus flammeus,Least concern
E6,Maret,Burung,2024,Sepah Hutan,Pericrocotus flammeus,Least concern
G16,Maret,Burung,2024,Sepah Hutan,Pericrocotus flammeus,Least concern
E15,Maret,Burung,2024,Sepah Hutan,Pericrocotus flammeus,Least concern
D18,Maret,Burung,2024,Sepah Hutan,Pericrocotus flammeus,Least concern
D20,Maret,Burung,2024,Sepah Hutan,Pericrocotus flammeus,Least concern
C20,Maret,Burung,2024,Sepah Hutan,Pericrocotus flammeus,Least concern
B15,Maret,Burung,2024,Sepah Hutan,Pericrocotus flammeus,Least concern
C10,Maret,Burung,2024,Sepah Hutan,Pericrocotus flammeus,Least concern
C6,Maret,Burung,2024,Sepah Hutan,Pericrocotus flammeus,Least concern
C7,Maret,Burung,2024,Sepah Hutan,Pericrocotus flammeus,Least concern
H14,November,Burung,2024,Sepah Hutan,Pericrocotus flammeus,Least concern
F13,November,Burung,2024,Sepah Hutan,Pericrocotus flammeus,Least concern
B17,November,Burung,2024,Sepah Hutan,Pericrocotus flammeus,Least concern
E13,November,Burung,2024,Sepah Hutan,Pericrocotus flammeus,Least concern
F13,November,Burung,2024,Sepah Hutan,Pericrocotus flammeus,Least concern
D11,November,Burung,2024,Sepah Hutan,Pericrocotus flammeus,Least concern
E13,November,Burung,2024,Sepah Hutan,Pericrocotus flammeus,Least concern
D14,November,Burung,2024,Sepah Hutan,Pericrocotus flammeus,Least concern
E14,November,Burung,2024,Sepah Hutan,Pericrocotus flammeus,Least concern
E6,November,Burung,2024,Sepah Hutan,Pericrocotus flammeus,Least concern
D13,November,Burung,2024,Sepah Hutan,Pericrocotus flammeus,Least concern
E15,November,Burung,2024,Sepah Hutan,Pericrocotus flammeus,Least concern
G10,November,Burung,2024,Sepah Hutan,Pericrocotus flammeus,Least concern
C2,November,Burung,2024,Sepah Hutan,Pericrocotus flammeus,Least concern
C8,November,Burung,2024,Sepah Hutan,Pericrocotus flammeus,Least concern
F10,November,Burung,2024,Sepah Hutan,Pericrocotus flammeus,Least concern
E16,November,Burung,2024,Sepah Hutan,Pericrocotus flammeus,Least concern
A15,November,Burung,2024,Sepah Hutan,Pericrocotus flammeus,Least concern
B14,November,Burung,2024,Sepah Hutan,Pericrocotus flammeus,Least concern
E6,November,Burung,2024,Sepah Hutan,Pericrocotus flammeus,Least concern
D13,November,Burung,2024,Sepah Hutan,Pericrocotus flammeus,Least concern
E7,November,Burung,2024,Sepah Hutan,Pericrocotus flammeus,Least concern
D7,November,Burung,2024,Sepah Hutan,Pericrocotus flammeus,Least concern
D14,November,Burung,2024,Sepah Hutan,Pericrocotus flammeus,Least concern
C6,November,Burung,2024,Sepah Hutan,Pericrocotus flammeus,Least concern
D14,November,Burung,2024,Sepah Hutan,Pericrocotus flammeus,Least concern
D10,Juli,Burung,2024,Sepah Kecil,Pericrocotus cinnamomeus,Least concern
E13,Juli,Burung,2024,Sepah Kecil,Pericrocotus cinnamomeus,Least concern
F7,Juli,Burung,2024,Sepah Kecil,Pericrocotus cinnamomeus,Least concern
G7,Juli,Burung,2024,Sepah Kecil,Pericrocotus cinnamomeus,Least concern
D9,Maret,Burung,2024,Sepah Kecil,Pericrocotus cinnamomeus,Least concern
C2,Maret,Burung,2024,Sepah Kecil,Pericrocotus cinnamomeus,Least concern
F10,Maret,Burung,2024,Sepah Kecil,Pericrocotus cinnamomeus,Least concern
F9,Maret,Burung,2024,Sepah Kecil,Pericrocotus cinnamomeus,Least concern
F7,Maret,Burung,2024,Sepah Kecil,Pericrocotus cinnamomeus,Least concern
F6,Maret,Burung,2024,Sepah Kecil,Pericrocotus cinnamomeus,Least concern
E9,Maret,Burung,2024,Sepah Kecil,Pericrocotus cinnamomeus,Least concern
G7,Maret,Burung,2024,Sepah Kecil,Pericrocotus cinnamomeus,Least concern
I9,Maret,Burung,2024,Sepah Kecil,Pericrocotus cinnamomeus,Least concern
H10,Maret,Burung,2024,Sepah Kecil,Pericrocotus cinnamomeus,Least concern
J13,Maret,Burung,2024,Sepah Kecil,Pericrocotus cinnamomeus,Least concern
J14,Maret,Burung,2024,Sepah Kecil,Pericrocotus cinnamomeus,Least concern
I14,Maret,Burung,2024,Sepah Kecil,Pericrocotus cinnamomeus,Least concern
H14,Maret,Burung,2024,Sepah Kecil,Pericrocotus cinnamomeus,Least concern
D13,Maret,Burung,2024,Sepah Kecil,Pericrocotus cinnamomeus,Least concern
D16,Maret,Burung,2024,Sepah Kecil,Pericrocotus cinnamomeus,Least concern
E18,Maret,Burung,2024,Sepah Kecil,Pericrocotus cinnamomeus,Least concern
C14,Maret,Burung,2024,Sepah Kecil,Pericrocotus cinnamomeus,Least concern
C19,Maret,Burung,2024,Sepah Kecil,Pericrocotus cinnamomeus,Least concern
B16,Maret,Burung,2024,Sepah Kecil,Pericrocotus cinnamomeus,Least concern
B18,Maret,Burung,2024,Sepah Kecil,Pericrocotus cinnamomeus,Least concern
C15,Juli,Burung,2024,Serindit Jawa,Loriculus pusillus,Near Threatened
C3,Juli,Burung,2024,Serindit Jawa,Loriculus pusillus,Near Threatened
D3,Juli,Burung,2024,Serindit Jawa,Loriculus pusillus,Near Threatened
E14,Juli,Burung,2024,Serindit Jawa,Loriculus pusillus,Near Threatened
D9,Maret,Burung,2024,Serindit Jawa,Loriculus pusillus,Near Threatened
D10,Maret,Burung,2024,Serindit Jawa,Loriculus pusillus,Near Threatened
D8,Maret,Burung,2024,Serindit Jawa,Loriculus pusillus,Near Threatened
D7,Maret,Burung,2024,Serindit Jawa,Loriculus pusillus,Near Threatened
C5,Maret,Burung,2024,Serindit Jawa,Loriculus pusillus,Near Threatened
D4,Maret,Burung,2024,Serindit Jawa,Loriculus pusillus,Near Threatened
D2,Maret,Burung,2024,Serindit Jawa,Loriculus pusillus,Near Threatened
D1,Maret,Burung,2024,Serindit Jawa,Loriculus pusillus,Near Threatened
C2,Maret,Burung,2024,Serindit Jawa,Loriculus pusillus,Near Threatened
D11,Maret,Burung,2024,Serindit Jawa,Loriculus pusillus,Near Threatened
F9,Maret,Burung,2024,Serindit Jawa,Loriculus pusillus,Near Threatened
C18,Maret,Burung,2024,Serindit Jawa,Loriculus pusillus,Near Threatened
E5,Maret,Burung,2024,Serindit Jawa,Loriculus pusillus,Near Threatened
G10,Maret,Burung,2024,Serindit Jawa,Loriculus pusillus,Near Threatened
H10,Maret,Burung,2024,Serindit Jawa,Loriculus pusillus,Near Threatened
G16,Maret,Burung,2024,Serindit Jawa,Loriculus pusillus,Near Threatened
F14,Maret,Burung,2024,Serindit Jawa,Loriculus pusillus,Near Threatened
E13,Maret,Burung,2024,Serindit Jawa,Loriculus pusillus,Near Threatened
E14,Maret,Burung,2024,Serindit Jawa,Loriculus pusillus,Near Threatened
E15,Maret,Burung,2024,Serindit Jawa,Loriculus pusillus,Near Threatened
D15,Maret,Burung,2024,Serindit Jawa,Loriculus pusillus,Near Threatened
E18,Maret,Burung,2024,Serindit Jawa,Loriculus pusillus,Near Threatened
D18,Maret,Burung,2024,Serindit Jawa,Loriculus pusillus,Near Threatened
D19,Maret,Burung,2024,Serindit Jawa,Loriculus pusillus,Near Threatened
D20,Maret,Burung,2024,Serindit Jawa,Loriculus pusillus,Near Threatened
C14,Maret,Burung,2024,Serindit Jawa,Loriculus pusillus,Near Threatened
C18,Maret,Burung,2024,Serindit Jawa,Loriculus pusillus,Near Threatened
C19,Maret,Burung,2024,Serindit Jawa,Loriculus pusillus,Near Threatened
C21,Maret,Burung,2024,Serindit Jawa,Loriculus pusillus,Near Threatened
B19,Maret,Burung,2024,Serindit Jawa,Loriculus pusillus,Near Threatened
C10,Maret,Burung,2024,Serindit Jawa,Loriculus pusillus,Near Threatened
C9,Maret,Burung,2024,Serindit Jawa,Loriculus pusillus,Near Threatened
C6,Maret,Burung,2024,Serindit Jawa,Loriculus pusillus,Near Threatened
C7,Maret,Burung,2024,Serindit Jawa,Loriculus pusillus,Near Threatened
B16,November,Burung,2024,Serindit Jawa,Loriculus pusillus,Near Threatened
D9,November,Burung,2024,Serindit Jawa,Loriculus pusillus,Near Threatened
F5,November,Burung,2024,Serindit Jawa,Loriculus pusillus,Near Threatened
D15,November,Burung,2024,Serindit Jawa,Loriculus pusillus,Near Threatened
C14,November,Burung,2024,Serindit Jawa,Loriculus pusillus,Near Threatened
D13,November,Burung,2024,Serindit Jawa,Loriculus pusillus,Near Threatened
D15,November,Burung,2024,Serindit Jawa,Loriculus pusillus,Near Threatened
C7,November,Burung,2024,Serindit Jawa,Loriculus pusillus,Near Threatened
C14,November,Burung,2024,Serindit Jawa,Loriculus pusillus,Near Threatened
D2,November,Burung,2024,Serindit Jawa,Loriculus pusillus,Near Threatened
D20,November,Burung,2024,Serindit Jawa,Loriculus pusillus,Near Threatened
D17,Juli,Burung,2024,Sikatan Bubik,Muscicapa dauurica,Least concern
C9,Juli,Burung,2024,Sikatan Burik,Muscicapa griseisticta,Least concern
C9,Juli,Burung,2024,Sikatan Burik,Muscicapa griseisticta,Least concern
D4,November,Burung,2024,Sikatan Burik,Muscicapa griseisticta,Least concern
D7,November,Burung,2024,Sikatan Burik,Muscicapa griseisticta,Least concern
D8,November,Burung,2024,Sikatan Burik,Muscicapa griseisticta,Least concern
B16,November,Burung,2024,Sikatan Emas,Ficedula zanthopygia,Least concern
E13,November,Burung,2024,Sikatan Emas,Ficedula zanthopygia,Least concern
I9,Maret,Burung,2024,Sikatan Rimba Dada Cokelat,Cyornis olivaceus,Least concern
J14,Maret,Burung,2024,Sikatan Rimba Dada Cokelat,Cyornis olivaceus,Least concern
B15,Maret,Burung,2024,Sikatan Rimba Dada Cokelat,Cyornis olivaceus,Least concern
E14,November,Burung,2024,Sikep Madu Asia,Pernis ptilorhynchus,Least concern
B16,November,Burung,2024,Sikep Madu Asia,Pernis ptilorhynchus,Least concern
C15,November,Burung,2024,Sikep Madu Asia,Pernis ptilorhynchus,Least concern
F5,November,Burung,2024,Sikep Madu Asia,Pernis ptilorhynchus,Least concern
C14,November,Burung,2024,Takur Bultok,Psilopogon lineatus,Least concern
B16,Juli,Burung,2024,Takur Tenggeret,Psilopogon australis,Least concern
B17,Juli,Burung,2024,Takur Tenggeret,Psilopogon australis,Least concern
B19,Juli,Burung,2024,Takur Tenggeret,Psilopogon australis,Least concern
B19,Juli,Burung,2024,Takur Tenggeret,Psilopogon australis,Least concern
B19,Juli,Burung,2024,Takur Tenggeret,Psilopogon australis,Least concern
C15,Juli,Burung,2024,Takur Tenggeret,Psilopogon australis,Least concern
C18,Juli,Burung,2024,Takur Tenggeret,Psilopogon australis,Least concern
C18,Juli,Burung,2024,Takur Tenggeret,Psilopogon australis,Least concern
C19,Juli,Burung,2024,Takur Tenggeret,Psilopogon australis,Least concern
C2,Juli,Burung,2024,Takur Tenggeret,Psilopogon australis,Least concern
C20,Juli,Burung,2024,Takur Tenggeret,Psilopogon australis,Least concern
C21,Juli,Burung,2024,Takur Tenggeret,Psilopogon australis,Least concern
C5,Juli,Burung,2024,Takur Tenggeret,Psilopogon australis,Least concern
C5,Juli,Burung,2024,Takur Tenggeret,Psilopogon australis,Least concern
C8,Juli,Burung,2024,Takur Tenggeret,Psilopogon australis,Least concern
D1,Juli,Burung,2024,Takur Tenggeret,Psilopogon australis,Least concern
D14,Juli,Burung,2024,Takur Tenggeret,Psilopogon australis,Least concern
D15,Juli,Burung,2024,Takur Tenggeret,Psilopogon australis,Least concern
D16,Juli,Burung,2024,Takur Tenggeret,Psilopogon australis,Least concern
D17,Juli,Burung,2024,Takur Tenggeret,Psilopogon australis,Least concern
D18,Juli,Burung,2024,Takur Tenggeret,Psilopogon australis,Least concern
D18,Juli,Burung,2024,Takur Tenggeret,Psilopogon australis,Least concern
D19,Juli,Burung,2024,Takur Tenggeret,Psilopogon australis,Least concern
D2,Juli,Burung,2024,Takur Tenggeret,Psilopogon australis,Least concern
D20,Juli,Burung,2024,Takur Tenggeret,Psilopogon australis,Least concern
D20,Juli,Burung,2024,Takur Tenggeret,Psilopogon australis,Least concern
D4,Juli,Burung,2024,Takur Tenggeret,Psilopogon australis,Least concern
D5,Juli,Burung,2024,Takur Tenggeret,Psilopogon australis,Least concern
D7,Juli,Burung,2024,Takur Tenggeret,Psilopogon australis,Least concern
D7,Juli,Burung,2024,Takur Tenggeret,Psilopogon australis,Least concern
D9,Juli,Burung,2024,Takur Tenggeret,Psilopogon australis,Least concern
E14,Juli,Burung,2024,Takur Tenggeret,Psilopogon australis,Least concern
E15,Juli,Burung,2024,Takur Tenggeret,Psilopogon australis,Least concern
E18,Juli,Burung,2024,Takur Tenggeret,Psilopogon australis,Least concern
E18,Juli,Burung,2024,Takur Tenggeret,Psilopogon australis,Least concern
E2,Juli,Burung,2024,Takur Tenggeret,Psilopogon australis,Least concern
E5,Juli,Burung,2024,Takur Tenggeret,Psilopogon australis,Least concern
E9,Juli,Burung,2024,Takur Tenggeret,Psilopogon australis,Least concern
F13,Juli,Burung,2024,Takur Tenggeret,Psilopogon australis,Least concern
F14,Juli,Burung,2024,Takur Tenggeret,Psilopogon australis,Least concern
F16,Juli,Burung,2024,Takur Tenggeret,Psilopogon australis,Least concern
F2,Juli,Burung,2024,Takur Tenggeret,Psilopogon australis,Least concern
F7,Juli,Burung,2024,Takur Tenggeret,Psilopogon australis,Least concern
G10,Juli,Burung,2024,Takur Tenggeret,Psilopogon australis,Least concern
G10,Juli,Burung,2024,Takur Tenggeret,Psilopogon australis,Least concern
G13,Juli,Burung,2024,Takur Tenggeret,Psilopogon australis,Least concern
G15,Juli,Burung,2024,Takur Tenggeret,Psilopogon australis,Least concern
G16,Juli,Burung,2024,Takur Tenggeret,Psilopogon australis,Least concern
G7,Juli,Burung,2024,Takur Tenggeret,Psilopogon australis,Least concern
G9,Juli,Burung,2024,Takur Tenggeret,Psilopogon australis,Least concern
G9,Juli,Burung,2024,Takur Tenggeret,Psilopogon australis,Least concern
G9,Juli,Burung,2024,Takur Tenggeret,Psilopogon australis,Least concern
H11,Juli,Burung,2024,Takur Tenggeret,Psilopogon australis,Least concern
H12,Juli,Burung,2024,Takur Tenggeret,Psilopogon australis,Least concern
H13,Juli,Burung,2024,Takur Tenggeret,Psilopogon australis,Least concern
H14,Juli,Burung,2024,Takur Tenggeret,Psilopogon australis,Least concern
H9,Juli,Burung,2024,Takur Tenggeret,Psilopogon australis,Least concern
I11,Juli,Burung,2024,Takur Tenggeret,Psilopogon australis,Least concern
I11,Juli,Burung,2024,Takur Tenggeret,Psilopogon australis,Least concern
I12,Juli,Burung,2024,Takur Tenggeret,Psilopogon australis,Least concern
I13,Juli,Burung,2024,Takur Tenggeret,Psilopogon australis,Least concern
I14,Juli,Burung,2024,Takur Tenggeret,Psilopogon australis,Least concern
I9,Juli,Burung,2024,Takur Tenggeret,Psilopogon australis,Least concern
J13,Juli,Burung,2024,Takur Tenggeret,Psilopogon australis,Least concern
J13,Juli,Burung,2024,Takur Tenggeret,Psilopogon australis,Least concern
J14,Juli,Burung,2024,Takur Tenggeret,Psilopogon australis,Least concern
D9,Maret,Burung,2024,Takur Tenggeret,Psilopogon australis,Least concern
D10,Maret,Burung,2024,Takur Tenggeret,Psilopogon australis,Least concern
D8,Maret,Burung,2024,Takur Tenggeret,Psilopogon australis,Least concern
C8,Maret,Burung,2024,Takur Tenggeret,Psilopogon australis,Least concern
D7,Maret,Burung,2024,Takur Tenggeret,Psilopogon australis,Least concern
D6,Maret,Burung,2024,Takur Tenggeret,Psilopogon australis,Least concern
D5,Maret,Burung,2024,Takur Tenggeret,Psilopogon australis,Least concern
C5,Maret,Burung,2024,Takur Tenggeret,Psilopogon australis,Least concern
D4,Maret,Burung,2024,Takur Tenggeret,Psilopogon australis,Least concern
C3,Maret,Burung,2024,Takur Tenggeret,Psilopogon australis,Least concern
D3,Maret,Burung,2024,Takur Tenggeret,Psilopogon australis,Least concern
D2,Maret,Burung,2024,Takur Tenggeret,Psilopogon australis,Least concern
C1,Maret,Burung,2024,Takur Tenggeret,Psilopogon australis,Least concern
D1,Maret,Burung,2024,Takur Tenggeret,Psilopogon australis,Least concern
D11,Maret,Burung,2024,Takur Tenggeret,Psilopogon australis,Least concern
F10,Maret,Burung,2024,Takur Tenggeret,Psilopogon australis,Least concern
F9,Maret,Burung,2024,Takur Tenggeret,Psilopogon australis,Least concern
F8,Maret,Burung,2024,Takur Tenggeret,Psilopogon australis,Least concern
F7,Maret,Burung,2024,Takur Tenggeret,Psilopogon australis,Least concern
F6,Maret,Burung,2024,Takur Tenggeret,Psilopogon australis,Least concern
F5,Maret,Burung,2024,Takur Tenggeret,Psilopogon australis,Least concern
F4,Maret,Burung,2024,Takur Tenggeret,Psilopogon australis,Least concern
F3,Maret,Burung,2024,Takur Tenggeret,Psilopogon australis,Least concern
F2,Maret,Burung,2024,Takur Tenggeret,Psilopogon australis,Least concern
E9,Maret,Burung,2024,Takur Tenggeret,Psilopogon australis,Least concern
C18,Maret,Burung,2024,Takur Tenggeret,Psilopogon australis,Least concern
E8,Maret,Burung,2024,Takur Tenggeret,Psilopogon australis,Least concern
E7,Maret,Burung,2024,Takur Tenggeret,Psilopogon australis,Least concern
E6,Maret,Burung,2024,Takur Tenggeret,Psilopogon australis,Least concern
E5,Maret,Burung,2024,Takur Tenggeret,Psilopogon australis,Least concern
E4,Maret,Burung,2024,Takur Tenggeret,Psilopogon australis,Least concern
E2,Maret,Burung,2024,Takur Tenggeret,Psilopogon australis,Least concern
G10,Maret,Burung,2024,Takur Tenggeret,Psilopogon australis,Least concern
G9,Maret,Burung,2024,Takur Tenggeret,Psilopogon australis,Least concern
G8,Maret,Burung,2024,Takur Tenggeret,Psilopogon australis,Least concern
G7,Maret,Burung,2024,Takur Tenggeret,Psilopogon australis,Least concern
H9,Maret,Burung,2024,Takur Tenggeret,Psilopogon australis,Least concern
H10,Maret,Burung,2024,Takur Tenggeret,Psilopogon australis,Least concern
H11,Maret,Burung,2024,Takur Tenggeret,Psilopogon australis,Least concern
I12,Maret,Burung,2024,Takur Tenggeret,Psilopogon australis,Least concern
I13,Maret,Burung,2024,Takur Tenggeret,Psilopogon australis,Least concern
J13,Maret,Burung,2024,Takur Tenggeret,Psilopogon australis,Least concern
I14,Maret,Burung,2024,Takur Tenggeret,Psilopogon australis,Least concern
H14,Maret,Burung,2024,Takur Tenggeret,Psilopogon australis,Least concern
G13,Maret,Burung,2024,Takur Tenggeret,Psilopogon australis,Least concern
G14,Maret,Burung,2024,Takur Tenggeret,Psilopogon australis,Least concern
G15,Maret,Burung,2024,Takur Tenggeret,Psilopogon australis,Least concern
G16,Maret,Burung,2024,Takur Tenggeret,Psilopogon australis,Least concern
F13,Maret,Burung,2024,Takur Tenggeret,Psilopogon australis,Least concern
F14,Maret,Burung,2024,Takur Tenggeret,Psilopogon australis,Least concern
F15,Maret,Burung,2024,Takur Tenggeret,Psilopogon australis,Least concern
F16,Maret,Burung,2024,Takur Tenggeret,Psilopogon australis,Least concern
E13,Maret,Burung,2024,Takur Tenggeret,Psilopogon australis,Least concern
E14,Maret,Burung,2024,Takur Tenggeret,Psilopogon australis,Least concern
E15,Maret,Burung,2024,Takur Tenggeret,Psilopogon australis,Least concern
E16,Maret,Burung,2024,Takur Tenggeret,Psilopogon australis,Least concern
D13,Maret,Burung,2024,Takur Tenggeret,Psilopogon australis,Least concern
D14,Maret,Burung,2024,Takur Tenggeret,Psilopogon australis,Least concern
D15,Maret,Burung,2024,Takur Tenggeret,Psilopogon australis,Least concern
D16,Maret,Burung,2024,Takur Tenggeret,Psilopogon australis,Least concern
D17,Maret,Burung,2024,Takur Tenggeret,Psilopogon australis,Least concern
E18,Maret,Burung,2024,Takur Tenggeret,Psilopogon australis,Least concern
D18,Maret,Burung,2024,Takur Tenggeret,Psilopogon australis,Least concern
D19,Maret,Burung,2024,Takur Tenggeret,Psilopogon australis,Least concern
D20,Maret,Burung,2024,Takur Tenggeret,Psilopogon australis,Least concern
C14,Maret,Burung,2024,Takur Tenggeret,Psilopogon australis,Least concern
C15,Maret,Burung,2024,Takur Tenggeret,Psilopogon australis,Least concern
C16,Maret,Burung,2024,Takur Tenggeret,Psilopogon australis,Least concern
C17,Maret,Burung,2024,Takur Tenggeret,Psilopogon australis,Least concern
C18,Maret,Burung,2024,Takur Tenggeret,Psilopogon australis,Least concern
C19,Maret,Burung,2024,Takur Tenggeret,Psilopogon australis,Least concern
C20,Maret,Burung,2024,Takur Tenggeret,Psilopogon australis,Least concern
C21,Maret,Burung,2024,Takur Tenggeret,Psilopogon australis,Least concern
B14,Maret,Burung,2024,Takur Tenggeret,Psilopogon australis,Least concern
B15,Maret,Burung,2024,Takur Tenggeret,Psilopogon australis,Least concern
B16,Maret,Burung,2024,Takur Tenggeret,Psilopogon australis,Least concern
B18,Maret,Burung,2024,Takur Tenggeret,Psilopogon australis,Least concern
B19,Maret,Burung,2024,Takur Tenggeret,Psilopogon australis,Least concern
A16,Maret,Burung,2024,Takur Tenggeret,Psilopogon australis,Least concern
A15,Maret,Burung,2024,Takur Tenggeret,Psilopogon australis,Least concern
C10,Maret,Burung,2024,Takur Tenggeret,Psilopogon australis,Least concern
C9,Maret,Burung,2024,Takur Tenggeret,Psilopogon australis,Least concern
C4,Maret,Burung,2024,Takur Tenggeret,Psilopogon australis,Least concern
C6,Maret,Burung,2024,Takur Tenggeret,Psilopogon australis,Least concern
C7,Maret,Burung,2024,Takur Tenggeret,Psilopogon australis,Least concern
H12,Maret,Burung,2024,Takur Tenggeret,Psilopogon australis,Least concern
H13,Maret,Burung,2024,Takur Tenggeret,Psilopogon australis,Least concern
D16,November,Burung,2024,Takur Tenggeret,Psilopogon australis,Least concern
C16,November,Burung,2024,Takur Tenggeret,Psilopogon australis,Least concern
B14,November,Burung,2024,Takur Tenggeret,Psilopogon australis,Least concern
F6,November,Burung,2024,Takur Tenggeret,Psilopogon australis,Least concern
E5,November,Burung,2024,Takur Tenggeret,Psilopogon australis,Least concern
C15,November,Burung,2024,Takur Tenggeret,Psilopogon australis,Least concern
D18,November,Burung,2024,Takur Tenggeret,Psilopogon australis,Least concern
B19,November,Burung,2024,Takur Tenggeret,Psilopogon australis,Least concern
B15,November,Burung,2024,Takur Tenggeret,Psilopogon australis,Least concern
C1,November,Burung,2024,Takur Tenggeret,Psilopogon australis,Least concern
B17,November,Burung,2024,Takur Tenggeret,Psilopogon australis,Least concern
G13,November,Burung,2024,Takur Tenggeret,Psilopogon australis,Least concern
G16,November,Burung,2024,Takur Tenggeret,Psilopogon australis,Least concern
H11,November,Burung,2024,Takur Tenggeret,Psilopogon australis,Least concern
H12,November,Burung,2024,Takur Tenggeret,Psilopogon australis,Least concern
H13,November,Burung,2024,Takur Tenggeret,Psilopogon australis,Least concern
G7,November,Burung,2024,Takur Tenggeret,Psilopogon australis,Least concern
G9,November,Burung,2024,Takur Tenggeret,Psilopogon australis,Least concern
H14,November,Burung,2024,Takur Tenggeret,Psilopogon australis,Least concern
B16,November,Burung,2024,Takur Tenggeret,Psilopogon australis,Least concern
A15,November,Burung,2024,Takur Tenggeret,Psilopogon australis,Least concern
C10,November,Burung,2024,Takur Tenggeret,Psilopogon australis,Least concern
C2,November,Burung,2024,Takur Tenggeret,Psilopogon australis,Least concern
C21,November,Burung,2024,Takur Tenggeret,Psilopogon australis,Least concern
C7,November,Burung,2024,Takur Tenggeret,Psilopogon australis,Least concern
C9,November,Burung,2024,Takur Tenggeret,Psilopogon australis,Least concern
D8,November,Burung,2024,Takur Tenggeret,Psilopogon australis,Least concern
D9,November,Burung,2024,Takur Tenggeret,Psilopogon australis,Least concern
E13,November,Burung,2024,Takur Tenggeret,Psilopogon australis,Least concern
E14,November,Burung,2024,Takur Tenggeret,Psilopogon australis,Least concern
E15,November,Burung,2024,Takur Tenggeret,Psilopogon australis,Least concern
E16,November,Burung,2024,Takur Tenggeret,Psilopogon australis,Least concern
E18,November,Burung,2024,Takur Tenggeret,Psilopogon australis,Least concern
E2,November,Burung,2024,Takur Tenggeret,Psilopogon australis,Least concern
E4,November,Burung,2024,Takur Tenggeret,Psilopogon australis,Least concern
D4,Juli,Burung,2024,Takur Tohtor,Psilopogon armillaris,Least concern
E5,November,Burung,2024,Takur Tohtor,Psilopogon armillaris,Least concern
E6,November,Burung,2024,Takur Tohtor,Psilopogon armillaris,Least concern
C19,Juli,Burung,2024,Takur Tulung Tumpuk,Psilopogon javensis,Least concern
C3,Juli,Burung,2024,Takur Tulung Tumpuk,Psilopogon javensis,Least concern
C4,Juli,Burung,2024,Takur Tulung Tumpuk,Psilopogon javensis,Least concern
C7,Juli,Burung,2024,Takur Tulung Tumpuk,Psilopogon javensis,Least concern
C9,Juli,Burung,2024,Takur Tulung Tumpuk,Psilopogon javensis,Least concern
D18,Juli,Burung,2024,Takur Tulung Tumpuk,Psilopogon javensis,Least concern
D5,Juli,Burung,2024,Takur Tulung Tumpuk,Psilopogon javensis,Least concern
D6,Juli,Burung,2024,Takur Tulung Tumpuk,Psilopogon javensis,Least concern
H10,Juli,Burung,2024,Takur Tulung Tumpuk,Psilopogon javensis,Least concern
H11,Juli,Burung,2024,Takur Tulung Tumpuk,Psilopogon javensis,Least concern
C8,Maret,Burung,2024,Takur Tulung Tumpuk,Psilopogon javensis,Least concern
C2,Maret,Burung,2024,Takur Tulung Tumpuk,Psilopogon javensis,Least concern
D11,Maret,Burung,2024,Takur Tulung Tumpuk,Psilopogon javensis,Least concern
F9,Maret,Burung,2024,Takur Tulung Tumpuk,Psilopogon javensis,Least concern
F8,Maret,Burung,2024,Takur Tulung Tumpuk,Psilopogon javensis,Least concern
F7,Maret,Burung,2024,Takur Tulung Tumpuk,Psilopogon javensis,Least concern
C18,Maret,Burung,2024,Takur Tulung Tumpuk,Psilopogon javensis,Least concern
E4,Maret,Burung,2024,Takur Tulung Tumpuk,Psilopogon javensis,Least concern
G10,Maret,Burung,2024,Takur Tulung Tumpuk,Psilopogon javensis,Least concern
G9,Maret,Burung,2024,Takur Tulung Tumpuk,Psilopogon javensis,Least concern
H9,Maret,Burung,2024,Takur Tulung Tumpuk,Psilopogon javensis,Least concern
H11,Maret,Burung,2024,Takur Tulung Tumpuk,Psilopogon javensis,Least concern
J13,Maret,Burung,2024,Takur Tulung Tumpuk,Psilopogon javensis,Least concern
J14,Maret,Burung,2024,Takur Tulung Tumpuk,Psilopogon javensis,Least concern
I14,Maret,Burung,2024,Takur Tulung Tumpuk,Psilopogon javensis,Least concern
H14,Maret,Burung,2024,Takur Tulung Tumpuk,Psilopogon javensis,Least concern
G13,Maret,Burung,2024,Takur Tulung Tumpuk,Psilopogon javensis,Least concern
F16,Maret,Burung,2024,Takur Tulung Tumpuk,Psilopogon javensis,Least concern
E13,Maret,Burung,2024,Takur Tulung Tumpuk,Psilopogon javensis,Least concern
E14,Maret,Burung,2024,Takur Tulung Tumpuk,Psilopogon javensis,Least concern
E15,Maret,Burung,2024,Takur Tulung Tumpuk,Psilopogon javensis,Least concern
E16,Maret,Burung,2024,Takur Tulung Tumpuk,Psilopogon javensis,Least concern
D15,Maret,Burung,2024,Takur Tulung Tumpuk,Psilopogon javensis,Least concern
D16,Maret,Burung,2024,Takur Tulung Tumpuk,Psilopogon javensis,Least concern
E18,Maret,Burung,2024,Takur Tulung Tumpuk,Psilopogon javensis,Least concern
D18,Maret,Burung,2024,Takur Tulung Tumpuk,Psilopogon javensis,Least concern
D19,Maret,Burung,2024,Takur Tulung Tumpuk,Psilopogon javensis,Least concern
D20,Maret,Burung,2024,Takur Tulung Tumpuk,Psilopogon javensis,Least concern
C14,Maret,Burung,2024,Takur Tulung Tumpuk,Psilopogon javensis,Least concern
C17,Maret,Burung,2024,Takur Tulung Tumpuk,Psilopogon javensis,Least concern
C18,Maret,Burung,2024,Takur Tulung Tumpuk,Psilopogon javensis,Least concern
C19,Maret,Burung,2024,Takur Tulung Tumpuk,Psilopogon javensis,Least concern
C20,Maret,Burung,2024,Takur Tulung Tumpuk,Psilopogon javensis,Least concern
B14,Maret,Burung,2024,Takur Tulung Tumpuk,Psilopogon javensis,Least concern
B16,Maret,Burung,2024,Takur Tulung Tumpuk,Psilopogon javensis,Least concern
B18,Maret,Burung,2024,Takur Tulung Tumpuk,Psilopogon javensis,Least concern
B19,Maret,Burung,2024,Takur Tulung Tumpuk,Psilopogon javensis,Least concern
A16,Maret,Burung,2024,Takur Tulung Tumpuk,Psilopogon javensis,Least concern
C4,Maret,Burung,2024,Takur Tulung Tumpuk,Psilopogon javensis,Least concern
C6,Maret,Burung,2024,Takur Tulung Tumpuk,Psilopogon javensis,Least concern
E7,November,Burung,2024,Takur Tulung Tumpuk,Psilopogon javensis,Least concern
E8,November,Burung,2024,Takur Tulung Tumpuk,Psilopogon javensis,Least concern
E9,November,Burung,2024,Takur Tulung Tumpuk,Psilopogon javensis,Least concern
D17,November,Burung,2024,Takur Tulung Tumpuk,Psilopogon javensis,Least concern
E13,November,Burung,2024,Takur Tulung Tumpuk,Psilopogon javensis,Least concern
C17,November,Burung,2024,Takur Tulung Tumpuk,Psilopogon javensis,Least concern
F6,November,Burung,2024,Takur Tulung Tumpuk,Psilopogon javensis,Least concern
E5,November,Burung,2024,Takur Tulung Tumpuk,Psilopogon javensis,Least concern
C15,November,Burung,2024,Takur Tulung Tumpuk,Psilopogon javensis,Least concern
A16,November,Burung,2024,Takur Tulung Tumpuk,Psilopogon javensis,Least concern
B19,November,Burung,2024,Takur Tulung Tumpuk,Psilopogon javensis,Least concern
A16,November,Burung,2024,Takur Tulung Tumpuk,Psilopogon javensis,Least concern
B17,November,Burung,2024,Takur Tulung Tumpuk,Psilopogon javensis,Least concern
A15,November,Burung,2024,Takur Tulung Tumpuk,Psilopogon javensis,Least concern
D8,November,Burung,2024,Takur Tulung Tumpuk,Psilopogon javensis,Least concern
B18,November,Burung,2024,Takur Tulung Tumpuk,Psilopogon javensis,Least concern
C5,November,Burung,2024,Takur Tulung Tumpuk,Psilopogon javensis,Least concern
D11,November,Burung,2024,Takur Tulung Tumpuk,Psilopogon javensis,Least concern
C18,November,Burung,2024,Takur Tulung Tumpuk,Psilopogon javensis,Least concern
C3,November,Burung,2024,Takur Tulung Tumpuk,Psilopogon javensis,Least concern
C4,November,Burung,2024,Takur Tulung Tumpuk,Psilopogon javensis,Least concern
B16,November,Burung,2024,Takur Tulung Tumpuk,Psilopogon javensis,Least concern
D18,November,Burung,2024,Takur Tulung Tumpuk,Psilopogon javensis,Least concern
E18,November,Burung,2024,Takur Tulung Tumpuk,Psilopogon javensis,Least concern
C1,November,Burung,2024,Takur Tulung Tumpuk,Psilopogon javensis,Least concern
D19,November,Burung,2024,Takur Tulung Tumpuk,Psilopogon javensis,Least concern
A16,November,Burung,2024,Takur Tulung Tumpuk,Psilopogon javensis,Least concern
G10,November,Burung,2024,Takur Tulung Tumpuk,Psilopogon javensis,Least concern
C7,November,Burung,2024,Takur Tulung Tumpuk,Psilopogon javensis,Least concern
E5,November,Burung,2024,Takur Tulung Tumpuk,Psilopogon javensis,Least concern
C19,November,Burung,2024,Takur Tulung Tumpuk,Psilopogon javensis,Least concern
G10,November,Burung,2024,Takur Tulung Tumpuk,Psilopogon javensis,Least concern
G13,November,Burung,2024,Takur Tulung Tumpuk,Psilopogon javensis,Least concern
G9,November,Burung,2024,Takur Tulung Tumpuk,Psilopogon javensis,Least concern
B15,November,Burung,2024,Takur Tulung Tumpuk,Psilopogon javensis,Least concern
J13,Juli,Burung,2024,Takur Ungkut Ungkut,Psilopogon haemacephalus,Least concern
D8,Maret,Burung,2024,Takur Ungkut Ungkut,Psilopogon haemacephalus,Least concern
D5,Maret,Burung,2024,Takur Ungkut Ungkut,Psilopogon haemacephalus,Least concern
D4,Maret,Burung,2024,Takur Ungkut Ungkut,Psilopogon haemacephalus,Least concern
D3,Maret,Burung,2024,Takur Ungkut Ungkut,Psilopogon haemacephalus,Least concern
F10,Maret,Burung,2024,Takur Ungkut Ungkut,Psilopogon haemacephalus,Least concern
F9,Maret,Burung,2024,Takur Ungkut Ungkut,Psilopogon haemacephalus,Least concern
E8,Maret,Burung,2024,Takur Ungkut Ungkut,Psilopogon haemacephalus,Least concern
G10,Maret,Burung,2024,Takur Ungkut Ungkut,Psilopogon haemacephalus,Least concern
G9,Maret,Burung,2024,Takur Ungkut Ungkut,Psilopogon haemacephalus,Least concern
H10,Maret,Burung,2024,Takur Ungkut Ungkut,Psilopogon haemacephalus,Least concern
I13,Maret,Burung,2024,Takur Ungkut Ungkut,Psilopogon haemacephalus,Least concern
H14,Maret,Burung,2024,Takur Ungkut Ungkut,Psilopogon haemacephalus,Least concern
G14,Maret,Burung,2024,Takur Ungkut Ungkut,Psilopogon haemacephalus,Least concern
G15,Maret,Burung,2024,Takur Ungkut Ungkut,Psilopogon haemacephalus,Least concern
F13,Maret,Burung,2024,Takur Ungkut Ungkut,Psilopogon haemacephalus,Least concern
F14,Maret,Burung,2024,Takur Ungkut Ungkut,Psilopogon haemacephalus,Least concern
E14,Maret,Burung,2024,Takur Ungkut Ungkut,Psilopogon haemacephalus,Least concern
A16,November,Burung,2024,Takur Ungkut Ungkut,Psilopogon haemacephalus,Least concern
D20,November,Burung,2024,Takur Ungkut Ungkut,Psilopogon haemacephalus,Least concern
C1,November,Burung,2024,Takur Ungkut Ungkut,Psilopogon haemacephalus,Least concern
D20,November,Burung,2024,Takur Ungkut Ungkut,Psilopogon haemacephalus,Least concern
G8,November,Burung,2024,Takur Ungkut Ungkut,Psilopogon haemacephalus,Least concern
G7,November,Burung,2024,Takur Ungkut Ungkut,Psilopogon haemacephalus,Least concern
F10,November,Burung,2024,Takur Ungkut Ungkut,Psilopogon haemacephalus,Least concern
C20,November,Burung,2024,Takur Ungkut Ungkut,Psilopogon haemacephalus,Least concern
F13,November,Burung,2024,Takur Ungkut Ungkut,Psilopogon haemacephalus,Least concern
C21,November,Burung,2024,Takur Ungkut Ungkut,Psilopogon haemacephalus,Least concern
D1,November,Burung,2024,Takur Ungkut Ungkut,Psilopogon haemacephalus,Least concern
B16,Juli,Burung,2024,Tepekong Jambul,Hemiprocne longipennis,Least concern
C20,Juli,Burung,2024,Tepekong Jambul,Hemiprocne longipennis,Least concern
D15,Juli,Burung,2024,Tepekong Jambul,Hemiprocne longipennis,Least concern
E15,Juli,Burung,2024,Tepekong Jambul,Hemiprocne longipennis,Least concern
D7,Maret,Burung,2024,Tepekong Jambul,Hemiprocne longipennis,Least concern
E7,Maret,Burung,2024,Tepekong Jambul,Hemiprocne longipennis,Least concern
I14,Maret,Burung,2024,Tepekong Jambul,Hemiprocne longipennis,Least concern
G13,Maret,Burung,2024,Tepekong Jambul,Hemiprocne longipennis,Least concern
G15,Maret,Burung,2024,Tepekong Jambul,Hemiprocne longipennis,Least concern
F13,Maret,Burung,2024,Tepekong Jambul,Hemiprocne longipennis,Least concern
G7,November,Burung,2024,Tepekong Jambul,Hemiprocne longipennis,Least concern
D1,November,Burung,2024,Tepekong Jambul,Hemiprocne longipennis,Least concern
H14,November,Burung,2024,Tiong Emas,Gracula religiosa,Least concern
D13,Juli,Burung,2024,Udang Api,Ceyx rufidorsa,Least concern
E7,Juli,Burung,2024,Udang Api,Ceyx rufidorsa,Least concern
E5,Maret,Burung,2024,Uncal Buau,Macropygia emiliana,Least concern
G15,Maret,Burung,2024,Uncal Buau,Macropygia emiliana,Least concern
A15,Juli,Burung,2024,Walet Linci,Collocalia linchi,Least concern
C2,Juli,Burung,2024,Walet Linci,Collocalia linchi,Least concern
C21,Juli,Burung,2024,Walet Linci,Collocalia linchi,Least concern
C6,Juli,Burung,2024,Walet Linci,Collocalia linchi,Least concern
C7,Juli,Burung,2024,Walet Linci,Collocalia linchi,Least concern
C7,Juli,Burung,2024,Walet Linci,Collocalia linchi,Least concern
C9,Juli,Burung,2024,Walet Linci,Collocalia linchi,Least concern
D19,Juli,Burung,2024,Walet Linci,Collocalia linchi,Least concern
D20,Juli,Burung,2024,Walet Linci,Collocalia linchi,Least concern
E2,Juli,Burung,2024,Walet Linci,Collocalia linchi,Least concern
F2,Juli,Burung,2024,Walet Linci,Collocalia linchi,Least concern
G10,Juli,Burung,2024,Walet Linci,Collocalia linchi,Least concern
H10,Juli,Burung,2024,Walet Linci,Collocalia linchi,Least concern
H12,Juli,Burung,2024,Walet Linci,Collocalia linchi,Least concern
H9,Juli,Burung,2024,Walet Linci,Collocalia linchi,Least concern
H9,Juli,Burung,2024,Walet Linci,Collocalia linchi,Least concern
I11,Juli,Burung,2024,Walet Linci,Collocalia linchi,Least concern
I12,Juli,Burung,2024,Walet Linci,Collocalia linchi,Least concern
B18,Juli,Burung,2024,Walik Kembang,Ptilinopus melanospilus,Least concern
C2,Juli,Burung,2024,Walik Kembang,Ptilinopus melanospilus,Least concern
H13,Juli,Burung,2024,Walik Kembang,Ptilinopus melanospilus,Least concern
H9,Juli,Burung,2024,Walik Kembang,Ptilinopus melanospilus,Least concern
C5,Maret,Burung,2024,Walik Kembang,Ptilinopus melanospilus,Least concern
D4,Maret,Burung,2024,Walik Kembang,Ptilinopus melanospilus,Least concern
F7,Maret,Burung,2024,Walik Kembang,Ptilinopus melanospilus,Least concern
C18,Maret,Burung,2024,Walik Kembang,Ptilinopus melanospilus,Least concern
E8,Maret,Burung,2024,Walik Kembang,Ptilinopus melanospilus,Least concern
G9,Maret,Burung,2024,Walik Kembang,Ptilinopus melanospilus,Least concern
J13,Maret,Burung,2024,Walik Kembang,Ptilinopus melanospilus,Least concern
G15,Maret,Burung,2024,Walik Kembang,Ptilinopus melanospilus,Least concern
D18,Maret,Burung,2024,Walik Kembang,Ptilinopus melanospilus,Least concern
D19,Maret,Burung,2024,Walik Kembang,Ptilinopus melanospilus,Least concern
C9,Maret,Burung,2024,Walik Kembang,Ptilinopus melanospilus,Least concern
B16,November,Burung,2024,Walik Kembang,Ptilinopus melanospilus,Least concern
C1,November,Burung,2024,Walik Kembang,Ptilinopus melanospilus,Least concern
F3,Juli,Burung,2024,Wiwik Kelabu,Cacomantis merulinus,Least concern
D11,Maret,Burung,2024,Wiwik Kelabu,Cacomantis merulinus,Least concern
E9,Maret,Burung,2024,Wiwik Kelabu,Cacomantis merulinus,Least concern
A16,November,Burung,2024,Wiwik Kelabu,Cacomantis merulinus,Least concern
C1,November,Burung,2024,Wiwik Kelabu,Cacomantis merulinus,Least concern
D1,November,Burung,2024,Wiwik Kelabu,Cacomantis merulinus,Least concern
G8,November,Burung,2024,Wiwik Kelabu,Cacomantis merulinus,Least concern
C1,November,Burung,2024,Wiwik Kelabu,Cacomantis merulinus,Least concern
B16,November,Burung,2024,Wiwik Kelabu,Cacomantis merulinus,Least concern
G7,November,Burung,2024,Wiwik Lurik,Cacomantis sonneratii,Least concern
B19,Juli,Burung,2024,Wiwik Rimba,Cacomantis variolosus sepulcralis,Least concern
F4,Juli,Burung,2024,Wiwik Rimba,Cacomantis variolosus sepulcralis,Least concern
D1,Maret,Burung,2024,Wiwik Rimba,Cacomantis variolosus sepulcralis,Least concern
F6,Maret,Burung,2024,Wiwik Rimba,Cacomantis variolosus sepulcralis,Least concern
F2,Maret,Burung,2024,Wiwik Rimba,Cacomantis variolosus sepulcralis,Least concern
B19,Maret,Burung,2024,Wiwik Rimba,Cacomantis variolosus sepulcralis,Least concern
G9,Februari,Burung,2025,Takur Tenggeret,Psilopogon australis,Least concern
G9,Februari,Burung,2025,Cabai Jawa,Dicaeum trochileum,Least concern
G9,Februari,Burung,2025,Pijantung Kecil,Arachnothera longirostra,Least concern
G9,Februari,Burung,2025,Bubut Besar,Centropus sinensis,Least concern
H9,Februari,Burung,2025,Takur Tenggeret,Psilopogon australis,Least concern
H9,Februari,Burung,2025,Cabai Bunga Api,Dicaeum trigonostigma,Least concern
H9,Februari,Burung,2025,Merbah Corok Corok,Pycnonotus simplex,Least concern
H9,Februari,Burung,2025,Wiwik Kelabu,Cacomantis merulinus,Least concern
H9,Februari,Burung,2025,Pijantung Kecil,Arachnothera longirostra,Least concern
H9,Februari,Burung,2025,Serindit Jawa,Loriculus pusillus,Near Threatened
I9,Februari,Burung,2025,Cabai Bunga Api,Dicaeum trigonostigma,Least concern
I9,Februari,Burung,2025,Tepus Gelagah,Timalia pileata,Least concern
I9,Februari,Burung,2025,Takur Tenggeret,Psilopogon australis,Least concern
I9,Februari,Burung,2025,Cipoh Kacat,Aegithina tiphia,Least concern
I9,Februari,Burung,2025,Jingjing Batu,Hemipus hirundinaceus,Least concern
I9,Februari,Burung,2025,Sepah Kecil,Pericrocotus cinnamomeus,Least concern
I9,Februari,Burung,2025,Takur Ungkut Ungkut,Psilopogon haemacephalus,Least concern
H10,Februari,Burung,2025,Cekakak Sungai,Todiramphus chloris,Least concern
H10,Februari,Burung,2025,Jingjing Batu,Hemipus hirundinaceus,Least concern
H10,Februari,Burung,2025,Punai Penganten,Treron griseicauda,Least concern
H10,Februari,Burung,2025,Sepah Hutan,Pericrocotus flammeus,Least concern
H10,Februari,Burung,2025,Takur Tulung Tumpuk,Psilopogon javensis,Least concern
H11,Februari,Burung,2025,Cipoh Kacat,Aegithina tiphia,Least concern
H11,Februari,Burung,2025,Takur Tenggeret,Psilopogon australis,Least concern
H11,Februari,Burung,2025,Cabai Bunga Api,Dicaeum trigonostigma,Least concern
I11,Februari,Burung,2025,Cipoh Kacat,Aegithina tiphia,Least concern
I11,Februari,Burung,2025,Takur Tenggeret,Psilopogon australis,Least concern
I11,Februari,Burung,2025,Pijantung Kecil,Arachnothera longirostra,Least concern
I11,Februari,Burung,2025,Jingjing Batu,Hemipus hirundinaceus,Least concern
I11,Februari,Burung,2025,Takur Tulung Tumpuk,Psilopogon javensis,Least concern
I12,Februari,Burung,2025,Takur Tenggeret,Psilopogon australis,Least concern
I12,Februari,Burung,2025,Takur Ungkut Ungkut,Psilopogon haemacephalus,Least concern
H12,Februari,Burung,2025,Tekukur Biasa,Spilopelia Chinensis,Least concern
H12,Februari,Burung,2025,Wiwik Kelabu,Cacomantis merulinus,Least concern
H12,Februari,Burung,2025,Takur Tulung Tumpuk,Psilopogon javensis,Least concern
H12,Februari,Burung,2025,Cabai Jawa,Dicaeum trochileum,Least concern
H12,Februari,Burung,2025,Pijantung Kecil,Arachnothera longirostra,Least concern
H12,Februari,Burung,2025,Cipoh Kacat,Aegithina tiphia,Least concern
I14,Februari,Burung,2025,Takur Tulung Tumpuk,Psilopogon javensis,Least concern
I14,Februari,Burung,2025,Merbah Corok Corok,Pycnonotus simplex,Least concern
I14,Februari,Burung,2025,Cinenen Pisang,Orthotomus sutorius,Least concern
I14,Februari,Burung,2025,Walik Kembang,Ptilinopus melanospilus,Least concern
H13,Februari,Burung,2025,Punai Penganten,Treron griseicauda,Least concern
H13,Februari,Burung,2025,Cipoh Kacat,Aegithina tiphia,Least concern
H13,Februari,Burung,2025,Merbah Corok Corok,Pycnonotus simplex,Least concern
H13,Februari,Burung,2025,Pijantung Kecil,Arachnothera longirostra,Least concern
H13,Februari,Burung,2025,Walik Kembang,Ptilinopus melanospilus,Least concern
H13,Februari,Burung,2025,Kadalan Birah,Phaenicophaeus curvirostris,Least concern
H13,Februari,Burung,2025,Pelatuk Besi,Dinopium javanense,Least concern
G10,Februari,Burung,2025,Cekakak Sungai,Todiramphus chloris,Least concern
G10,Februari,Burung,2025,Cipoh Kacat,Aegithina tiphia,Least concern
G10,Februari,Burung,2025,Cabai Bunga Api,Dicaeum trigonostigma,Least concern
G10,Februari,Burung,2025,Pijantung Gunung,Arachnothera affinis,Least concern
G10,Februari,Burung,2025,Takur Tenggeret,Psilopogon australis,Least concern
G10,Februari,Burung,2025,Takur Tulung Tumpuk,Psilopogon javensis,Least concern
F10,Februari,Burung,2025,Takur Tenggeret,Psilopogon australis,Least concern
F10,Februari,Burung,2025,Cucak Kutilang,Pycnonotus aurigaster,Least concern
F10,Februari,Burung,2025,Cekakak Sungai,Todiramphus chloris,Least concern
F10,Februari,Burung,2025,Takur Tulung Tumpuk,Psilopogon javensis,Least concern
F10,Februari,Burung,2025,Caladi Tilik,Dendrocopos moluccensis,Least concern
F10,Februari,Burung,2025,Cipoh Kacat,Aegithina tiphia,Least concern
F10,Februari,Burung,2025,Gagak Hutan,Corvus enca,Least concern
G13,Februari,Burung,2025,Tepus Gelagah,Timalia pileata,Least concern
G13,Februari,Burung,2025,Cekakak Jawa,Halcyon cyanoventris,Least concern
G13,Februari,Burung,2025,Takur Tulung Tumpuk,Psilopogon javensis,Least concern
G13,Februari,Burung,2025,Takur Tohtor,Psilopogon armillaris,Least concern
G13,Februari,Burung,2025,Cabai Bunga Api,Dicaeum trigonostigma,Least concern
G13,Februari,Burung,2025,Sepah Hutan,Pericrocotus flammeus,Least concern
G13,Februari,Burung,2025,Pijantung Kecil,Arachnothera longirostra,Least concern
J13,Februari,Burung,2025,Takur Tulung Tumpuk,Psilopogon javensis,Least concern
J13,Februari,Burung,2025,Jingjing Batu,Hemipus hirundinaceus,Least concern
J13,Februari,Burung,2025,Cucak Kutilang,Pycnonotus aurigaster,Least concern
J13,Februari,Burung,2025,Cucak Kutilang,Pycnonotus aurigaster,Least concern
J13,Februari,Burung,2025,Cinenen Pisang,Orthotomus sutorius,Least concern
J13,Februari,Burung,2025,Sepah Hutan,Pericrocotus flammeus,Least concern
J13,Februari,Burung,2025,Kirik Kirik Senja,Merops leschenaulti,Least concern
J14,Februari,Burung,2025,Cipoh Kacat,Aegithina tiphia,Least concern
J14,Februari,Burung,2025,Tepus Gelagah,Timalia pileata,Least concern
J14,Februari,Burung,2025,Cabai Jawa,Dicaeum trochileum,Least concern
J14,Februari,Burung,2025,Sempur Hujan Rimba,Eurylaimus javanicus,Least concern
I14,Februari,Burung,2025,Takur Tulung Tumpuk,Psilopogon javensis,Least concern
I14,Februari,Burung,2025,Cabai Bunga Api,Dicaeum trigonostigma,Least concern
I14,Februari,Burung,2025,Pijantung Kecil,Arachnothera longirostra,Least concern
I14,Februari,Burung,2025,Cinenen Pisang,Orthotomus sutorius,Least concern
I14,Februari,Burung,2025,Merbah Corok Corok,Pycnonotus simplex,Least concern
H14,Februari,Burung,2025,Elang Ular Bido,Spilornis cheela,Least concern
H14,Februari,Burung,2025,Merbah Corok Corok,Pycnonotus simplex,Least concern
H14,Februari,Burung,2025,Pijantung Kecil,Arachnothera longirostra,Least concern
H14,Februari,Burung,2025,Takur Tulung Tumpuk,Psilopogon javensis,Least concern
H14,Februari,Burung,2025,Cinenen Pisang,Orthotomus sutorius,Least concern
H14,Februari,Burung,2025,Cabai Jawa,Dicaeum trochileum,Least concern
H14,Februari,Burung,2025,Punai Gading,Treron vernans,Least concern
H14,Februari,Burung,2025,Sepah Hutan,Pericrocotus flammeus,Least concern
H14,Februari,Burung,2025,Puyuh Gonggong Jawa,Arborophila javanica,Least concern
G14,Februari,Burung,2025,Merbah Corok Corok,Pycnonotus simplex,Least concern
G14,Februari,Burung,2025,Burung Madu Kelapa,Anthreptes malacensis,Least concern
G14,Februari,Burung,2025,Cucak Kutilang,Pycnonotus aurigaster,Least concern
G14,Februari,Burung,2025,Cipoh Kacat,Aegithina tiphia,Least concern
G14,Februari,Burung,2025,Sepah Hutan,Pericrocotus flammeus,Least concern
G14,Februari,Burung,2025,Pijantung Kecil,Arachnothera longirostra,Least concern
G14,Februari,Burung,2025,Takur Tulung Tumpuk,Psilopogon javensis,Least concern
G15,Februari,Burung,2025,Merbah Corok Corok,Pycnonotus simplex,Least concern
G15,Februari,Burung,2025,Takur Tulung Tumpuk,Psilopogon javensis,Least concern
G15,Februari,Burung,2025,Pijantung Kecil,Arachnothera longirostra,Least concern
G15,Februari,Burung,2025,Cabai Bunga Api,Dicaeum trigonostigma,Least concern
G16,Februari,Burung,2025,Takur Tenggeret,Psilopogon australis,Least concern
G16,Februari,Burung,2025,Jingjing Batu,Hemipus hirundinaceus,Least concern
G16,Februari,Burung,2025,Pijantung Kecil,Arachnothera longirostra,Least concern
G16,Februari,Burung,2025,Cinenen Pisang,Orthotomus sutorius,Least concern
G16,Februari,Burung,2025,Elang Ular Bido,Spilornis cheela,Least concern
G16,Februari,Burung,2025,Cabai Bunga Api,Dicaeum trigonostigma,Least concern
F16,Februari,Burung,2025,Kehicap Ranting,Hypothymis azurea,Least concern
F16,Februari,Burung,2025,Elang Ular Bido,Spilornis cheela,Least concern
F16,Februari,Burung,2025,Sikatan Burik,Muscicapa griseisticta,Least concern
F16,Februari,Burung,2025,Merbah Corok Corok,Pycnonotus simplex,Least concern
F16,Februari,Burung,2025,Cipoh Kacat,Aegithina tiphia,Least concern
F16,Februari,Burung,2025,Cinenen Pisang,Orthotomus sutorius,Least concern
F16,Februari,Burung,2025,Takur Tulung Tumpuk,Psilopogon javensis,Least concern
F15,Februari,Burung,2025,Merbah Corok Corok,Pycnonotus simplex,Least concern
F15,Februari,Burung,2025,Takur Tulung Tumpuk,Psilopogon javensis,Least concern
F15,Februari,Burung,2025,Cinenen Pisang,Orthotomus sutorius,Least concern
F15,Februari,Burung,2025,Cabai Bunga Api,Dicaeum trigonostigma,Least concern
F15,Februari,Burung,2025,Walet Linci,Collocalia linchi,Least concern
F14,Februari,Burung,2025,Cabai Bunga Api,Dicaeum trigonostigma,Least concern
F14,Februari,Burung,2025,Merbah Corok Corok,Pycnonotus simplex,Least concern
F14,Februari,Burung,2025,Cipoh Kacat,Aegithina tiphia,Least concern
F14,Februari,Burung,2025,Pijantung Kecil,Arachnothera longirostra,Least concern
F14,Februari,Burung,2025,Cucak Kutilang,Pycnonotus aurigaster,Least concern
F14,Februari,Burung,2025,Cekakak Batu,Lacedo pulchella,Least concern
F13,Februari,Burung,2025,Merbah Corok Corok,Pycnonotus simplex,Least concern
F13,Februari,Burung,2025,Cabai Jawa,Dicaeum trochileum,Least concern
F13,Februari,Burung,2025,Pijantung Gunung,Arachnothera affinis,Least concern
F13,Februari,Burung,2025,Takur Tulung Tumpuk,Psilopogon javensis,Least concern
F13,Februari,Burung,2025,Takur Tenggeret,Psilopogon australis,Least concern
F13,Februari,Burung,2025,Cabai Bunga Api,Dicaeum trigonostigma,Least concern
E13,Februari,Burung,2025,Merbah Corok Corok,Pycnonotus simplex,Least concern
E13,Februari,Burung,2025,Takur Tenggeret,Psilopogon australis,Least concern
E13,Februari,Burung,2025,Takur Tulung Tumpuk,Psilopogon javensis,Least concern
D13,Februari,Burung,2025,Cucak Kutilang,Pycnonotus aurigaster,Least concern
D13,Februari,Burung,2025,Cabai Bunga Api,Dicaeum trigonostigma,Least concern
D13,Februari,Burung,2025,Cekakak Jawa,Halcyon cyanoventris,Least concern
D13,Februari,Burung,2025,Cekakak Sungai,Todiramphus chloris,Least concern
D13,Februari,Burung,2025,Tekukur Biasa,Spilopelia Chinensis,Least concern
D13,Februari,Burung,2025,Meninting Besar,Enicurus leschenaulti,Least concern
D13,Februari,Burung,2025,Julang Emas,Rhyticeros undulatus,Vulnerable
D14,Februari,Burung,2025,Merbah Corok Corok,Pycnonotus simplex,Least concern
D14,Februari,Burung,2025,Cabai Bunga Api,Dicaeum trigonostigma,Least concern
D14,Februari,Burung,2025,Jingjing Batu,Hemipus hirundinaceus,Least concern
D14,Februari,Burung,2025,Bubut Besar,Centropus sinensis,Least concern
D14,Februari,Burung,2025,Pelatuk Besi,Dinopium javanense,Least concern
D14,Februari,Burung,2025,Pijantung Kecil,Arachnothera longirostra,Least concern
D14,Februari,Burung,2025,Cipoh Kacat,Aegithina tiphia,Least concern
D14,Februari,Burung,2025,Tepus Gelagah,Timalia pileata,Least concern
D14,Februari,Burung,2025,Takur Tulung Tumpuk,Psilopogon javensis,Least concern
E14,Februari,Burung,2025,Takur Tulung Tumpuk,Psilopogon javensis,Least concern
E14,Februari,Burung,2025,Merbah Corok Corok,Pycnonotus simplex,Least concern
E14,Februari,Burung,2025,Takur Tenggeret,Psilopogon australis,Least concern
E14,Februari,Burung,2025,Punai Gading,Treron vernans,Least concern
E14,Februari,Burung,2025,Cinenen Pisang,Orthotomus sutorius,Least concern
E14,Februari,Burung,2025,Serindit Jawa,Loriculus pusillus,Near Threatened
E15,Februari,Burung,2025,Sepah Hutan,Pericrocotus flammeus,Least concern
E15,Februari,Burung,2025,Bubut Besar,Centropus sinensis,Least concern
E15,Februari,Burung,2025,Takur Ungkut Ungkut,Psilopogon haemacephalus,Least concern
E15,Februari,Burung,2025,Kadalan Birah,Phaenicophaeus curvirostris,Least concern
E15,Februari,Burung,2025,Merbah Corok Corok,Pycnonotus simplex,Least concern
E15,Februari,Burung,2025,Cinenen Pisang,Orthotomus sutorius,Least concern
E15,Februari,Burung,2025,Pijantung Kecil,Arachnothera longirostra,Least concern
E15,Februari,Burung,2025,Walik Kembang,Ptilinopus melanospilus,Least concern
E15,Februari,Burung,2025,Takur Tulung Tumpuk,Psilopogon javensis,Least concern
E16,Februari,Burung,2025,Merbah Corok Corok,Pycnonotus simplex,Least concern
E16,Februari,Burung,2025,Jingjing Batu,Hemipus hirundinaceus,Least concern
E16,Februari,Burung,2025,Bubut Besar,Centropus sinensis,Least concern
E16,Februari,Burung,2025,Takur Tulung Tumpuk,Psilopogon javensis,Least concern
E16,Februari,Burung,2025,Cipoh Kacat,Aegithina tiphia,Least concern
D16,Februari,Burung,2025,Merbah Corok Corok,Pycnonotus simplex,Least concern
D16,Februari,Burung,2025,Walik Kembang,Ptilinopus melanospilus,Least concern
D16,Februari,Burung,2025,Sepah Hutan,Pericrocotus flammeus,Least concern
D16,Februari,Burung,2025,Pijantung Kecil,Arachnothera longirostra,Least concern
D16,Februari,Burung,2025,Cabai Bunga Api,Dicaeum trigonostigma,Least concern
D15,Februari,Burung,2025,Sepah Hutan,Pericrocotus flammeus,Least concern
D15,Februari,Burung,2025,Cipoh Kacat,Aegithina tiphia,Least concern
D15,Februari,Burung,2025,Jingjing Batu,Hemipus hirundinaceus,Least concern
D15,Februari,Burung,2025,Serindit Jawa,Loriculus pusillus,Near Threatened
D15,Februari,Burung,2025,Pijantung Kecil,Arachnothera longirostra,Least concern
D15,Februari,Burung,2025,Takur Ungkut Ungkut,Psilopogon haemacephalus,Least concern
D15,Februari,Burung,2025,Kadalan Birah,Phaenicophaeus curvirostris,Least concern
D11,Februari,Burung,2025,Merbah Corok Corok,Pycnonotus simplex,Least concern
D11,Februari,Burung,2025,Walet Linci,Collocalia linchi,Least concern
D11,Februari,Burung,2025,Cinenen Pisang,Orthotomus sutorius,Least concern
D11,Februari,Burung,2025,Elang Ular Bido,Spilornis cheela,Least concern
D11,Februari,Burung,2025,Sepah Hutan,Pericrocotus flammeus,Least concern
D11,Februari,Burung,2025,Takur Tulung Tumpuk,Psilopogon javensis,Least concern
D10,Februari,Burung,2025,Cucak Kutilang,Pycnonotus aurigaster,Least concern
D10,Februari,Burung,2025,Takur Tulung Tumpuk,Psilopogon javensis,Least concern
D10,Februari,Burung,2025,Merbah Corok Corok,Pycnonotus simplex,Least concern
D10,Februari,Burung,2025,Cinenen Pisang,Orthotomus sutorius,Least concern
D9,Februari,Burung,2025,Cabai Bunga Api,Dicaeum trigonostigma,Least concern
D9,Februari,Burung,2025,Cipoh Kacat,Aegithina tiphia,Least concern
D9,Februari,Burung,2025,Cekakak Jawa,Halcyon cyanoventris,Least concern
D9,Februari,Burung,2025,Merbah Corok Corok,Pycnonotus simplex,Least concern
D9,Februari,Burung,2025,Takur Tulung Tumpuk,Psilopogon javensis,Least concern
D9,Februari,Burung,2025,Wiwik Kelabu,Cacomantis merulinus,Least concern
C10,Februari,Burung,2025,Kadalan Birah,Phaenicophaeus curvirostris,Least concern
C10,Februari,Burung,2025,Cipoh Kacat,Aegithina tiphia,Least concern
C10,Februari,Burung,2025,Cabai Bunga Api,Dicaeum trigonostigma,Least concern
C10,Februari,Burung,2025,Merbah Corok Corok,Pycnonotus simplex,Least concern
C10,Februari,Burung,2025,Takur Ungkut Ungkut,Psilopogon haemacephalus,Least concern
C10,Februari,Burung,2025,Pijantung Kecil,Arachnothera longirostra,Least concern
C10,Februari,Burung,2025,Jingjing Batu,Hemipus hirundinaceus,Least concern
C10,Februari,Burung,2025,Bubut Besar,Centropus sinensis,Least concern
C10,Februari,Burung,2025,Takur Tulung Tumpuk,Psilopogon javensis,Least concern
C9,Februari,Burung,2025,Takur Tulung Tumpuk,Psilopogon javensis,Least concern
C9,Februari,Burung,2025,Merbah Corok Corok,Pycnonotus simplex,Least concern
C9,Februari,Burung,2025,Cabai Bunga Api,Dicaeum trigonostigma,Least concern
C9,Februari,Burung,2025,Ayam Hutan Merah,Gallus gallus,Least concern
C9,Februari,Burung,2025,Cipoh Kacat,Aegithina tiphia,Least concern
C9,Februari,Burung,2025,Julang Emas,Rhyticeros undulatus,Vulnerable
C8,Februari,Burung,2025,Merbah Corok Corok,Pycnonotus simplex,Least concern
C8,Februari,Burung,2025,Cabai Jawa,Dicaeum trochileum,Least concern
C8,Februari,Burung,2025,Pijantung Kecil,Arachnothera longirostra,Least concern
C8,Februari,Burung,2025,Cipoh Kacat,Aegithina tiphia,Least concern
C7,Februari,Burung,2025,Takur Tulung Tumpuk,Psilopogon javensis,Least concern
C7,Februari,Burung,2025,Pijantung Kecil,Arachnothera longirostra,Least concern
C7,Februari,Burung,2025,Kadalan Birah,Phaenicophaeus curvirostris,Least concern
C7,Februari,Burung,2025,Cipoh Kacat,Aegithina tiphia,Least concern
C7,Februari,Burung,2025,Cabai Bunga Api,Dicaeum trigonostigma,Least concern
C7,Februari,Burung,2025,Serindit Jawa,Loriculus pusillus,Near Threatened
D7,Februari,Burung,2025,Takur Ungkut Ungkut,Psilopogon haemacephalus,Least concern
D7,Februari,Burung,2025,Merbah Corok Corok,Pycnonotus simplex,Least concern
D7,Februari,Burung,2025,Cipoh Kacat,Aegithina tiphia,Least concern
D7,Februari,Burung,2025,Cabai Bunga Api,Dicaeum trigonostigma,Least concern
D7,Februari,Burung,2025,Pijantung Kecil,Arachnothera longirostra,Least concern
D7,Februari,Burung,2025,Elang Ular Bido,Spilornis cheela,Least concern
D7,Februari,Burung,2025,Walik Kembang,Ptilinopus melanospilus,Least concern
D8,Februari,Burung,2025,Elang Ular Bido,Spilornis cheela,Least concern
D8,Februari,Burung,2025,Cinenen Pisang,Orthotomus sutorius,Least concern
D8,Februari,Burung,2025,Pijantung Kecil,Arachnothera longirostra,Least concern
D8,Februari,Burung,2025,Serindit Jawa,Loriculus pusillus,Near Threatened
D8,Februari,Burung,2025,Sepah Kecil,Pericrocotus cinnamomeus,Least concern
D8,Februari,Burung,2025,Kehicap Ranting,Hypothymis azurea,Least concern
D8,Februari,Burung,2025,Cipoh Kacat,Aegithina tiphia,Least concern
E8,Februari,Burung,2025,Elang Ular Bido,Spilornis cheela,Least concern
E8,Februari,Burung,2025,Cabai Jawa,Dicaeum trochileum,Least concern
E8,Februari,Burung,2025,Pijantung Kecil,Arachnothera longirostra,Least concern
E8,Februari,Burung,2025,Takur Ungkut Ungkut,Psilopogon haemacephalus,Least concern
E8,Februari,Burung,2025,Takur Tenggeret,Psilopogon australis,Least concern
E8,Februari,Burung,2025,Kadalan Birah,Phaenicophaeus curvirostris,Least concern
E9,Februari,Burung,2025,Takur Tenggeret,Psilopogon australis,Least concern
E9,Februari,Burung,2025,Cabai Bunga Api,Dicaeum trigonostigma,Least concern
E9,Februari,Burung,2025,Pijantung Kecil,Arachnothera longirostra,Least concern
E9,Februari,Burung,2025,Merbah Corok Corok,Pycnonotus simplex,Least concern
F9,Februari,Burung,2025,Cipoh Kacat,Aegithina tiphia,Least concern
F9,Februari,Burung,2025,Cucak Kutilang,Pycnonotus aurigaster,Least concern
F9,Februari,Burung,2025,Merbah Corok Corok,Pycnonotus simplex,Least concern
F9,Februari,Burung,2025,Takur Tulung Tumpuk,Psilopogon javensis,Least concern
F9,Februari,Burung,2025,Elang Ular Bido,Spilornis cheela,Least concern
G8,Februari,Burung,2025,Cabai Bunga Api,Dicaeum trigonostigma,Least concern
G8,Februari,Burung,2025,Merbah Corok Corok,Pycnonotus simplex,Least concern
G8,Februari,Burung,2025,Elang Ular Bido,Spilornis cheela,Least concern
G8,Februari,Burung,2025,Pijantung Kecil,Arachnothera longirostra,Least concern
G8,Februari,Burung,2025,Paok Pancawarna,Hydrornis guajanus,Least concern
G8,Februari,Burung,2025,Cekakak Jawa,Halcyon cyanoventris,Least concern
G7,Februari,Burung,2025,Cabai Bunga Api,Dicaeum trigonostigma,Least concern
G7,Februari,Burung,2025,Walik Kembang,Ptilinopus melanospilus,Least concern
G7,Februari,Burung,2025,Takur Tenggeret,Psilopogon australis,Least concern
G7,Februari,Burung,2025,Pijantung Kecil,Arachnothera longirostra,Least concern
G7,Februari,Burung,2025,Cucak Kutilang,Pycnonotus aurigaster,Least concern
F8,Februari,Burung,2025,Cabai Bunga Api,Dicaeum trigonostigma,Least concern
F8,Februari,Burung,2025,Takur Tenggeret,Psilopogon australis,Least concern
F8,Februari,Burung,2025,Punai Penganten,Treron griseicauda,Least concern
F8,Februari,Burung,2025,Takur Ungkut Ungkut,Psilopogon haemacephalus,Least concern
F8,Februari,Burung,2025,Wiwik Lurik,Cacomantis sonneratii,Least concern
F8,Februari,Burung,2025,Cipoh Kacat,Aegithina tiphia,Least concern
F8,Februari,Burung,2025,Serindit Jawa,Loriculus pusillus,Near Threatened
F8,Februari,Burung,2025,Jingjing Batu,Hemipus hirundinaceus,Least concern
F7,Februari,Burung,2025,Wiwik Lurik,Cacomantis sonneratii,Least concern
F7,Februari,Burung,2025,Pelatuk Besi,Dinopium javanense,Least concern
F7,Februari,Burung,2025,Sempur Hujan Rimba,Eurylaimus javanicus,Least concern
F7,Februari,Burung,2025,Kehicap Ranting,Hypothymis azurea,Least concern
F7,Februari,Burung,2025,Cinenen Pisang,Orthotomus sutorius,Least concern
F7,Februari,Burung,2025,Pijantung Kecil,Arachnothera longirostra,Least concern
F7,Februari,Burung,2025,Punai Penganten,Treron griseicauda,Least concern
F7,Februari,Burung,2025,Pelanduk Semak,Malacocincla sepiaria,Least concern
F7,Februari,Burung,2025,Serindit Jawa,Loriculus pusillus,Near Threatened
F6,Februari,Burung,2025,Takur Tenggeret,Psilopogon australis,Least concern
F6,Februari,Burung,2025,Cabai Bunga Api,Dicaeum trigonostigma,Least concern
F6,Februari,Burung,2025,Elang Ular Bido,Spilornis cheela,Least concern
F6,Februari,Burung,2025,Cipoh Kacat,Aegithina tiphia,Least concern
F6,Februari,Burung,2025,Sikatan Burik,Muscicapa griseisticta,Least concern
F6,Februari,Burung,2025,Bubut Besar,Centropus sinensis,Least concern
F5,Februari,Burung,2025,Gemak Loreng,Turnix suscitator,Least concern
F5,Februari,Burung,2025,Sikatan Burik,Muscicapa griseisticta,Least concern
F5,Februari,Burung,2025,Cinenen Pisang,Orthotomus sutorius,Least concern
F5,Februari,Burung,2025,Cipoh Kacat,Aegithina tiphia,Least concern
F5,Februari,Burung,2025,Wiwik Kelabu,Cacomantis merulinus,Least concern
F5,Februari,Burung,2025,Takur Tenggeret,Psilopogon australis,Least concern
F5,Februari,Burung,2025,Pijantung Kecil,Arachnothera longirostra,Least concern
F4,Februari,Burung,2025,Takur Tenggeret,Psilopogon australis,Least concern
F4,Februari,Burung,2025,Cabai Bunga Api,Dicaeum trigonostigma,Least concern
F4,Februari,Burung,2025,Cinenen Pisang,Orthotomus sutorius,Least concern
F4,Februari,Burung,2025,Pijantung Kecil,Arachnothera longirostra,Least concern
F3,Februari,Burung,2025,Cipoh Kacat,Aegithina tiphia,Least concern
F3,Februari,Burung,2025,Takur Tenggeret,Psilopogon australis,Least concern
F3,Februari,Burung,2025,Pijantung Kecil,Arachnothera longirostra,Least concern
F3,Februari,Burung,2025,Serindit Jawa,Loriculus pusillus,Near Threatened
F3,Februari,Burung,2025,Takur Tulung Tumpuk,Psilopogon javensis,Least concern
F3,Februari,Burung,2025,Jingjing Batu,Hemipus hirundinaceus,Least concern
F3,Februari,Burung,2025,Sepah Hutan,Pericrocotus flammeus,Least concern
F2,Februari,Burung,2025,Sepah Hutan,Pericrocotus flammeus,Least concern
F2,Februari,Burung,2025,Cabai Bunga Api,Dicaeum trigonostigma,Least concern
F2,Februari,Burung,2025,Cipoh Kacat,Aegithina tiphia,Least concern
F2,Februari,Burung,2025,Takur Tulung Tumpuk,Psilopogon javensis,Least concern
F2,Februari,Burung,2025,Takur Tenggeret,Psilopogon australis,Least concern
F2,Februari,Burung,2025,Cucak Kutilang,Pycnonotus aurigaster,Least concern
F2,Februari,Burung,2025,Kirik Kirik Senja,Merops leschenaulti,Least concern
E2,Februari,Burung,2025,Cinenen Pisang,Orthotomus sutorius,Least concern
E2,Februari,Burung,2025,Cipoh Kacat,Aegithina tiphia,Least concern
E2,Februari,Burung,2025,Takur Tenggeret,Psilopogon australis,Least concern
E2,Februari,Burung,2025,Takur Ungkut Ungkut,Psilopogon haemacephalus,Least concern
E2,Februari,Burung,2025,Cekakak Jawa,Halcyon cyanoventris,Least concern
E3,Februari,Burung,2025,Cipoh Kacat,Aegithina tiphia,Least concern
E3,Februari,Burung,2025,Cabai Bunga Api,Dicaeum trigonostigma,Least concern
E3,Februari,Burung,2025,Takur Tenggeret,Psilopogon australis,Least concern
E3,Februari,Burung,2025,Punai Penganten,Treron griseicauda,Least concern
E4,Februari,Burung,2025,Takur Tenggeret,Psilopogon australis,Least concern
E4,Februari,Burung,2025,Cabai Bunga Api,Dicaeum trigonostigma,Least concern
E4,Februari,Burung,2025,Pijantung Kecil,Arachnothera longirostra,Least concern
E4,Februari,Burung,2025,Sepah Hutan,Pericrocotus flammeus,Least concern
E4,Februari,Burung,2025,Bubut Besar,Centropus sinensis,Least concern
E5,Februari,Burung,2025,Merbah Belukar,Pycnonotus plumosus,Least concern
E5,Februari,Burung,2025,Takur Tenggeret,Psilopogon australis,Least concern
E5,Februari,Burung,2025,Cabai Bunga Api,Dicaeum trigonostigma,Least concern
E5,Februari,Burung,2025,Takur Tulung Tumpuk,Psilopogon javensis,Least concern
E5,Februari,Burung,2025,Cipoh Kacat,Aegithina tiphia,Least concern
E6,Februari,Burung,2025,Kadalan Birah,Phaenicophaeus curvirostris,Least concern
E6,Februari,Burung,2025,Sepah Hutan,Pericrocotus flammeus,Least concern
E6,Februari,Burung,2025,Cinenen Pisang,Orthotomus sutorius,Least concern
E6,Februari,Burung,2025,Cucak Kutilang,Pycnonotus aurigaster,Least concern
E6,Februari,Burung,2025,Cipoh Kacat,Aegithina tiphia,Least concern
E6,Februari,Burung,2025,Takur Tenggeret,Psilopogon australis,Least concern
E6,Februari,Burung,2025,Merbah Corok Corok,Pycnonotus simplex,Least concern
E6,Februari,Burung,2025,Jingjing Batu,Hemipus hirundinaceus,Least concern
E7,Februari,Burung,2025,Merbah Corok Corok,Pycnonotus simplex,Least concern
E7,Februari,Burung,2025,Takur Tenggeret,Psilopogon australis,Least concern
E7,Februari,Burung,2025,Cabai Bunga Api,Dicaeum trigonostigma,Least concern
E7,Februari,Burung,2025,Cinenen Pisang,Orthotomus sutorius,Least concern
E7,Februari,Burung,2025,Cucak Kutilang,Pycnonotus aurigaster,Least concern
C6,Februari,Burung,2025,Cipoh Kacat,Aegithina tiphia,Least concern
C6,Februari,Burung,2025,Cinenen Pisang,Orthotomus sutorius,Least concern
C6,Februari,Burung,2025,Pijantung Besar,Arachnothera robusta,Least concern
C6,Februari,Burung,2025,Takur Tulung Tumpuk,Psilopogon javensis,Least concern
C6,Februari,Burung,2025,Pelanduk Semak,Malacocincla sepiaria,Least concern
C6,Februari,Burung,2025,Jingjing Batu,Hemipus hirundinaceus,Least concern
C6,Februari,Burung,2025,Cucak Kuricang,Brachypodius atriceps,Least concern
C6,Februari,Burung,2025,Cabai Bunga Api,Dicaeum trigonostigma,Least concern
C6,Februari,Burung,2025,Takur Tenggeret,Psilopogon australis,Least concern
C6,Februari,Burung,2025,Punai Penganten,Treron griseicauda,Least concern
C5,Februari,Burung,2025,Takur Tenggeret,Psilopogon australis,Least concern
C5,Februari,Burung,2025,Pijantung Kecil,Arachnothera longirostra,Least concern
C5,Februari,Burung,2025,Cipoh Kacat,Aegithina tiphia,Least concern
C5,Februari,Burung,2025,Punai Penganten,Treron griseicauda,Least concern
C5,Februari,Burung,2025,Sepah Hutan,Pericrocotus flammeus,Least concern
C5,Februari,Burung,2025,Jingjing Batu,Hemipus hirundinaceus,Least concern
C5,Februari,Burung,2025,Takur Tulung Tumpuk,Psilopogon javensis,Least concern
C5,Februari,Burung,2025,Cekakak Jawa,Halcyon cyanoventris,Least concern
C4,Februari,Burung,2025,Cipoh Kacat,Aegithina tiphia,Least concern
C4,Februari,Burung,2025,Cinenen Pisang,Orthotomus sutorius,Least concern
C4,Februari,Burung,2025,Cabai Bunga Api,Dicaeum trigonostigma,Least concern
C4,Februari,Burung,2025,Takur Tenggeret,Psilopogon australis,Least concern
C4,Februari,Burung,2025,Wiwik Lurik,Cacomantis sonneratii,Least concern
C4,Februari,Burung,2025,Punai Penganten,Treron griseicauda,Least concern
C3,Februari,Burung,2025,Serindit Jawa,Loriculus pusillus,Near Threatened
C3,Februari,Burung,2025,Takur Tulung Tumpuk,Psilopogon javensis,Least concern
C3,Februari,Burung,2025,Takur Tenggeret,Psilopogon australis,Least concern
C3,Februari,Burung,2025,Wiwik Kelabu,Cacomantis merulinus,Least concern
C3,Februari,Burung,2025,Paok Pancawarna,Hydrornis guajanus,Least concern
C3,Februari,Burung,2025,Cabai Bunga Api,Dicaeum trigonostigma,Least concern
C3,Februari,Burung,2025,Pelanduk Semak,Malacocincla sepiaria,Least concern
C3,Februari,Burung,2025,Merbah Corok Corok,Pycnonotus simplex,Least concern
D3,Februari,Burung,2025,Cipoh Kacat,Aegithina tiphia,Least concern
D3,Februari,Burung,2025,Takur Tenggeret,Psilopogon australis,Least concern
D3,Februari,Burung,2025,Wiwik Kelabu,Cacomantis merulinus,Least concern
D3,Februari,Burung,2025,Cabai Bunga Api,Dicaeum trigonostigma,Least concern
D3,Februari,Burung,2025,Serindit Jawa,Loriculus pusillus,Near Threatened
C2,Februari,Burung,2025,Merbah Corok Corok,Pycnonotus simplex,Least concern
C2,Februari,Burung,2025,Cipoh Kacat,Aegithina tiphia,Least concern
C2,Februari,Burung,2025,Takur Tenggeret,Psilopogon australis,Least concern
C2,Februari,Burung,2025,Wiwik Kelabu,Cacomantis merulinus,Least concern
C2,Februari,Burung,2025,Wiwik Lurik,Cacomantis sonneratii,Least concern
C2,Februari,Burung,2025,Elang Ular Bido,Spilornis cheela,Least concern
C2,Februari,Burung,2025,Punai Penganten,Treron griseicauda,Least concern
C2,Februari,Burung,2025,Takur Tulung Tumpuk,Psilopogon javensis,Least concern
D2,Februari,Burung,2025,Elang Ular Bido,Spilornis cheela,Least concern
D2,Februari,Burung,2025,Merbah Corok Corok,Pycnonotus simplex,Least concern
D2,Februari,Burung,2025,Takur Tenggeret,Psilopogon australis,Least concern
D2,Februari,Burung,2025,Cabai Bunga Api,Dicaeum trigonostigma,Least concern
C1,Februari,Burung,2025,Takur Tulung Tumpuk,Psilopogon javensis,Least concern
C1,Februari,Burung,2025,Punai Penganten,Treron griseicauda,Least concern
C1,Februari,Burung,2025,Merbah Corok Corok,Pycnonotus simplex,Least concern
C1,Februari,Burung,2025,Takur Tenggeret,Psilopogon australis,Least concern
C1,Februari,Burung,2025,Cipoh Kacat,Aegithina tiphia,Least concern
C1,Februari,Burung,2025,Jingjing Batu,Hemipus hirundinaceus,Least concern
C1,Februari,Burung,2025,Sempur Hujan Rimba,Eurylaimus javanicus,Least concern
C1,Februari,Burung,2025,Elang Ular Bido,Spilornis cheela,Least concern
C1,Februari,Burung,2025,Cabai Bunga Api,Dicaeum trigonostigma,Least concern
C1,Februari,Burung,2025,Kehicap Ranting,Hypothymis azurea,Least concern
C1,Februari,Burung,2025,Pijantung Besar,Arachnothera robusta,Least concern
D1,Februari,Burung,2025,Serindit Jawa,Loriculus pusillus,Near Threatened
D1,Februari,Burung,2025,Punai Penganten,Treron griseicauda,Least concern
D1,Februari,Burung,2025,Takur Tenggeret,Psilopogon australis,Least concern
D1,Februari,Burung,2025,Cabai Bunga Api,Dicaeum trigonostigma,Least concern
D1,Februari,Burung,2025,Cipoh Kacat,Aegithina tiphia,Least concern
D1,Februari,Burung,2025,Cinenen Pisang,Orthotomus sutorius,Least concern
D1,Februari,Burung,2025,Sempur Hujan Rimba,Eurylaimus javanicus,Least concern
D4,Februari,Burung,2025,Takur Tenggeret,Psilopogon australis,Least concern
D4,Februari,Burung,2025,Cabai Bunga Api,Dicaeum trigonostigma,Least concern
D4,Februari,Burung,2025,Kadalan Birah,Phaenicophaeus curvirostris,Least concern
D4,Februari,Burung,2025,Serindit Jawa,Loriculus pusillus,Near Threatened
D5,Februari,Burung,2025,Julang Emas,Rhyticeros undulatus,Vulnerable
D5,Februari,Burung,2025,Cipoh Kacat,Aegithina tiphia,Least concern
D5,Februari,Burung,2025,Takur Tenggeret,Psilopogon australis,Least concern
D5,Februari,Burung,2025,Serindit Jawa,Loriculus pusillus,Near Threatened
D5,Februari,Burung,2025,Merbah Corok Corok,Pycnonotus simplex,Least concern
D5,Februari,Burung,2025,Cikrak Kutub,Phylloscopus borealis,Least concern
D5,Februari,Burung,2025,Wiwik Lurik,Cacomantis sonneratii,Least concern
D5,Februari,Burung,2025,Elang Ular Bido,Spilornis cheela,Least concern
D6,Februari,Burung,2025,Takur Tulung Tumpuk,Psilopogon javensis,Least concern
D6,Februari,Burung,2025,Merbah Corok Corok,Pycnonotus simplex,Least concern
D6,Februari,Burung,2025,Cinenen Pisang,Orthotomus sutorius,Least concern
D6,Februari,Burung,2025,Serindit Jawa,Loriculus pusillus,Near Threatened
D6,Februari,Burung,2025,Takur Tenggeret,Psilopogon australis,Least concern
D6,Februari,Burung,2025,Cipoh Kacat,Aegithina tiphia,Least concern
E18,Februari,Burung,2025,Cipoh Kacat,Aegithina tiphia,Least concern
E18,Februari,Burung,2025,Punai Penganten,Treron griseicauda,Least concern
E18,Februari,Burung,2025,Takur Tulung Tumpuk,Psilopogon javensis,Least concern
E18,Februari,Burung,2025,Sikatan Burik,Muscicapa griseisticta,Least concern
E18,Februari,Burung,2025,Merbah Corok Corok,Pycnonotus simplex,Least concern
D20,Februari,Burung,2025,Kadalan Birah,Phaenicophaeus curvirostris,Least concern
D20,Februari,Burung,2025,Cipoh Kacat,Aegithina tiphia,Least concern
D20,Februari,Burung,2025,Merbah Corok Corok,Pycnonotus simplex,Least concern
D20,Februari,Burung,2025,Paok Pancawarna,Hydrornis guajanus,Least concern
D20,Februari,Burung,2025,Takur Tulung Tumpuk,Psilopogon javensis,Least concern
D20,Februari,Burung,2025,Punai Penganten,Treron griseicauda,Least concern
D20,Februari,Burung,2025,Takur Tenggeret,Psilopogon australis,Least concern
D20,Februari,Burung,2025,Tepekong Jambul,Hemiprocne longipennis,Least concern
D20,Februari,Burung,2025,Sepah Hutan,Pericrocotus flammeus,Least concern
D20,Februari,Burung,2025,Jingjing Batu,Hemipus hirundinaceus,Least concern
C20,Februari,Burung,2025,Takur Tulung Tumpuk,Psilopogon javensis,Least concern
C20,Februari,Burung,2025,Takur Tenggeret,Psilopogon australis,Least concern
C20,Februari,Burung,2025,Pijantung Besar,Arachnothera robusta,Least concern
C20,Februari,Burung,2025,Wiwik Lurik,Cacomantis sonneratii,Least concern
C20,Februari,Burung,2025,Cipoh Kacat,Aegithina tiphia,Least concern
C20,Februari,Burung,2025,Merbah Corok Corok,Pycnonotus simplex,Least concern
C20,Februari,Burung,2025,Cabai Bunga Api,Dicaeum trigonostigma,Least concern
C20,Februari,Burung,2025,Takur Ungkut Ungkut,Psilopogon haemacephalus,Least concern
C20,Februari,Burung,2025,Cinenen Pisang,Orthotomus sutorius,Least concern
C20,Februari,Burung,2025,Delimukan Zamrud,Chalcophaps indica,Least concern
C21,Februari,Burung,2025,Cipoh Kacat,Aegithina tiphia,Least concern
C21,Februari,Burung,2025,Takur Tenggeret,Psilopogon australis,Least concern
C21,Februari,Burung,2025,Jingjing Batu,Hemipus hirundinaceus,Least concern
C21,Februari,Burung,2025,Cucak Kuning,Rubigula dispar,Vulnerable
C21,Februari,Burung,2025,Cucak Kuricang,Brachypodius atriceps,Least concern
C21,Februari,Burung,2025,Pijantung Kecil,Arachnothera longirostra,Least concern
C21,Februari,Burung,2025,Takur Tulung Tumpuk,Psilopogon javensis,Least concern
C21,Februari,Burung,2025,Wiwik Lurik,Cacomantis sonneratii,Least concern
B19,Februari,Burung,2025,Pelatuk Besi,Dinopium javanense,Least concern
B19,Februari,Burung,2025,Takur Ungkut Ungkut,Psilopogon haemacephalus,Least concern
B19,Februari,Burung,2025,Cipoh Kacat,Aegithina tiphia,Least concern
B19,Februari,Burung,2025,Merbah Corok Corok,Pycnonotus simplex,Least concern
B19,Februari,Burung,2025,Cucak Kuning,Rubigula dispar,Vulnerable
B19,Februari,Burung,2025,Takur Tulung Tumpuk,Psilopogon javensis,Least concern
B19,Februari,Burung,2025,Wiwik Kelabu,Cacomantis merulinus,Least concern
B19,Februari,Burung,2025,Punai Penganten,Treron griseicauda,Least concern
C19,Februari,Burung,2025,Cipoh Kacat,Aegithina tiphia,Least concern
C19,Februari,Burung,2025,Takur Tulung Tumpuk,Psilopogon javensis,Least concern
C19,Februari,Burung,2025,Punai Penganten,Treron griseicauda,Least concern
C19,Februari,Burung,2025,Takur Ungkut Ungkut,Psilopogon haemacephalus,Least concern
C19,Februari,Burung,2025,Cucak Kuning,Rubigula dispar,Vulnerable
C19,Februari,Burung,2025,Merbah Corok Corok,Pycnonotus simplex,Least concern
C19,Februari,Burung,2025,Takur Tenggeret,Psilopogon australis,Least concern
C19,Februari,Burung,2025,Kehicap Ranting,Hypothymis azurea,Least concern
D19,Februari,Burung,2025,Merbah Corok Corok,Pycnonotus simplex,Least concern
D19,Februari,Burung,2025,Takur Tulung Tumpuk,Psilopogon javensis,Least concern
D19,Februari,Burung,2025,Cabai Bunga Api,Dicaeum trigonostigma,Least concern
D19,Februari,Burung,2025,Takur Tenggeret,Psilopogon australis,Least concern
D19,Februari,Burung,2025,Kadalan Birah,Phaenicophaeus curvirostris,Least concern
D18,Februari,Burung,2025,Takur Tenggeret,Psilopogon australis,Least concern
D18,Februari,Burung,2025,Takur Tulung Tumpuk,Psilopogon javensis,Least concern
D18,Februari,Burung,2025,Cabai Bunga Api,Dicaeum trigonostigma,Least concern
D18,Februari,Burung,2025,Pijantung Besar,Arachnothera robusta,Least concern
D18,Februari,Burung,2025,Cekakak Sungai,Todiramphus chloris,Least concern
D18,Februari,Burung,2025,Tepekong Jambul,Hemiprocne longipennis,Least concern
C18,Februari,Burung,2025,Paok Pancawarna,Hydrornis guajanus,Least concern
C18,Februari,Burung,2025,Takur Tenggeret,Psilopogon australis,Least concern
C18,Februari,Burung,2025,Punai Penganten,Treron griseicauda,Least concern
C18,Februari,Burung,2025,Cipoh Kacat,Aegithina tiphia,Least concern
C18,Februari,Burung,2025,Sepah Hutan,Pericrocotus flammeus,Least concern
C18,Februari,Burung,2025,Cekakak Sungai,Todiramphus chloris,Least concern
C18,Februari,Burung,2025,Cabai Bunga Api,Dicaeum trigonostigma,Least concern
B17,Februari,Burung,2025,Punai Penganten,Treron griseicauda,Least concern
B17,Februari,Burung,2025,Takur Tenggeret,Psilopogon australis,Least concern
B17,Februari,Burung,2025,Cabai Bunga Api,Dicaeum trigonostigma,Least concern
B17,Februari,Burung,2025,Pijantung Kecil,Arachnothera longirostra,Least concern
B17,Februari,Burung,2025,Wiwik Kelabu,Cacomantis merulinus,Least concern
B17,Februari,Burung,2025,Cekakak Sungai,Todiramphus chloris,Least concern
B17,Februari,Burung,2025,Takur Ungkut Ungkut,Psilopogon haemacephalus,Least concern
B18,Februari,Burung,2025,Takur Tulung Tumpuk,Psilopogon javensis,Least concern
B18,Februari,Burung,2025,Takur Tenggeret,Psilopogon australis,Least concern
B18,Februari,Burung,2025,Merbah Corok Corok,Pycnonotus simplex,Least concern
B18,Februari,Burung,2025,Cabai Bunga Api,Dicaeum trigonostigma,Least concern
B18,Februari,Burung,2025,Pijantung Kecil,Arachnothera longirostra,Least concern
B18,Februari,Burung,2025,Cucak Kuricang,Brachypodius atriceps,Least concern
B18,Februari,Burung,2025,Kadalan Birah,Phaenicophaeus curvirostris,Least concern
B18,Februari,Burung,2025,Jingjing Batu,Hemipus hirundinaceus,Least concern
C17,Februari,Burung,2025,Takur Tenggeret,Psilopogon australis,Least concern
C17,Februari,Burung,2025,Merbah Corok Corok,Pycnonotus simplex,Least concern
C17,Februari,Burung,2025,Takur Tulung Tumpuk,Psilopogon javensis,Least concern
C17,Februari,Burung,2025,Pijantung Besar,Arachnothera robusta,Least concern
C17,Februari,Burung,2025,Cipoh Kacat,Aegithina tiphia,Least concern
C17,Februari,Burung,2025,Cinenen Pisang,Orthotomus sutorius,Least concern
C17,Februari,Burung,2025,Cucak Kuricang,Brachypodius atriceps,Least concern
D17,Februari,Burung,2025,Delimukan Zamrud,Chalcophaps indica,Least concern
D17,Februari,Burung,2025,Takur Tenggeret,Psilopogon australis,Least concern
D17,Februari,Burung,2025,Elang Ular Bido,Spilornis cheela,Least concern
D17,Februari,Burung,2025,Takur Tulung Tumpuk,Psilopogon javensis,Least concern
A15,Februari,Burung,2025,Cabai Bunga Api,Dicaeum trigonostigma,Least concern
A15,Februari,Burung,2025,Takur Tenggeret,Psilopogon australis,Least concern
A15,Februari,Burung,2025,Cucak Kutilang,Pycnonotus aurigaster,Least concern
A15,Februari,Burung,2025,Paok Pancawarna,Hydrornis guajanus,Least concern
A15,Februari,Burung,2025,Cipoh Kacat,Aegithina tiphia,Least concern
A15,Februari,Burung,2025,Wiwik Kelabu,Cacomantis merulinus,Least concern
A15,Februari,Burung,2025,Takur Tulung Tumpuk,Psilopogon javensis,Least concern
A15,Februari,Burung,2025,Merbah Corok Corok,Pycnonotus simplex,Least concern
A16,Februari,Burung,2025,Takur Tenggeret,Psilopogon australis,Least concern
A16,Februari,Burung,2025,Takur Tulung Tumpuk,Psilopogon javensis,Least concern
A16,Februari,Burung,2025,Kadalan Birah,Phaenicophaeus curvirostris,Least concern
A16,Februari,Burung,2025,Cipoh Kacat,Aegithina tiphia,Least concern
A16,Februari,Burung,2025,Cabai Bunga Api,Dicaeum trigonostigma,Least concern
A16,Februari,Burung,2025,Paok Pancawarna,Hydrornis guajanus,Least concern
B16,Februari,Burung,2025,Cabai Bunga Api,Dicaeum trigonostigma,Least concern
B16,Februari,Burung,2025,Pijantung Kecil,Arachnothera longirostra,Least concern
B16,Februari,Burung,2025,Takur Tenggeret,Psilopogon australis,Least concern
B16,Februari,Burung,2025,Merbah Corok Corok,Pycnonotus simplex,Least concern
B16,Februari,Burung,2025,Punai Penganten,Treron griseicauda,Least concern
B16,Februari,Burung,2025,Elang Ular Bido,Spilornis cheela,Least concern
B16,Februari,Burung,2025,Jingjing Batu,Hemipus hirundinaceus,Least concern
B15,Februari,Burung,2025,Delimukan Zamrud,Chalcophaps indica,Least concern
B15,Februari,Burung,2025,Takur Tenggeret,Psilopogon australis,Least concern
B15,Februari,Burung,2025,Elang Ular Bido,Spilornis cheela,Least concern
B15,Februari,Burung,2025,Cipoh Kacat,Aegithina tiphia,Least concern
B15,Februari,Burung,2025,Tepekong Jambul,Hemiprocne longipennis,Least concern
B15,Februari,Burung,2025,Cabai Bunga Api,Dicaeum trigonostigma,Least concern
B15,Februari,Burung,2025,Serindit Jawa,Loriculus pusillus,Near Threatened
B14,Februari,Burung,2025,Takur Tenggeret,Psilopogon australis,Least concern
B14,Februari,Burung,2025,Cabai Bunga Api,Dicaeum trigonostigma,Least concern
B14,Februari,Burung,2025,Elang Ular Bido,Spilornis cheela,Least concern
B14,Februari,Burung,2025,Merbah Corok Corok,Pycnonotus simplex,Least concern
B14,Februari,Burung,2025,Takur Ungkut Ungkut,Psilopogon haemacephalus,Least concern
C14,Februari,Burung,2025,Cipoh Kacat,Aegithina tiphia,Least concern
C14,Februari,Burung,2025,Cabai Bunga Api,Dicaeum trigonostigma,Least concern
C14,Februari,Burung,2025,Takur Ungkut Ungkut,Psilopogon haemacephalus,Least concern
C14,Februari,Burung,2025,Pijantung Besar,Arachnothera robusta,Least concern
C14,Februari,Burung,2025,Merbah Corok Corok,Pycnonotus simplex,Least concern
C15,Februari,Burung,2025,Elang Ular Bido,Spilornis cheela,Least concern
C15,Februari,Burung,2025,Cabai Bunga Api,Dicaeum trigonostigma,Least concern
C15,Februari,Burung,2025,Serindit Jawa,Loriculus pusillus,Near Threatened
C15,Februari,Burung,2025,Merbah Corok Corok,Pycnonotus simplex,Least concern
C15,Februari,Burung,2025,Cipoh Kacat,Aegithina tiphia,Least concern
C15,Februari,Burung,2025,Takur Tenggeret,Psilopogon australis,Least concern
C16,Februari,Burung,2025,Cinenen Pisang,Orthotomus sutorius,Least concern
C16,Februari,Burung,2025,Meninting Besar,Enicurus leschenaulti,Least concern
C16,Februari,Burung,2025,Pelanduk Topi Jawa,Pellorneum capistratum,Least concern
C16,Februari,Burung,2025,Serindit Jawa,Loriculus pusillus,Near Threatened
C16,Februari,Burung,2025,Pijantung Besar,Arachnothera robusta,Least concern
D10,Juli,Burung,2025,Cipoh Kacat,Aegithina tiphia,Least concern
C10,Juli,Burung,2025,Cipoh Kacat,Aegithina tiphia,Least concern
C9,Juli,Burung,2025,Cipoh Kacat,Aegithina tiphia,Least concern
C8,Juli,Burung,2025,Cipoh Kacat,Aegithina tiphia,Least concern
D6,Juli,Burung,2025,Cipoh Kacat,Aegithina tiphia,Least concern
D7,Juli,Burung,2025,Cipoh Kacat,Aegithina tiphia,Least concern
D8,Juli,Burung,2025,Cipoh Kacat,Aegithina tiphia,Least concern
E8,Juli,Burung,2025,Cipoh Kacat,Aegithina tiphia,Least concern
F9,Juli,Burung,2025,Cipoh Kacat,Aegithina tiphia,Least concern
C5,Juli,Burung,2025,Cipoh Kacat,Aegithina tiphia,Least concern
C3,Juli,Burung,2025,Cipoh Kacat,Aegithina tiphia,Least concern
D3,Juli,Burung,2025,Cipoh Kacat,Aegithina tiphia,Least concern
C2,Juli,Burung,2025,Cipoh Kacat,Aegithina tiphia,Least concern
D2,Juli,Burung,2025,Cipoh Kacat,Aegithina tiphia,Least concern
D1,Juli,Burung,2025,Cipoh Kacat,Aegithina tiphia,Least concern
D5,Juli,Burung,2025,Cipoh Kacat,Aegithina tiphia,Least concern
E9,Juli,Burung,2025,Cipoh Kacat,Aegithina tiphia,Least concern
F8,Juli,Burung,2025,Cipoh Kacat,Aegithina tiphia,Least concern
F7,Juli,Burung,2025,Cipoh Kacat,Aegithina tiphia,Least concern
F6,Juli,Burung,2025,Cipoh Kacat,Aegithina tiphia,Least concern
F5,Juli,Burung,2025,Cipoh Kacat,Aegithina tiphia,Least concern
F4,Juli,Burung,2025,Cipoh Kacat,Aegithina tiphia,Least concern
F2,Juli,Burung,2025,Cipoh Kacat,Aegithina tiphia,Least concern
E2,Juli,Burung,2025,Cipoh Kacat,Aegithina tiphia,Least concern
E3,Juli,Burung,2025,Cipoh Kacat,Aegithina tiphia,Least concern
E5,Juli,Burung,2025,Cipoh Kacat,Aegithina tiphia,Least concern
E6,Juli,Burung,2025,Cipoh Kacat,Aegithina tiphia,Least concern
G8,Juli,Burung,2025,Cipoh Kacat,Aegithina tiphia,Least concern
G7,Juli,Burung,2025,Cipoh Kacat,Aegithina tiphia,Least concern
G9,Juli,Burung,2025,Cipoh Kacat,Aegithina tiphia,Least concern
H9,Juli,Burung,2025,Cipoh Kacat,Aegithina tiphia,Least concern
I9,Juli,Burung,2025,Cipoh Kacat,Aegithina tiphia,Least concern
I11,Juli,Burung,2025,Cipoh Kacat,Aegithina tiphia,Least concern
I12,Juli,Burung,2025,Cipoh Kacat,Aegithina tiphia,Least concern
I13,Juli,Burung,2025,Cipoh Kacat,Aegithina tiphia,Least concern
J13,Juli,Burung,2025,Cipoh Kacat,Aegithina tiphia,Least concern
J14,Juli,Burung,2025,Cipoh Kacat,Aegithina tiphia,Least concern
H14,Juli,Burung,2025,Cipoh Kacat,Aegithina tiphia,Least concern
H13,Juli,Burung,2025,Cipoh Kacat,Aegithina tiphia,Least concern
G10,Juli,Burung,2025,Cipoh Kacat,Aegithina tiphia,Least concern
G14,Juli,Burung,2025,Cipoh Kacat,Aegithina tiphia,Least concern
G15,Juli,Burung,2025,Cipoh Kacat,Aegithina tiphia,Least concern
G16,Juli,Burung,2025,Cipoh Kacat,Aegithina tiphia,Least concern
F16,Juli,Burung,2025,Cipoh Kacat,Aegithina tiphia,Least concern
F15,Juli,Burung,2025,Cipoh Kacat,Aegithina tiphia,Least concern
F14,Juli,Burung,2025,Cipoh Kacat,Aegithina tiphia,Least concern
F13,Juli,Burung,2025,Cipoh Kacat,Aegithina tiphia,Least concern
D13,Juli,Burung,2025,Cipoh Kacat,Aegithina tiphia,Least concern
D14,Juli,Burung,2025,Cipoh Kacat,Aegithina tiphia,Least concern
D16,Juli,Burung,2025,Cipoh Kacat,Aegithina tiphia,Least concern
E16,Juli,Burung,2025,Cipoh Kacat,Aegithina tiphia,Least concern
E15,Juli,Burung,2025,Cipoh Kacat,Aegithina tiphia,Least concern
E14,Juli,Burung,2025,Cipoh Kacat,Aegithina tiphia,Least concern
D20,Juli,Burung,2025,Cipoh Kacat,Aegithina tiphia,Least concern
C20,Juli,Burung,2025,Cipoh Kacat,Aegithina tiphia,Least concern
C21,Juli,Burung,2025,Cipoh Kacat,Aegithina tiphia,Least concern
C19,Juli,Burung,2025,Cipoh Kacat,Aegithina tiphia,Least concern
C18,Juli,Burung,2025,Cipoh Kacat,Aegithina tiphia,Least concern
D18,Juli,Burung,2025,Cipoh Kacat,Aegithina tiphia,Least concern
B18,Juli,Burung,2025,Cipoh Kacat,Aegithina tiphia,Least concern
B17,Juli,Burung,2025,Cipoh Kacat,Aegithina tiphia,Least concern
C17,Juli,Burung,2025,Cipoh Kacat,Aegithina tiphia,Least concern
C15,Juli,Burung,2025,Cipoh Kacat,Aegithina tiphia,Least concern
C14,Juli,Burung,2025,Cipoh Kacat,Aegithina tiphia,Least concern
B15,Juli,Burung,2025,Cipoh Kacat,Aegithina tiphia,Least concern
B16,Juli,Burung,2025,Cipoh Kacat,Aegithina tiphia,Least concern
A16,Juli,Burung,2025,Cipoh Kacat,Aegithina tiphia,Least concern
A15,Juli,Burung,2025,Cipoh Kacat,Aegithina tiphia,Least concern
D5,Juli,Burung,2025,Raja Udang Meninting,Alcedo meninting,Least concern
D13,Juli,Burung,2025,Raja Udang Meninting,Alcedo meninting,Least concern
D13,Juli,Burung,2025,Raja Udang Meninting,Alcedo meninting,Least concern
E4,Juli,Burung,2025,Raja Udang Meninting,Alcedo meninting,Least concern
D10,Juli,Burung,2025,Burung Madu Kelapa,Anthreptes malacensis,Least concern
D9,Juli,Burung,2025,Burung Madu Kelapa,Anthreptes malacensis,Least concern
D8,Juli,Burung,2025,Burung Madu Kelapa,Anthreptes malacensis,Least concern
E8,Juli,Burung,2025,Burung Madu Kelapa,Anthreptes malacensis,Least concern
F9,Juli,Burung,2025,Burung Madu Kelapa,Anthreptes malacensis,Least concern
D2,Juli,Burung,2025,Burung Madu Kelapa,Anthreptes malacensis,Least concern
E9,Juli,Burung,2025,Burung Madu Kelapa,Anthreptes malacensis,Least concern
F8,Juli,Burung,2025,Burung Madu Kelapa,Anthreptes malacensis,Least concern
F2,Juli,Burung,2025,Burung Madu Kelapa,Anthreptes malacensis,Least concern
E2,Juli,Burung,2025,Burung Madu Kelapa,Anthreptes malacensis,Least concern
E3,Juli,Burung,2025,Burung Madu Kelapa,Anthreptes malacensis,Least concern
E6,Juli,Burung,2025,Burung Madu Kelapa,Anthreptes malacensis,Least concern
I9,Juli,Burung,2025,Burung Madu Kelapa,Anthreptes malacensis,Least concern
H11,Juli,Burung,2025,Burung Madu Kelapa,Anthreptes malacensis,Least concern
J14,Juli,Burung,2025,Burung Madu Kelapa,Anthreptes malacensis,Least concern
I14,Juli,Burung,2025,Burung Madu Kelapa,Anthreptes malacensis,Least concern
G16,Juli,Burung,2025,Burung Madu Kelapa,Anthreptes malacensis,Least concern
F16,Juli,Burung,2025,Burung Madu Kelapa,Anthreptes malacensis,Least concern
E13,Juli,Burung,2025,Burung Madu Kelapa,Anthreptes malacensis,Least concern
D17,Juli,Burung,2025,Burung Madu Kelapa,Anthreptes malacensis,Least concern
C21,Juli,Burung,2025,Burung Madu Kelapa,Anthreptes malacensis,Least concern
D19,Juli,Burung,2025,Burung Madu Kelapa,Anthreptes malacensis,Least concern
C18,Juli,Burung,2025,Burung Madu Kelapa,Anthreptes malacensis,Least concern
D18,Juli,Burung,2025,Burung Madu Kelapa,Anthreptes malacensis,Least concern
E18,Juli,Burung,2025,Burung Madu Kelapa,Anthreptes malacensis,Least concern
B18,Juli,Burung,2025,Burung Madu Kelapa,Anthreptes malacensis,Least concern
A15,Juli,Burung,2025,Burung Madu Kelapa,Anthreptes malacensis,Least concern
B14,Juli,Burung,2025,Burung Madu Kelapa,Anthreptes malacensis,Least concern
D9,Juli,Burung,2025,Pijantung Gunung,Arachnothera affinis,Least concern
C8,Juli,Burung,2025,Pijantung Gunung,Arachnothera affinis,Least concern
C6,Juli,Burung,2025,Pijantung Gunung,Arachnothera affinis,Least concern
D8,Juli,Burung,2025,Pijantung Gunung,Arachnothera affinis,Least concern
D11,Juli,Burung,2025,Pijantung Kecil,Arachnothera longirostra,Least concern
D10,Juli,Burung,2025,Pijantung Kecil,Arachnothera longirostra,Least concern
C10,Juli,Burung,2025,Pijantung Kecil,Arachnothera longirostra,Least concern
C9,Juli,Burung,2025,Pijantung Kecil,Arachnothera longirostra,Least concern
C8,Juli,Burung,2025,Pijantung Kecil,Arachnothera longirostra,Least concern
C7,Juli,Burung,2025,Pijantung Kecil,Arachnothera longirostra,Least concern
D6,Juli,Burung,2025,Pijantung Kecil,Arachnothera longirostra,Least concern
D7,Juli,Burung,2025,Pijantung Kecil,Arachnothera longirostra,Least concern
C5,Juli,Burung,2025,Pijantung Kecil,Arachnothera longirostra,Least concern
C4,Juli,Burung,2025,Pijantung Kecil,Arachnothera longirostra,Least concern
D4,Juli,Burung,2025,Pijantung Kecil,Arachnothera longirostra,Least concern
C2,Juli,Burung,2025,Pijantung Kecil,Arachnothera longirostra,Least concern
C1,Juli,Burung,2025,Pijantung Kecil,Arachnothera longirostra,Least concern
D1,Juli,Burung,2025,Pijantung Kecil,Arachnothera longirostra,Least concern
F8,Juli,Burung,2025,Pijantung Kecil,Arachnothera longirostra,Least concern
F6,Juli,Burung,2025,Pijantung Kecil,Arachnothera longirostra,Least concern
F5,Juli,Burung,2025,Pijantung Kecil,Arachnothera longirostra,Least concern
F3,Juli,Burung,2025,Pijantung Kecil,Arachnothera longirostra,Least concern
E3,Juli,Burung,2025,Pijantung Kecil,Arachnothera longirostra,Least concern
E4,Juli,Burung,2025,Pijantung Kecil,Arachnothera longirostra,Least concern
E5,Juli,Burung,2025,Pijantung Kecil,Arachnothera longirostra,Least concern
G8,Juli,Burung,2025,Pijantung Kecil,Arachnothera longirostra,Least concern
G7,Juli,Burung,2025,Pijantung Kecil,Arachnothera longirostra,Least concern
H9,Juli,Burung,2025,Pijantung Kecil,Arachnothera longirostra,Least concern
H11,Juli,Burung,2025,Pijantung Kecil,Arachnothera longirostra,Least concern
I12,Juli,Burung,2025,Pijantung Kecil,Arachnothera longirostra,Least concern
J14,Juli,Burung,2025,Pijantung Kecil,Arachnothera longirostra,Least concern
I14,Juli,Burung,2025,Pijantung Kecil,Arachnothera longirostra,Least concern
H14,Juli,Burung,2025,Pijantung Kecil,Arachnothera longirostra,Least concern
H13,Juli,Burung,2025,Pijantung Kecil,Arachnothera longirostra,Least concern
G15,Juli,Burung,2025,Pijantung Kecil,Arachnothera longirostra,Least concern
G16,Juli,Burung,2025,Pijantung Kecil,Arachnothera longirostra,Least concern
F15,Juli,Burung,2025,Pijantung Kecil,Arachnothera longirostra,Least concern
D13,Juli,Burung,2025,Pijantung Kecil,Arachnothera longirostra,Least concern
D15,Juli,Burung,2025,Pijantung Kecil,Arachnothera longirostra,Least concern
D17,Juli,Burung,2025,Pijantung Kecil,Arachnothera longirostra,Least concern
E14,Juli,Burung,2025,Pijantung Kecil,Arachnothera longirostra,Least concern
D20,Juli,Burung,2025,Pijantung Kecil,Arachnothera longirostra,Least concern
C20,Juli,Burung,2025,Pijantung Kecil,Arachnothera longirostra,Least concern
C21,Juli,Burung,2025,Pijantung Kecil,Arachnothera longirostra,Least concern
B19,Juli,Burung,2025,Pijantung Kecil,Arachnothera longirostra,Least concern
C18,Juli,Burung,2025,Pijantung Kecil,Arachnothera longirostra,Least concern
E18,Juli,Burung,2025,Pijantung Kecil,Arachnothera longirostra,Least concern
C15,Juli,Burung,2025,Pijantung Kecil,Arachnothera longirostra,Least concern
B15,Juli,Burung,2025,Pijantung Kecil,Arachnothera longirostra,Least concern
F6,Juli,Burung,2025,Wiwik Kelabu,Cacomantis merulinus,Least concern
F3,Juli,Burung,2025,Wiwik Kelabu,Cacomantis merulinus,Least concern
H14,Juli,Burung,2025,Wiwik Kelabu,Cacomantis merulinus,Least concern
D11,Juli,Burung,2025,Wiwik Lurik,Cacomantis sonneratii,Least concern
F9,Juli,Burung,2025,Wiwik Lurik,Cacomantis sonneratii,Least concern
C3,Juli,Burung,2025,Wiwik Lurik,Cacomantis sonneratii,Least concern
F3,Juli,Burung,2025,Wiwik Lurik,Cacomantis sonneratii,Least concern
F2,Juli,Burung,2025,Wiwik Lurik,Cacomantis sonneratii,Least concern
E3,Juli,Burung,2025,Wiwik Lurik,Cacomantis sonneratii,Least concern
B16,Juli,Burung,2025,Wiwik Lurik,Cacomantis sonneratii,Least concern
D11,Juli,Burung,2025,Wiwik Rimba,Cacomantis variolosus,Least concern
C10,Juli,Burung,2025,Wiwik Rimba,Cacomantis variolosus,Least concern
C3,Juli,Burung,2025,Wiwik Rimba,Cacomantis variolosus,Least concern
F6,Juli,Burung,2025,Wiwik Rimba,Cacomantis variolosus,Least concern
F5,Juli,Burung,2025,Wiwik Rimba,Cacomantis variolosus,Least concern
F3,Juli,Burung,2025,Wiwik Rimba,Cacomantis variolosus,Least concern
E3,Juli,Burung,2025,Wiwik Rimba,Cacomantis variolosus,Least concern
G8,Juli,Burung,2025,Wiwik Rimba,Cacomantis variolosus,Least concern
I11,Juli,Burung,2025,Wiwik Rimba,Cacomantis variolosus,Least concern
H14,Juli,Burung,2025,Wiwik Rimba,Cacomantis variolosus,Least concern
F15,Juli,Burung,2025,Wiwik Rimba,Cacomantis variolosus,Least concern
E16,Juli,Burung,2025,Wiwik Rimba,Cacomantis variolosus,Least concern
D20,Juli,Burung,2025,Wiwik Rimba,Cacomantis variolosus,Least concern
B19,Juli,Burung,2025,Wiwik Rimba,Cacomantis variolosus,Least concern
D5,Juli,Burung,2025,Udang Api,Ceyx rufidorsa,Near Threatened
D13,Juli,Burung,2025,Udang Api,Ceyx rufidorsa,Near Threatened
D13,Juli,Burung,2025,Udang Api,Ceyx rufidorsa,Near Threatened
D4,Juli,Burung,2025,Udang Api,Ceyx rufidorsa,Near Threatened
D9,Juli,Burung,2025,Delimukan Zamrud,Chalcophaps indica,Least concern
C9,Juli,Burung,2025,Delimukan Zamrud,Chalcophaps indica,Least concern
D6,Juli,Burung,2025,Delimukan Zamrud,Chalcophaps indica,Least concern
C2,Juli,Burung,2025,Delimukan Zamrud,Chalcophaps indica,Least concern
E13,Juli,Burung,2025,Delimukan Zamrud,Chalcophaps indica,Least concern
I9,Juli,Burung,2025,Delimukan Zamrud,Chalcophaps indica,Least concern
E13,Juli,Burung,2025,Delimukan Zamrud,Chalcophaps indica,Least concern
D15,Juli,Burung,2025,Delimukan Zamrud,Chalcophaps indica,Least concern
D17,Juli,Burung,2025,Delimukan Zamrud,Chalcophaps indica,Least concern
C18,Juli,Burung,2025,Delimukan Zamrud,Chalcophaps indica,Least concern
C14,Juli,Burung,2025,Delimukan Zamrud,Chalcophaps indica,Least concern
D9,Juli,Burung,2025,Burung Madu Sriganti,Cinnyris ornatus,Least concern
E8,Juli,Burung,2025,Burung Madu Sriganti,Cinnyris ornatus,Least concern
F9,Juli,Burung,2025,Burung Madu Sriganti,Cinnyris ornatus,Least concern
C3,Juli,Burung,2025,Burung Madu Sriganti,Cinnyris ornatus,Least concern
E9,Juli,Burung,2025,Burung Madu Sriganti,Cinnyris ornatus,Least concern
F6,Juli,Burung,2025,Burung Madu Sriganti,Cinnyris ornatus,Least concern
I12,Juli,Burung,2025,Burung Madu Sriganti,Cinnyris ornatus,Least concern
J14,Juli,Burung,2025,Burung Madu Sriganti,Cinnyris ornatus,Least concern
H13,Juli,Burung,2025,Burung Madu Sriganti,Cinnyris ornatus,Least concern
F14,Juli,Burung,2025,Burung Madu Sriganti,Cinnyris ornatus,Least concern
C19,Juli,Burung,2025,Burung Madu Sriganti,Cinnyris ornatus,Least concern
D19,Juli,Burung,2025,Burung Madu Sriganti,Cinnyris ornatus,Least concern
B16,Juli,Burung,2025,Burung Madu Sriganti,Cinnyris ornatus,Least concern
D5,Juli,Burung,2025,Walet Linci,Collocalia linchi,Least concern
D11,Juli,Burung,2025,Walet Linci,Collocalia linchi,Least concern
D10,Juli,Burung,2025,Walet Linci,Collocalia linchi,Least concern
D9,Juli,Burung,2025,Walet Linci,Collocalia linchi,Least concern
C10,Juli,Burung,2025,Walet Linci,Collocalia linchi,Least concern
C8,Juli,Burung,2025,Walet Linci,Collocalia linchi,Least concern
D6,Juli,Burung,2025,Walet Linci,Collocalia linchi,Least concern
D7,Juli,Burung,2025,Walet Linci,Collocalia linchi,Least concern
D8,Juli,Burung,2025,Walet Linci,Collocalia linchi,Least concern
C4,Juli,Burung,2025,Walet Linci,Collocalia linchi,Least concern
C3,Juli,Burung,2025,Walet Linci,Collocalia linchi,Least concern
D5,Juli,Burung,2025,Walet Linci,Collocalia linchi,Least concern
E9,Juli,Burung,2025,Walet Linci,Collocalia linchi,Least concern
F8,Juli,Burung,2025,Walet Linci,Collocalia linchi,Least concern
F6,Juli,Burung,2025,Walet Linci,Collocalia linchi,Least concern
E2,Juli,Burung,2025,Walet Linci,Collocalia linchi,Least concern
E3,Juli,Burung,2025,Walet Linci,Collocalia linchi,Least concern
E6,Juli,Burung,2025,Walet Linci,Collocalia linchi,Least concern
E7,Juli,Burung,2025,Walet Linci,Collocalia linchi,Least concern
G8,Juli,Burung,2025,Walet Linci,Collocalia linchi,Least concern
G7,Juli,Burung,2025,Walet Linci,Collocalia linchi,Least concern
G9,Juli,Burung,2025,Walet Linci,Collocalia linchi,Least concern
H9,Juli,Burung,2025,Walet Linci,Collocalia linchi,Least concern
H11,Juli,Burung,2025,Walet Linci,Collocalia linchi,Least concern
I11,Juli,Burung,2025,Walet Linci,Collocalia linchi,Least concern
I12,Juli,Burung,2025,Walet Linci,Collocalia linchi,Least concern
J13,Juli,Burung,2025,Walet Linci,Collocalia linchi,Least concern
J14,Juli,Burung,2025,Walet Linci,Collocalia linchi,Least concern
G10,Juli,Burung,2025,Walet Linci,Collocalia linchi,Least concern
F10,Juli,Burung,2025,Walet Linci,Collocalia linchi,Least concern
F15,Juli,Burung,2025,Walet Linci,Collocalia linchi,Least concern
D13,Juli,Burung,2025,Walet Linci,Collocalia linchi,Least concern
D15,Juli,Burung,2025,Walet Linci,Collocalia linchi,Least concern
E15,Juli,Burung,2025,Walet Linci,Collocalia linchi,Least concern
D18,Juli,Burung,2025,Walet Linci,Collocalia linchi,Least concern
E18,Juli,Burung,2025,Walet Linci,Collocalia linchi,Least concern
B18,Juli,Burung,2025,Walet Linci,Collocalia linchi,Least concern
B17,Juli,Burung,2025,Walet Linci,Collocalia linchi,Least concern
C17,Juli,Burung,2025,Walet Linci,Collocalia linchi,Least concern
C16,Juli,Burung,2025,Walet Linci,Collocalia linchi,Least concern
C14,Juli,Burung,2025,Walet Linci,Collocalia linchi,Least concern
B15,Juli,Burung,2025,Walet Linci,Collocalia linchi,Least concern
A16,Juli,Burung,2025,Walet Linci,Collocalia linchi,Least concern
A15,Juli,Burung,2025,Walet Linci,Collocalia linchi,Least concern
C21,Juli,Burung,2025,Sikatan Biru Putih,Cyanoptila cyanomelana,Least concern
E14,Juli,Burung,2025,Caladi Tilik,Dendrocopos moluccensis,Least concern
F15,Juli,Burung,2025,Cabai Polos,Dicaeum concolor,Least concern
D11,Juli,Burung,2025,Cabai Bunga Api,Dicaeum trigonostigma,Least concern
D6,Juli,Burung,2025,Cabai Bunga Api,Dicaeum trigonostigma,Least concern
D7,Juli,Burung,2025,Cabai Bunga Api,Dicaeum trigonostigma,Least concern
D8,Juli,Burung,2025,Cabai Bunga Api,Dicaeum trigonostigma,Least concern
C4,Juli,Burung,2025,Cabai Bunga Api,Dicaeum trigonostigma,Least concern
C2,Juli,Burung,2025,Cabai Bunga Api,Dicaeum trigonostigma,Least concern
F8,Juli,Burung,2025,Cabai Bunga Api,Dicaeum trigonostigma,Least concern
F7,Juli,Burung,2025,Cabai Bunga Api,Dicaeum trigonostigma,Least concern
F2,Juli,Burung,2025,Cabai Bunga Api,Dicaeum trigonostigma,Least concern
E3,Juli,Burung,2025,Cabai Bunga Api,Dicaeum trigonostigma,Least concern
E4,Juli,Burung,2025,Cabai Bunga Api,Dicaeum trigonostigma,Least concern
E7,Juli,Burung,2025,Cabai Bunga Api,Dicaeum trigonostigma,Least concern
G8,Juli,Burung,2025,Cabai Bunga Api,Dicaeum trigonostigma,Least concern
H11,Juli,Burung,2025,Cabai Bunga Api,Dicaeum trigonostigma,Least concern
H11,Juli,Burung,2025,Cabai Bunga Api,Dicaeum trigonostigma,Least concern
I11,Juli,Burung,2025,Cabai Bunga Api,Dicaeum trigonostigma,Least concern
G10,Juli,Burung,2025,Cabai Bunga Api,Dicaeum trigonostigma,Least concern
F10,Juli,Burung,2025,Cabai Bunga Api,Dicaeum trigonostigma,Least concern
G14,Juli,Burung,2025,Cabai Bunga Api,Dicaeum trigonostigma,Least concern
G16,Juli,Burung,2025,Cabai Bunga Api,Dicaeum trigonostigma,Least concern
F15,Juli,Burung,2025,Cabai Bunga Api,Dicaeum trigonostigma,Least concern
D13,Juli,Burung,2025,Cabai Bunga Api,Dicaeum trigonostigma,Least concern
D15,Juli,Burung,2025,Cabai Bunga Api,Dicaeum trigonostigma,Least concern
D16,Juli,Burung,2025,Cabai Bunga Api,Dicaeum trigonostigma,Least concern
D17,Juli,Burung,2025,Cabai Bunga Api,Dicaeum trigonostigma,Least concern
E15,Juli,Burung,2025,Cabai Bunga Api,Dicaeum trigonostigma,Least concern
E14,Juli,Burung,2025,Cabai Bunga Api,Dicaeum trigonostigma,Least concern
D20,Juli,Burung,2025,Cabai Bunga Api,Dicaeum trigonostigma,Least concern
B19,Juli,Burung,2025,Cabai Bunga Api,Dicaeum trigonostigma,Least concern
C19,Juli,Burung,2025,Cabai Bunga Api,Dicaeum trigonostigma,Least concern
D18,Juli,Burung,2025,Cabai Bunga Api,Dicaeum trigonostigma,Least concern
B17,Juli,Burung,2025,Cabai Bunga Api,Dicaeum trigonostigma,Least concern
C16,Juli,Burung,2025,Cabai Bunga Api,Dicaeum trigonostigma,Least concern
C15,Juli,Burung,2025,Cabai Bunga Api,Dicaeum trigonostigma,Least concern
A15,Juli,Burung,2025,Cabai Bunga Api,Dicaeum trigonostigma,Least concern
B14,Juli,Burung,2025,Cabai Bunga Api,Dicaeum trigonostigma,Least concern
C9,Juli,Burung,2025,Cabai Jawa,Dicaeum trochileum,Least concern
C5,Juli,Burung,2025,Cabai Jawa,Dicaeum trochileum,Least concern
C3,Juli,Burung,2025,Cabai Jawa,Dicaeum trochileum,Least concern
F6,Juli,Burung,2025,Cabai Jawa,Dicaeum trochileum,Least concern
F4,Juli,Burung,2025,Cabai Jawa,Dicaeum trochileum,Least concern
F3,Juli,Burung,2025,Cabai Jawa,Dicaeum trochileum,Least concern
F2,Juli,Burung,2025,Cabai Jawa,Dicaeum trochileum,Least concern
E2,Juli,Burung,2025,Cabai Jawa,Dicaeum trochileum,Least concern
E5,Juli,Burung,2025,Cabai Jawa,Dicaeum trochileum,Least concern
G8,Juli,Burung,2025,Cabai Jawa,Dicaeum trochileum,Least concern
G7,Juli,Burung,2025,Cabai Jawa,Dicaeum trochileum,Least concern
G9,Juli,Burung,2025,Cabai Jawa,Dicaeum trochileum,Least concern
I9,Juli,Burung,2025,Cabai Jawa,Dicaeum trochileum,Least concern
J14,Juli,Burung,2025,Cabai Jawa,Dicaeum trochileum,Least concern
F10,Juli,Burung,2025,Cabai Jawa,Dicaeum trochileum,Least concern
G14,Juli,Burung,2025,Cabai Jawa,Dicaeum trochileum,Least concern
D19,Juli,Burung,2025,Cabai Jawa,Dicaeum trochileum,Least concern
B17,Juli,Burung,2025,Cabai Jawa,Dicaeum trochileum,Least concern
C7,Juli,Burung,2025,Pelatuk Besi,Dinopium javanense,Least concern
G8,Juli,Burung,2025,Pelatuk Besi,Dinopium javanense,Least concern
G9,Juli,Burung,2025,Pelatuk Besi,Dinopium javanense,Least concern
H9,Juli,Burung,2025,Pelatuk Besi,Dinopium javanense,Least concern
H11,Juli,Burung,2025,Pelatuk Besi,Dinopium javanense,Least concern
H12,Juli,Burung,2025,Pelatuk Besi,Dinopium javanense,Least concern
G14,Juli,Burung,2025,Pelatuk Besi,Dinopium javanense,Least concern
G15,Juli,Burung,2025,Pelatuk Besi,Dinopium javanense,Least concern
G16,Juli,Burung,2025,Pelatuk Besi,Dinopium javanense,Least concern
E16,Juli,Burung,2025,Pelatuk Besi,Dinopium javanense,Least concern
D20,Juli,Burung,2025,Pelatuk Besi,Dinopium javanense,Least concern
C14,Juli,Burung,2025,Pelatuk Besi,Dinopium javanense,Least concern
F13,Juli,Burung,2025,Meninting Besar,Enicurus leschenaulti,Least concern
C8,Juli,Burung,2025,Sempur Hujan Rimba,Eurylaimus javanicus,Least concern
C7,Juli,Burung,2025,Sempur Hujan Rimba,Eurylaimus javanicus,Least concern
C6,Juli,Burung,2025,Sempur Hujan Rimba,Eurylaimus javanicus,Least concern
F9,Juli,Burung,2025,Sempur Hujan Rimba,Eurylaimus javanicus,Least concern
C3,Juli,Burung,2025,Sempur Hujan Rimba,Eurylaimus javanicus,Least concern
C2,Juli,Burung,2025,Sempur Hujan Rimba,Eurylaimus javanicus,Least concern
C1,Juli,Burung,2025,Sempur Hujan Rimba,Eurylaimus javanicus,Least concern
E6,Juli,Burung,2025,Sempur Hujan Rimba,Eurylaimus javanicus,Least concern
I14,Juli,Burung,2025,Sempur Hujan Rimba,Eurylaimus javanicus,Least concern
E16,Juli,Burung,2025,Sempur Hujan Rimba,Eurylaimus javanicus,Least concern
E15,Juli,Burung,2025,Sempur Hujan Rimba,Eurylaimus javanicus,Least concern
C20,Juli,Burung,2025,Sempur Hujan Rimba,Eurylaimus javanicus,Least concern
C16,Juli,Burung,2025,Sempur Hujan Rimba,Eurylaimus javanicus,Least concern
C15,Juli,Burung,2025,Sempur Hujan Rimba,Eurylaimus javanicus,Least concern
E9,Juli,Burung,2025,Ayam Hutan Hijau,Gallus varius,Least concern
D10,Juli,Burung,2025,Cekakak Jawa,Halcyon cyanoventris,Least concern
D5,Juli,Burung,2025,Cekakak Jawa,Halcyon cyanoventris,Least concern
F3,Juli,Burung,2025,Cekakak Jawa,Halcyon cyanoventris,Least concern
F2,Juli,Burung,2025,Cekakak Jawa,Halcyon cyanoventris,Least concern
E3,Juli,Burung,2025,Cekakak Jawa,Halcyon cyanoventris,Least concern
E4,Juli,Burung,2025,Cekakak Jawa,Halcyon cyanoventris,Least concern
I9,Juli,Burung,2025,Cekakak Jawa,Halcyon cyanoventris,Least concern
H10,Juli,Burung,2025,Cekakak Jawa,Halcyon cyanoventris,Least concern
I11,Juli,Burung,2025,Cekakak Jawa,Halcyon cyanoventris,Least concern
G13,Juli,Burung,2025,Cekakak Jawa,Halcyon cyanoventris,Least concern
C8,Juli,Burung,2025,Tepekong Jambul,Hemiprocne longipennis,Least concern
C7,Juli,Burung,2025,Tepekong Jambul,Hemiprocne longipennis,Least concern
E8,Juli,Burung,2025,Tepekong Jambul,Hemiprocne longipennis,Least concern
F9,Juli,Burung,2025,Tepekong Jambul,Hemiprocne longipennis,Least concern
C5,Juli,Burung,2025,Tepekong Jambul,Hemiprocne longipennis,Least concern
C4,Juli,Burung,2025,Tepekong Jambul,Hemiprocne longipennis,Least concern
C3,Juli,Burung,2025,Tepekong Jambul,Hemiprocne longipennis,Least concern
C2,Juli,Burung,2025,Tepekong Jambul,Hemiprocne longipennis,Least concern
D5,Juli,Burung,2025,Tepekong Jambul,Hemiprocne longipennis,Least concern
F7,Juli,Burung,2025,Tepekong Jambul,Hemiprocne longipennis,Least concern
F2,Juli,Burung,2025,Tepekong Jambul,Hemiprocne longipennis,Least concern
E6,Juli,Burung,2025,Tepekong Jambul,Hemiprocne longipennis,Least concern
E7,Juli,Burung,2025,Tepekong Jambul,Hemiprocne longipennis,Least concern
G7,Juli,Burung,2025,Tepekong Jambul,Hemiprocne longipennis,Least concern
H11,Juli,Burung,2025,Tepekong Jambul,Hemiprocne longipennis,Least concern
I11,Juli,Burung,2025,Tepekong Jambul,Hemiprocne longipennis,Least concern
D13,Juli,Burung,2025,Tepekong Jambul,Hemiprocne longipennis,Least concern
D14,Juli,Burung,2025,Tepekong Jambul,Hemiprocne longipennis,Least concern
D15,Juli,Burung,2025,Tepekong Jambul,Hemiprocne longipennis,Least concern
D17,Juli,Burung,2025,Tepekong Jambul,Hemiprocne longipennis,Least concern
E14,Juli,Burung,2025,Tepekong Jambul,Hemiprocne longipennis,Least concern
D20,Juli,Burung,2025,Tepekong Jambul,Hemiprocne longipennis,Least concern
D18,Juli,Burung,2025,Tepekong Jambul,Hemiprocne longipennis,Least concern
B17,Juli,Burung,2025,Tepekong Jambul,Hemiprocne longipennis,Least concern
C16,Juli,Burung,2025,Tepekong Jambul,Hemiprocne longipennis,Least concern
C15,Juli,Burung,2025,Tepekong Jambul,Hemiprocne longipennis,Least concern
C14,Juli,Burung,2025,Tepekong Jambul,Hemiprocne longipennis,Least concern
B15,Juli,Burung,2025,Tepekong Jambul,Hemiprocne longipennis,Least concern
A16,Juli,Burung,2025,Tepekong Jambul,Hemiprocne longipennis,Least concern
A15,Juli,Burung,2025,Tepekong Jambul,Hemiprocne longipennis,Least concern
D11,Juli,Burung,2025,Jingjing Batu,Hemipus hirundinaceus,Least concern
C7,Juli,Burung,2025,Jingjing Batu,Hemipus hirundinaceus,Least concern
D8,Juli,Burung,2025,Jingjing Batu,Hemipus hirundinaceus,Least concern
F9,Juli,Burung,2025,Jingjing Batu,Hemipus hirundinaceus,Least concern
C5,Juli,Burung,2025,Jingjing Batu,Hemipus hirundinaceus,Least concern
C1,Juli,Burung,2025,Jingjing Batu,Hemipus hirundinaceus,Least concern
D1,Juli,Burung,2025,Jingjing Batu,Hemipus hirundinaceus,Least concern
D5,Juli,Burung,2025,Jingjing Batu,Hemipus hirundinaceus,Least concern
F8,Juli,Burung,2025,Jingjing Batu,Hemipus hirundinaceus,Least concern
F7,Juli,Burung,2025,Jingjing Batu,Hemipus hirundinaceus,Least concern
E6,Juli,Burung,2025,Jingjing Batu,Hemipus hirundinaceus,Least concern
E7,Juli,Burung,2025,Jingjing Batu,Hemipus hirundinaceus,Least concern
H9,Juli,Burung,2025,Jingjing Batu,Hemipus hirundinaceus,Least concern
I9,Juli,Burung,2025,Jingjing Batu,Hemipus hirundinaceus,Least concern
H10,Juli,Burung,2025,Jingjing Batu,Hemipus hirundinaceus,Least concern
I13,Juli,Burung,2025,Jingjing Batu,Hemipus hirundinaceus,Least concern
J14,Juli,Burung,2025,Jingjing Batu,Hemipus hirundinaceus,Least concern
H14,Juli,Burung,2025,Jingjing Batu,Hemipus hirundinaceus,Least concern
H13,Juli,Burung,2025,Jingjing Batu,Hemipus hirundinaceus,Least concern
H12,Juli,Burung,2025,Jingjing Batu,Hemipus hirundinaceus,Least concern
F10,Juli,Burung,2025,Jingjing Batu,Hemipus hirundinaceus,Least concern
G15,Juli,Burung,2025,Jingjing Batu,Hemipus hirundinaceus,Least concern
F16,Juli,Burung,2025,Jingjing Batu,Hemipus hirundinaceus,Least concern
D14,Juli,Burung,2025,Jingjing Batu,Hemipus hirundinaceus,Least concern
D15,Juli,Burung,2025,Jingjing Batu,Hemipus hirundinaceus,Least concern
D17,Juli,Burung,2025,Jingjing Batu,Hemipus hirundinaceus,Least concern
D20,Juli,Burung,2025,Jingjing Batu,Hemipus hirundinaceus,Least concern
C21,Juli,Burung,2025,Jingjing Batu,Hemipus hirundinaceus,Least concern
B18,Juli,Burung,2025,Jingjing Batu,Hemipus hirundinaceus,Least concern
C15,Juli,Burung,2025,Jingjing Batu,Hemipus hirundinaceus,Least concern
C14,Juli,Burung,2025,Jingjing Batu,Hemipus hirundinaceus,Least concern
B16,Juli,Burung,2025,Jingjing Batu,Hemipus hirundinaceus,Least concern
A16,Juli,Burung,2025,Jingjing Batu,Hemipus hirundinaceus,Least concern
C10,Juli,Burung,2025,Paok Pancawarna,Hydrornis guajanus,Least concern
D8,Juli,Burung,2025,Paok Pancawarna,Hydrornis guajanus,Least concern
F9,Juli,Burung,2025,Paok Pancawarna,Hydrornis guajanus,Least concern
E9,Juli,Burung,2025,Paok Pancawarna,Hydrornis guajanus,Least concern
C4,Juli,Burung,2025,Paok Pancawarna,Hydrornis guajanus,Least concern
D3,Juli,Burung,2025,Paok Pancawarna,Hydrornis guajanus,Least concern
C1,Juli,Burung,2025,Paok Pancawarna,Hydrornis guajanus,Least concern
E9,Juli,Burung,2025,Paok Pancawarna,Hydrornis guajanus,Least concern
E3,Juli,Burung,2025,Paok Pancawarna,Hydrornis guajanus,Least concern
E5,Juli,Burung,2025,Paok Pancawarna,Hydrornis guajanus,Least concern
E6,Juli,Burung,2025,Paok Pancawarna,Hydrornis guajanus,Least concern
G8,Juli,Burung,2025,Paok Pancawarna,Hydrornis guajanus,Least concern
G9,Juli,Burung,2025,Paok Pancawarna,Hydrornis guajanus,Least concern
H9,Juli,Burung,2025,Paok Pancawarna,Hydrornis guajanus,Least concern
H10,Juli,Burung,2025,Paok Pancawarna,Hydrornis guajanus,Least concern
H14,Juli,Burung,2025,Paok Pancawarna,Hydrornis guajanus,Least concern
H13,Juli,Burung,2025,Paok Pancawarna,Hydrornis guajanus,Least concern
G15,Juli,Burung,2025,Paok Pancawarna,Hydrornis guajanus,Least concern
F14,Juli,Burung,2025,Paok Pancawarna,Hydrornis guajanus,Least concern
F13,Juli,Burung,2025,Paok Pancawarna,Hydrornis guajanus,Least concern
D15,Juli,Burung,2025,Paok Pancawarna,Hydrornis guajanus,Least concern
D16,Juli,Burung,2025,Paok Pancawarna,Hydrornis guajanus,Least concern
E14,Juli,Burung,2025,Paok Pancawarna,Hydrornis guajanus,Least concern
D20,Juli,Burung,2025,Paok Pancawarna,Hydrornis guajanus,Least concern
C15,Juli,Burung,2025,Paok Pancawarna,Hydrornis guajanus,Least concern
J14,Juli,Burung,2025,Kehicap Ranting,Hypothymis azurea,Least concern
G15,Juli,Burung,2025,Kehicap Ranting,Hypothymis azurea,Least concern
D14,Juli,Burung,2025,Kehicap Ranting,Hypothymis azurea,Least concern
E14,Juli,Burung,2025,Kehicap Ranting,Hypothymis azurea,Least concern
C18,Juli,Burung,2025,Kehicap Ranting,Hypothymis azurea,Least concern
E5,Juli,Burung,2025,Cekakak Batu,Lacedo pulchella,Least concern
E16,Juli,Burung,2025,Cekakak Batu,Lacedo pulchella,Least concern
F6,Juli,Burung,2025,Bondol Jawa,Lonchura leucogastroides,Least concern
F10,Juli,Burung,2025,Bondol Jawa,Lonchura leucogastroides,Least concern
G16,Juli,Burung,2025,Bondol Jawa,Lonchura leucogastroides,Least concern
B15,Juli,Burung,2025,Bondol Jawa,Lonchura leucogastroides,Least concern
D11,Juli,Burung,2025,Serindit Jawa,Loriculus pusillus,Near Threatened
D10,Juli,Burung,2025,Serindit Jawa,Loriculus pusillus,Near Threatened
D9,Juli,Burung,2025,Serindit Jawa,Loriculus pusillus,Near Threatened
C6,Juli,Burung,2025,Serindit Jawa,Loriculus pusillus,Near Threatened
D6,Juli,Burung,2025,Serindit Jawa,Loriculus pusillus,Near Threatened
D7,Juli,Burung,2025,Serindit Jawa,Loriculus pusillus,Near Threatened
D8,Juli,Burung,2025,Serindit Jawa,Loriculus pusillus,Near Threatened
E8,Juli,Burung,2025,Serindit Jawa,Loriculus pusillus,Near Threatened
F9,Juli,Burung,2025,Serindit Jawa,Loriculus pusillus,Near Threatened
C5,Juli,Burung,2025,Serindit Jawa,Loriculus pusillus,Near Threatened
C4,Juli,Burung,2025,Serindit Jawa,Loriculus pusillus,Near Threatened
D4,Juli,Burung,2025,Serindit Jawa,Loriculus pusillus,Near Threatened
C3,Juli,Burung,2025,Serindit Jawa,Loriculus pusillus,Near Threatened
D3,Juli,Burung,2025,Serindit Jawa,Loriculus pusillus,Near Threatened
C2,Juli,Burung,2025,Serindit Jawa,Loriculus pusillus,Near Threatened
C1,Juli,Burung,2025,Serindit Jawa,Loriculus pusillus,Near Threatened
D5,Juli,Burung,2025,Serindit Jawa,Loriculus pusillus,Near Threatened
E9,Juli,Burung,2025,Serindit Jawa,Loriculus pusillus,Near Threatened
F8,Juli,Burung,2025,Serindit Jawa,Loriculus pusillus,Near Threatened
F4,Juli,Burung,2025,Serindit Jawa,Loriculus pusillus,Near Threatened
F2,Juli,Burung,2025,Serindit Jawa,Loriculus pusillus,Near Threatened
E3,Juli,Burung,2025,Serindit Jawa,Loriculus pusillus,Near Threatened
E6,Juli,Burung,2025,Serindit Jawa,Loriculus pusillus,Near Threatened
H10,Juli,Burung,2025,Serindit Jawa,Loriculus pusillus,Near Threatened
I11,Juli,Burung,2025,Serindit Jawa,Loriculus pusillus,Near Threatened
G15,Juli,Burung,2025,Serindit Jawa,Loriculus pusillus,Near Threatened
G16,Juli,Burung,2025,Serindit Jawa,Loriculus pusillus,Near Threatened
F16,Juli,Burung,2025,Serindit Jawa,Loriculus pusillus,Near Threatened
D14,Juli,Burung,2025,Serindit Jawa,Loriculus pusillus,Near Threatened
D15,Juli,Burung,2025,Serindit Jawa,Loriculus pusillus,Near Threatened
D20,Juli,Burung,2025,Serindit Jawa,Loriculus pusillus,Near Threatened
C20,Juli,Burung,2025,Serindit Jawa,Loriculus pusillus,Near Threatened
C21,Juli,Burung,2025,Serindit Jawa,Loriculus pusillus,Near Threatened
C19,Juli,Burung,2025,Serindit Jawa,Loriculus pusillus,Near Threatened
C14,Juli,Burung,2025,Serindit Jawa,Loriculus pusillus,Near Threatened
B15,Juli,Burung,2025,Serindit Jawa,Loriculus pusillus,Near Threatened
B16,Juli,Burung,2025,Serindit Jawa,Loriculus pusillus,Near Threatened
A16,Juli,Burung,2025,Serindit Jawa,Loriculus pusillus,Near Threatened
G8,Juli,Burung,2025,Uncal Buau,Macropygia emiliana,Least concern
C9,Juli,Burung,2025,Pelanduk Semak,Malacocincla sepiaria,Least concern
C7,Juli,Burung,2025,Pelanduk Semak,Malacocincla sepiaria,Least concern
C6,Juli,Burung,2025,Pelanduk Semak,Malacocincla sepiaria,Least concern
C5,Juli,Burung,2025,Pelanduk Semak,Malacocincla sepiaria,Least concern
C4,Juli,Burung,2025,Pelanduk Semak,Malacocincla sepiaria,Least concern
D4,Juli,Burung,2025,Pelanduk Semak,Malacocincla sepiaria,Least concern
D3,Juli,Burung,2025,Pelanduk Semak,Malacocincla sepiaria,Least concern
E9,Juli,Burung,2025,Pelanduk Semak,Malacocincla sepiaria,Least concern
G14,Juli,Burung,2025,Pelanduk Semak,Malacocincla sepiaria,Least concern
D18,Juli,Burung,2025,Pelanduk Semak,Malacocincla sepiaria,Least concern
I14,Juli,Burung,2025,Kirik Kirik Senja,Merops leschenaulti,Least concern
D5,Juli,Burung,2025,Alap Alap Capung,Microhierax fringillarius,Least concern
J14,Juli,Burung,2025,Sikatan Sisi Gelap,Muscicapa sibirica,Least concern
B17,Juli,Burung,2025,Sikatan Sisi Gelap,Muscicapa sibirica,Least concern
D9,Juli,Burung,2025,Cinenen Kelabu,Orthotomus ruficeps,Least concern
C4,Juli,Burung,2025,Cinenen Kelabu,Orthotomus ruficeps,Least concern
F5,Juli,Burung,2025,Cinenen Kelabu,Orthotomus ruficeps,Least concern
E6,Juli,Burung,2025,Cinenen Kelabu,Orthotomus ruficeps,Least concern
G9,Juli,Burung,2025,Cinenen Kelabu,Orthotomus ruficeps,Least concern
D15,Juli,Burung,2025,Cinenen Kelabu,Orthotomus ruficeps,Least concern
D11,Juli,Burung,2025,Cinenen Pisang,Orthotomus sutorius,Least concern
D9,Juli,Burung,2025,Cinenen Pisang,Orthotomus sutorius,Least concern
C10,Juli,Burung,2025,Cinenen Pisang,Orthotomus sutorius,Least concern
C9,Juli,Burung,2025,Cinenen Pisang,Orthotomus sutorius,Least concern
C8,Juli,Burung,2025,Cinenen Pisang,Orthotomus sutorius,Least concern
C7,Juli,Burung,2025,Cinenen Pisang,Orthotomus sutorius,Least concern
C6,Juli,Burung,2025,Cinenen Pisang,Orthotomus sutorius,Least concern
D6,Juli,Burung,2025,Cinenen Pisang,Orthotomus sutorius,Least concern
D7,Juli,Burung,2025,Cinenen Pisang,Orthotomus sutorius,Least concern
C5,Juli,Burung,2025,Cinenen Pisang,Orthotomus sutorius,Least concern
D4,Juli,Burung,2025,Cinenen Pisang,Orthotomus sutorius,Least concern
C3,Juli,Burung,2025,Cinenen Pisang,Orthotomus sutorius,Least concern
C2,Juli,Burung,2025,Cinenen Pisang,Orthotomus sutorius,Least concern
D2,Juli,Burung,2025,Cinenen Pisang,Orthotomus sutorius,Least concern
C1,Juli,Burung,2025,Cinenen Pisang,Orthotomus sutorius,Least concern
D1,Juli,Burung,2025,Cinenen Pisang,Orthotomus sutorius,Least concern
D5,Juli,Burung,2025,Cinenen Pisang,Orthotomus sutorius,Least concern
E9,Juli,Burung,2025,Cinenen Pisang,Orthotomus sutorius,Least concern
F8,Juli,Burung,2025,Cinenen Pisang,Orthotomus sutorius,Least concern
F7,Juli,Burung,2025,Cinenen Pisang,Orthotomus sutorius,Least concern
F2,Juli,Burung,2025,Cinenen Pisang,Orthotomus sutorius,Least concern
E2,Juli,Burung,2025,Cinenen Pisang,Orthotomus sutorius,Least concern
E3,Juli,Burung,2025,Cinenen Pisang,Orthotomus sutorius,Least concern
G7,Juli,Burung,2025,Cinenen Pisang,Orthotomus sutorius,Least concern
I9,Juli,Burung,2025,Cinenen Pisang,Orthotomus sutorius,Least concern
H11,Juli,Burung,2025,Cinenen Pisang,Orthotomus sutorius,Least concern
J13,Juli,Burung,2025,Cinenen Pisang,Orthotomus sutorius,Least concern
J14,Juli,Burung,2025,Cinenen Pisang,Orthotomus sutorius,Least concern
H13,Juli,Burung,2025,Cinenen Pisang,Orthotomus sutorius,Least concern
G10,Juli,Burung,2025,Cinenen Pisang,Orthotomus sutorius,Least concern
G13,Juli,Burung,2025,Cinenen Pisang,Orthotomus sutorius,Least concern
G15,Juli,Burung,2025,Cinenen Pisang,Orthotomus sutorius,Least concern
G16,Juli,Burung,2025,Cinenen Pisang,Orthotomus sutorius,Least concern
F14,Juli,Burung,2025,Cinenen Pisang,Orthotomus sutorius,Least concern
F13,Juli,Burung,2025,Cinenen Pisang,Orthotomus sutorius,Least concern
D14,Juli,Burung,2025,Cinenen Pisang,Orthotomus sutorius,Least concern
D15,Juli,Burung,2025,Cinenen Pisang,Orthotomus sutorius,Least concern
E15,Juli,Burung,2025,Cinenen Pisang,Orthotomus sutorius,Least concern
E14,Juli,Burung,2025,Cinenen Pisang,Orthotomus sutorius,Least concern
D20,Juli,Burung,2025,Cinenen Pisang,Orthotomus sutorius,Least concern
B19,Juli,Burung,2025,Cinenen Pisang,Orthotomus sutorius,Least concern
C19,Juli,Burung,2025,Cinenen Pisang,Orthotomus sutorius,Least concern
D19,Juli,Burung,2025,Cinenen Pisang,Orthotomus sutorius,Least concern
E18,Juli,Burung,2025,Cinenen Pisang,Orthotomus sutorius,Least concern
B18,Juli,Burung,2025,Cinenen Pisang,Orthotomus sutorius,Least concern
B17,Juli,Burung,2025,Cinenen Pisang,Orthotomus sutorius,Least concern
B19,Juli,Burung,2025,Cinenen Pisang,Orthotomus sutorius,Least concern
C15,Juli,Burung,2025,Cinenen Pisang,Orthotomus sutorius,Least concern
C14,Juli,Burung,2025,Cinenen Pisang,Orthotomus sutorius,Least concern
B16,Juli,Burung,2025,Cinenen Pisang,Orthotomus sutorius,Least concern
A15,Juli,Burung,2025,Cinenen Pisang,Orthotomus sutorius,Least concern
B14,Juli,Burung,2025,Cinenen Pisang,Orthotomus sutorius,Least concern
D5,Juli,Burung,2025,Celepuk Reban,Otus lempiji,Least concern
D5,Juli,Burung,2025,Celepuk Reban,Otus lempiji,Least concern
D9,Juli,Burung,2025,Kancilan Bakau,Pachycephala cinerea,Least concern
F3,Juli,Burung,2025,Kancilan Bakau,Pachycephala cinerea,Least concern
F2,Juli,Burung,2025,Kancilan Bakau,Pachycephala cinerea,Least concern
E3,Juli,Burung,2025,Kancilan Bakau,Pachycephala cinerea,Least concern
I9,Juli,Burung,2025,Kancilan Bakau,Pachycephala cinerea,Least concern
J14,Juli,Burung,2025,Kancilan Bakau,Pachycephala cinerea,Least concern
D16,Juli,Burung,2025,Kancilan Bakau,Pachycephala cinerea,Least concern
E16,Juli,Burung,2025,Kancilan Bakau,Pachycephala cinerea,Least concern
E15,Juli,Burung,2025,Kancilan Bakau,Pachycephala cinerea,Least concern
E18,Juli,Burung,2025,Kancilan Bakau,Pachycephala cinerea,Least concern
B18,Juli,Burung,2025,Kancilan Bakau,Pachycephala cinerea,Least concern
C16,Juli,Burung,2025,Kancilan Bakau,Pachycephala cinerea,Least concern
D11,Juli,Burung,2025,Gelatik Batu Kelabu,Parus major,Least concern
D9,Juli,Burung,2025,Gelatik Batu Kelabu,Parus major,Least concern
C10,Juli,Burung,2025,Gelatik Batu Kelabu,Parus major,Least concern
C7,Juli,Burung,2025,Gelatik Batu Kelabu,Parus major,Least concern
C5,Juli,Burung,2025,Gelatik Batu Kelabu,Parus major,Least concern
D11,Juli,Burung,2025,Pelanduk Topi Jawa,Pellorneum capistratum,Least concern
D9,Juli,Burung,2025,Pelanduk Topi Jawa,Pellorneum capistratum,Least concern
C6,Juli,Burung,2025,Pelanduk Topi Jawa,Pellorneum capistratum,Least concern
D8,Juli,Burung,2025,Pelanduk Topi Jawa,Pellorneum capistratum,Least concern
F9,Juli,Burung,2025,Pelanduk Topi Jawa,Pellorneum capistratum,Least concern
C5,Juli,Burung,2025,Pelanduk Topi Jawa,Pellorneum capistratum,Least concern
D3,Juli,Burung,2025,Pelanduk Topi Jawa,Pellorneum capistratum,Least concern
D1,Juli,Burung,2025,Pelanduk Topi Jawa,Pellorneum capistratum,Least concern
F7,Juli,Burung,2025,Pelanduk Topi Jawa,Pellorneum capistratum,Least concern
E3,Juli,Burung,2025,Pelanduk Topi Jawa,Pellorneum capistratum,Least concern
G9,Juli,Burung,2025,Pelanduk Topi Jawa,Pellorneum capistratum,Least concern
H9,Juli,Burung,2025,Pelanduk Topi Jawa,Pellorneum capistratum,Least concern
I9,Juli,Burung,2025,Pelanduk Topi Jawa,Pellorneum capistratum,Least concern
H10,Juli,Burung,2025,Pelanduk Topi Jawa,Pellorneum capistratum,Least concern
J14,Juli,Burung,2025,Pelanduk Topi Jawa,Pellorneum capistratum,Least concern
F10,Juli,Burung,2025,Pelanduk Topi Jawa,Pellorneum capistratum,Least concern
G14,Juli,Burung,2025,Pelanduk Topi Jawa,Pellorneum capistratum,Least concern
G16,Juli,Burung,2025,Pelanduk Topi Jawa,Pellorneum capistratum,Least concern
F14,Juli,Burung,2025,Pelanduk Topi Jawa,Pellorneum capistratum,Least concern
D14,Juli,Burung,2025,Pelanduk Topi Jawa,Pellorneum capistratum,Least concern
D15,Juli,Burung,2025,Pelanduk Topi Jawa,Pellorneum capistratum,Least concern
D20,Juli,Burung,2025,Pelanduk Topi Jawa,Pellorneum capistratum,Least concern
C16,Juli,Burung,2025,Pelanduk Topi Jawa,Pellorneum capistratum,Least concern
C14,Juli,Burung,2025,Pelanduk Topi Jawa,Pellorneum capistratum,Least concern
B16,Juli,Burung,2025,Pelanduk Topi Jawa,Pellorneum capistratum,Least concern
A16,Juli,Burung,2025,Pelanduk Topi Jawa,Pellorneum capistratum,Least concern
A15,Juli,Burung,2025,Pelanduk Topi Jawa,Pellorneum capistratum,Least concern
D11,Juli,Burung,2025,Sepah Kecil,Pericrocotus cinnamomeus,Least concern
E9,Juli,Burung,2025,Sepah Kecil,Pericrocotus cinnamomeus,Least concern
F8,Juli,Burung,2025,Sepah Kecil,Pericrocotus cinnamomeus,Least concern
F6,Juli,Burung,2025,Sepah Kecil,Pericrocotus cinnamomeus,Least concern
F5,Juli,Burung,2025,Sepah Kecil,Pericrocotus cinnamomeus,Least concern
F2,Juli,Burung,2025,Sepah Kecil,Pericrocotus cinnamomeus,Least concern
E2,Juli,Burung,2025,Sepah Kecil,Pericrocotus cinnamomeus,Least concern
I9,Juli,Burung,2025,Sepah Kecil,Pericrocotus cinnamomeus,Least concern
I13,Juli,Burung,2025,Sepah Kecil,Pericrocotus cinnamomeus,Least concern
H13,Juli,Burung,2025,Sepah Kecil,Pericrocotus cinnamomeus,Least concern
D13,Juli,Burung,2025,Sepah Kecil,Pericrocotus cinnamomeus,Least concern
D14,Juli,Burung,2025,Sepah Kecil,Pericrocotus cinnamomeus,Least concern
E15,Juli,Burung,2025,Sepah Kecil,Pericrocotus cinnamomeus,Least concern
D9,Juli,Burung,2025,Sepah Hutan,Pericrocotus flammeus,Least concern
C10,Juli,Burung,2025,Sepah Hutan,Pericrocotus flammeus,Least concern
C7,Juli,Burung,2025,Sepah Hutan,Pericrocotus flammeus,Least concern
C6,Juli,Burung,2025,Sepah Hutan,Pericrocotus flammeus,Least concern
D8,Juli,Burung,2025,Sepah Hutan,Pericrocotus flammeus,Least concern
E8,Juli,Burung,2025,Sepah Hutan,Pericrocotus flammeus,Least concern
F9,Juli,Burung,2025,Sepah Hutan,Pericrocotus flammeus,Least concern
C5,Juli,Burung,2025,Sepah Hutan,Pericrocotus flammeus,Least concern
D4,Juli,Burung,2025,Sepah Hutan,Pericrocotus flammeus,Least concern
C1,Juli,Burung,2025,Sepah Hutan,Pericrocotus flammeus,Least concern
F7,Juli,Burung,2025,Sepah Hutan,Pericrocotus flammeus,Least concern
F6,Juli,Burung,2025,Sepah Hutan,Pericrocotus flammeus,Least concern
E5,Juli,Burung,2025,Sepah Hutan,Pericrocotus flammeus,Least concern
E6,Juli,Burung,2025,Sepah Hutan,Pericrocotus flammeus,Least concern
G7,Juli,Burung,2025,Sepah Hutan,Pericrocotus flammeus,Least concern
I9,Juli,Burung,2025,Sepah Hutan,Pericrocotus flammeus,Least concern
H10,Juli,Burung,2025,Sepah Hutan,Pericrocotus flammeus,Least concern
H11,Juli,Burung,2025,Sepah Hutan,Pericrocotus flammeus,Least concern
I13,Juli,Burung,2025,Sepah Hutan,Pericrocotus flammeus,Least concern
J14,Juli,Burung,2025,Sepah Hutan,Pericrocotus flammeus,Least concern
H14,Juli,Burung,2025,Sepah Hutan,Pericrocotus flammeus,Least concern
F10,Juli,Burung,2025,Sepah Hutan,Pericrocotus flammeus,Least concern
G15,Juli,Burung,2025,Sepah Hutan,Pericrocotus flammeus,Least concern
G16,Juli,Burung,2025,Sepah Hutan,Pericrocotus flammeus,Least concern
F14,Juli,Burung,2025,Sepah Hutan,Pericrocotus flammeus,Least concern
D14,Juli,Burung,2025,Sepah Hutan,Pericrocotus flammeus,Least concern
D15,Juli,Burung,2025,Sepah Hutan,Pericrocotus flammeus,Least concern
D17,Juli,Burung,2025,Sepah Hutan,Pericrocotus flammeus,Least concern
E15,Juli,Burung,2025,Sepah Hutan,Pericrocotus flammeus,Least concern
E14,Juli,Burung,2025,Sepah Hutan,Pericrocotus flammeus,Least concern
D20,Juli,Burung,2025,Sepah Hutan,Pericrocotus flammeus,Least concern
C21,Juli,Burung,2025,Sepah Hutan,Pericrocotus flammeus,Least concern
B17,Juli,Burung,2025,Sepah Hutan,Pericrocotus flammeus,Least concern
C15,Juli,Burung,2025,Sepah Hutan,Pericrocotus flammeus,Least concern
C14,Juli,Burung,2025,Sepah Hutan,Pericrocotus flammeus,Least concern
C5,Juli,Burung,2025,Sikep Madu Asia,Pernis ptilorhynchus,Least concern
F4,Juli,Burung,2025,Sikep Madu Asia,Pernis ptilorhynchus,Least concern
D11,Juli,Burung,2025,Kadalan Birah,Phaenicophaeus curvirostris,Least concern
D9,Juli,Burung,2025,Kadalan Birah,Phaenicophaeus curvirostris,Least concern
D8,Juli,Burung,2025,Kadalan Birah,Phaenicophaeus curvirostris,Least concern
C5,Juli,Burung,2025,Kadalan Birah,Phaenicophaeus curvirostris,Least concern
D3,Juli,Burung,2025,Kadalan Birah,Phaenicophaeus curvirostris,Least concern
D2,Juli,Burung,2025,Kadalan Birah,Phaenicophaeus curvirostris,Least concern
D5,Juli,Burung,2025,Kadalan Birah,Phaenicophaeus curvirostris,Least concern
E6,Juli,Burung,2025,Kadalan Birah,Phaenicophaeus curvirostris,Least concern
H10,Juli,Burung,2025,Kadalan Birah,Phaenicophaeus curvirostris,Least concern
J14,Juli,Burung,2025,Kadalan Birah,Phaenicophaeus curvirostris,Least concern
F16,Juli,Burung,2025,Kadalan Birah,Phaenicophaeus curvirostris,Least concern
D20,Juli,Burung,2025,Kadalan Birah,Phaenicophaeus curvirostris,Least concern
C21,Juli,Burung,2025,Kadalan Birah,Phaenicophaeus curvirostris,Least concern
B17,Juli,Burung,2025,Kadalan Birah,Phaenicophaeus curvirostris,Least concern
E9,Juli,Burung,2025,Kadalan Kembang,Phaenicophaeus javanicus,Least concern
E14,Juli,Burung,2025,Kadalan Kembang,Phaenicophaeus javanicus,Least concern
C15,Juli,Burung,2025,Kadalan Kembang,Phaenicophaeus javanicus,Least concern
G9,Juli,Burung,2025,Perenjak Padi,Prinia inornata,Least concern
B19,Juli,Burung,2025,Perenjak Padi,Prinia inornata,Least concern
C3,Juli,Burung,2025,Takur Tohtor,Psilopogon armillaris,Least concern
D11,Juli,Burung,2025,Takur Tenggeret,Psilopogon australis,Least concern
D10,Juli,Burung,2025,Takur Tenggeret,Psilopogon australis,Least concern
D9,Juli,Burung,2025,Takur Tenggeret,Psilopogon australis,Least concern
C10,Juli,Burung,2025,Takur Tenggeret,Psilopogon australis,Least concern
C9,Juli,Burung,2025,Takur Tenggeret,Psilopogon australis,Least concern
C8,Juli,Burung,2025,Takur Tenggeret,Psilopogon australis,Least concern
C6,Juli,Burung,2025,Takur Tenggeret,Psilopogon australis,Least concern
D7,Juli,Burung,2025,Takur Tenggeret,Psilopogon australis,Least concern
D8,Juli,Burung,2025,Takur Tenggeret,Psilopogon australis,Least concern
E8,Juli,Burung,2025,Takur Tenggeret,Psilopogon australis,Least concern
F9,Juli,Burung,2025,Takur Tenggeret,Psilopogon australis,Least concern
C5,Juli,Burung,2025,Takur Tenggeret,Psilopogon australis,Least concern
C4,Juli,Burung,2025,Takur Tenggeret,Psilopogon australis,Least concern
D4,Juli,Burung,2025,Takur Tenggeret,Psilopogon australis,Least concern
C3,Juli,Burung,2025,Takur Tenggeret,Psilopogon australis,Least concern
D3,Juli,Burung,2025,Takur Tenggeret,Psilopogon australis,Least concern
C2,Juli,Burung,2025,Takur Tenggeret,Psilopogon australis,Least concern
D2,Juli,Burung,2025,Takur Tenggeret,Psilopogon australis,Least concern
C1,Juli,Burung,2025,Takur Tenggeret,Psilopogon australis,Least concern
D1,Juli,Burung,2025,Takur Tenggeret,Psilopogon australis,Least concern
D5,Juli,Burung,2025,Takur Tenggeret,Psilopogon australis,Least concern
E9,Juli,Burung,2025,Takur Tenggeret,Psilopogon australis,Least concern
F8,Juli,Burung,2025,Takur Tenggeret,Psilopogon australis,Least concern
F7,Juli,Burung,2025,Takur Tenggeret,Psilopogon australis,Least concern
F6,Juli,Burung,2025,Takur Tenggeret,Psilopogon australis,Least concern
F5,Juli,Burung,2025,Takur Tenggeret,Psilopogon australis,Least concern
F4,Juli,Burung,2025,Takur Tenggeret,Psilopogon australis,Least concern
F3,Juli,Burung,2025,Takur Tenggeret,Psilopogon australis,Least concern
F2,Juli,Burung,2025,Takur Tenggeret,Psilopogon australis,Least concern
E3,Juli,Burung,2025,Takur Tenggeret,Psilopogon australis,Least concern
E4,Juli,Burung,2025,Takur Tenggeret,Psilopogon australis,Least concern
E5,Juli,Burung,2025,Takur Tenggeret,Psilopogon australis,Least concern
E6,Juli,Burung,2025,Takur Tenggeret,Psilopogon australis,Least concern
E7,Juli,Burung,2025,Takur Tenggeret,Psilopogon australis,Least concern
G8,Juli,Burung,2025,Takur Tenggeret,Psilopogon australis,Least concern
G7,Juli,Burung,2025,Takur Tenggeret,Psilopogon australis,Least concern
G9,Juli,Burung,2025,Takur Tenggeret,Psilopogon australis,Least concern
H9,Juli,Burung,2025,Takur Tenggeret,Psilopogon australis,Least concern
I9,Juli,Burung,2025,Takur Tenggeret,Psilopogon australis,Least concern
H11,Juli,Burung,2025,Takur Tenggeret,Psilopogon australis,Least concern
I11,Juli,Burung,2025,Takur Tenggeret,Psilopogon australis,Least concern
I12,Juli,Burung,2025,Takur Tenggeret,Psilopogon australis,Least concern
I13,Juli,Burung,2025,Takur Tenggeret,Psilopogon australis,Least concern
J13,Juli,Burung,2025,Takur Tenggeret,Psilopogon australis,Least concern
J14,Juli,Burung,2025,Takur Tenggeret,Psilopogon australis,Least concern
I14,Juli,Burung,2025,Takur Tenggeret,Psilopogon australis,Least concern
H14,Juli,Burung,2025,Takur Tenggeret,Psilopogon australis,Least concern
H13,Juli,Burung,2025,Takur Tenggeret,Psilopogon australis,Least concern
H12,Juli,Burung,2025,Takur Tenggeret,Psilopogon australis,Least concern
F10,Juli,Burung,2025,Takur Tenggeret,Psilopogon australis,Least concern
G13,Juli,Burung,2025,Takur Tenggeret,Psilopogon australis,Least concern
G14,Juli,Burung,2025,Takur Tenggeret,Psilopogon australis,Least concern
G15,Juli,Burung,2025,Takur Tenggeret,Psilopogon australis,Least concern
F16,Juli,Burung,2025,Takur Tenggeret,Psilopogon australis,Least concern
F15,Juli,Burung,2025,Takur Tenggeret,Psilopogon australis,Least concern
F14,Juli,Burung,2025,Takur Tenggeret,Psilopogon australis,Least concern
F13,Juli,Burung,2025,Takur Tenggeret,Psilopogon australis,Least concern
E13,Juli,Burung,2025,Takur Tenggeret,Psilopogon australis,Least concern
D13,Juli,Burung,2025,Takur Tenggeret,Psilopogon australis,Least concern
D14,Juli,Burung,2025,Takur Tenggeret,Psilopogon australis,Least concern
D15,Juli,Burung,2025,Takur Tenggeret,Psilopogon australis,Least concern
D16,Juli,Burung,2025,Takur Tenggeret,Psilopogon australis,Least concern
D17,Juli,Burung,2025,Takur Tenggeret,Psilopogon australis,Least concern
E16,Juli,Burung,2025,Takur Tenggeret,Psilopogon australis,Least concern
E15,Juli,Burung,2025,Takur Tenggeret,Psilopogon australis,Least concern
E14,Juli,Burung,2025,Takur Tenggeret,Psilopogon australis,Least concern
D20,Juli,Burung,2025,Takur Tenggeret,Psilopogon australis,Least concern
C20,Juli,Burung,2025,Takur Tenggeret,Psilopogon australis,Least concern
C21,Juli,Burung,2025,Takur Tenggeret,Psilopogon australis,Least concern
B19,Juli,Burung,2025,Takur Tenggeret,Psilopogon australis,Least concern
C19,Juli,Burung,2025,Takur Tenggeret,Psilopogon australis,Least concern
D19,Juli,Burung,2025,Takur Tenggeret,Psilopogon australis,Least concern
C18,Juli,Burung,2025,Takur Tenggeret,Psilopogon australis,Least concern
D18,Juli,Burung,2025,Takur Tenggeret,Psilopogon australis,Least concern
E18,Juli,Burung,2025,Takur Tenggeret,Psilopogon australis,Least concern
B18,Juli,Burung,2025,Takur Tenggeret,Psilopogon australis,Least concern
B17,Juli,Burung,2025,Takur Tenggeret,Psilopogon australis,Least concern
C17,Juli,Burung,2025,Takur Tenggeret,Psilopogon australis,Least concern
C16,Juli,Burung,2025,Takur Tenggeret,Psilopogon australis,Least concern
C15,Juli,Burung,2025,Takur Tenggeret,Psilopogon australis,Least concern
C14,Juli,Burung,2025,Takur Tenggeret,Psilopogon australis,Least concern
B15,Juli,Burung,2025,Takur Tenggeret,Psilopogon australis,Least concern
B16,Juli,Burung,2025,Takur Tenggeret,Psilopogon australis,Least concern
A16,Juli,Burung,2025,Takur Tenggeret,Psilopogon australis,Least concern
A15,Juli,Burung,2025,Takur Tenggeret,Psilopogon australis,Least concern
B14,Juli,Burung,2025,Takur Tenggeret,Psilopogon australis,Least concern
C8,Juli,Burung,2025,Takur Ungkut Ungkut,Psilopogon haemacephalus,Least concern
C6,Juli,Burung,2025,Takur Ungkut Ungkut,Psilopogon haemacephalus,Least concern
D6,Juli,Burung,2025,Takur Ungkut Ungkut,Psilopogon haemacephalus,Least concern
D6,Juli,Burung,2025,Takur Ungkut Ungkut,Psilopogon haemacephalus,Least concern
F9,Juli,Burung,2025,Takur Ungkut Ungkut,Psilopogon haemacephalus,Least concern
D4,Juli,Burung,2025,Takur Ungkut Ungkut,Psilopogon haemacephalus,Least concern
D3,Juli,Burung,2025,Takur Ungkut Ungkut,Psilopogon haemacephalus,Least concern
D2,Juli,Burung,2025,Takur Ungkut Ungkut,Psilopogon haemacephalus,Least concern
F8,Juli,Burung,2025,Takur Ungkut Ungkut,Psilopogon haemacephalus,Least concern
F6,Juli,Burung,2025,Takur Ungkut Ungkut,Psilopogon haemacephalus,Least concern
F3,Juli,Burung,2025,Takur Ungkut Ungkut,Psilopogon haemacephalus,Least concern
E5,Juli,Burung,2025,Takur Ungkut Ungkut,Psilopogon haemacephalus,Least concern
E7,Juli,Burung,2025,Takur Ungkut Ungkut,Psilopogon haemacephalus,Least concern
I9,Juli,Burung,2025,Takur Ungkut Ungkut,Psilopogon haemacephalus,Least concern
I11,Juli,Burung,2025,Takur Ungkut Ungkut,Psilopogon haemacephalus,Least concern
H12,Juli,Burung,2025,Takur Ungkut Ungkut,Psilopogon haemacephalus,Least concern
G10,Juli,Burung,2025,Takur Ungkut Ungkut,Psilopogon haemacephalus,Least concern
G10,Juli,Burung,2025,Takur Ungkut Ungkut,Psilopogon haemacephalus,Least concern
F10,Juli,Burung,2025,Takur Ungkut Ungkut,Psilopogon haemacephalus,Least concern
G13,Juli,Burung,2025,Takur Ungkut Ungkut,Psilopogon haemacephalus,Least concern
F16,Juli,Burung,2025,Takur Ungkut Ungkut,Psilopogon haemacephalus,Least concern
F14,Juli,Burung,2025,Takur Ungkut Ungkut,Psilopogon haemacephalus,Least concern
D14,Juli,Burung,2025,Takur Ungkut Ungkut,Psilopogon haemacephalus,Least concern
E16,Juli,Burung,2025,Takur Ungkut Ungkut,Psilopogon haemacephalus,Least concern
C14,Juli,Burung,2025,Takur Ungkut Ungkut,Psilopogon haemacephalus,Least concern
C6,Juli,Burung,2025,Takur Tulung Tumpuk,Psilopogon javensis,Least concern
E8,Juli,Burung,2025,Takur Tulung Tumpuk,Psilopogon javensis,Least concern
F9,Juli,Burung,2025,Takur Tulung Tumpuk,Psilopogon javensis,Least concern
F8,Juli,Burung,2025,Takur Tulung Tumpuk,Psilopogon javensis,Least concern
G8,Juli,Burung,2025,Takur Tulung Tumpuk,Psilopogon javensis,Least concern
G9,Juli,Burung,2025,Takur Tulung Tumpuk,Psilopogon javensis,Least concern
I11,Juli,Burung,2025,Takur Tulung Tumpuk,Psilopogon javensis,Least concern
I13,Juli,Burung,2025,Takur Tulung Tumpuk,Psilopogon javensis,Least concern
J13,Juli,Burung,2025,Takur Tulung Tumpuk,Psilopogon javensis,Least concern
I14,Juli,Burung,2025,Takur Tulung Tumpuk,Psilopogon javensis,Least concern
H14,Juli,Burung,2025,Takur Tulung Tumpuk,Psilopogon javensis,Least concern
H13,Juli,Burung,2025,Takur Tulung Tumpuk,Psilopogon javensis,Least concern
G13,Juli,Burung,2025,Takur Tulung Tumpuk,Psilopogon javensis,Least concern
G14,Juli,Burung,2025,Takur Tulung Tumpuk,Psilopogon javensis,Least concern
G15,Juli,Burung,2025,Takur Tulung Tumpuk,Psilopogon javensis,Least concern
F14,Juli,Burung,2025,Takur Tulung Tumpuk,Psilopogon javensis,Least concern
E15,Juli,Burung,2025,Takur Tulung Tumpuk,Psilopogon javensis,Least concern
E14,Juli,Burung,2025,Takur Tulung Tumpuk,Psilopogon javensis,Least concern
D20,Juli,Burung,2025,Takur Tulung Tumpuk,Psilopogon javensis,Least concern
C20,Juli,Burung,2025,Takur Tulung Tumpuk,Psilopogon javensis,Least concern
C21,Juli,Burung,2025,Takur Tulung Tumpuk,Psilopogon javensis,Least concern
B19,Juli,Burung,2025,Takur Tulung Tumpuk,Psilopogon javensis,Least concern
C19,Juli,Burung,2025,Takur Tulung Tumpuk,Psilopogon javensis,Least concern
B18,Juli,Burung,2025,Takur Tulung Tumpuk,Psilopogon javensis,Least concern
B17,Juli,Burung,2025,Takur Tulung Tumpuk,Psilopogon javensis,Least concern
C17,Juli,Burung,2025,Takur Tulung Tumpuk,Psilopogon javensis,Least concern
B15,Juli,Burung,2025,Takur Tulung Tumpuk,Psilopogon javensis,Least concern
A16,Juli,Burung,2025,Takur Tulung Tumpuk,Psilopogon javensis,Least concern
A15,Juli,Burung,2025,Takur Tulung Tumpuk,Psilopogon javensis,Least concern
B14,Juli,Burung,2025,Takur Tulung Tumpuk,Psilopogon javensis,Least concern
C9,Juli,Burung,2025,Walik Kembang,Ptilinopus melanospilus,Least concern
C8,Juli,Burung,2025,Walik Kembang,Ptilinopus melanospilus,Least concern
D6,Juli,Burung,2025,Walik Kembang,Ptilinopus melanospilus,Least concern
D7,Juli,Burung,2025,Walik Kembang,Ptilinopus melanospilus,Least concern
C5,Juli,Burung,2025,Walik Kembang,Ptilinopus melanospilus,Least concern
C2,Juli,Burung,2025,Walik Kembang,Ptilinopus melanospilus,Least concern
C1,Juli,Burung,2025,Walik Kembang,Ptilinopus melanospilus,Least concern
D1,Juli,Burung,2025,Walik Kembang,Ptilinopus melanospilus,Least concern
D5,Juli,Burung,2025,Walik Kembang,Ptilinopus melanospilus,Least concern
F8,Juli,Burung,2025,Walik Kembang,Ptilinopus melanospilus,Least concern
E2,Juli,Burung,2025,Walik Kembang,Ptilinopus melanospilus,Least concern
E3,Juli,Burung,2025,Walik Kembang,Ptilinopus melanospilus,Least concern
G8,Juli,Burung,2025,Walik Kembang,Ptilinopus melanospilus,Least concern
H9,Juli,Burung,2025,Walik Kembang,Ptilinopus melanospilus,Least concern
J14,Juli,Burung,2025,Walik Kembang,Ptilinopus melanospilus,Least concern
H14,Juli,Burung,2025,Walik Kembang,Ptilinopus melanospilus,Least concern
H13,Juli,Burung,2025,Walik Kembang,Ptilinopus melanospilus,Least concern
G15,Juli,Burung,2025,Walik Kembang,Ptilinopus melanospilus,Least concern
G16,Juli,Burung,2025,Walik Kembang,Ptilinopus melanospilus,Least concern
E16,Juli,Burung,2025,Walik Kembang,Ptilinopus melanospilus,Least concern
E15,Juli,Burung,2025,Walik Kembang,Ptilinopus melanospilus,Least concern
E14,Juli,Burung,2025,Walik Kembang,Ptilinopus melanospilus,Least concern
D20,Juli,Burung,2025,Walik Kembang,Ptilinopus melanospilus,Least concern
C20,Juli,Burung,2025,Walik Kembang,Ptilinopus melanospilus,Least concern
C21,Juli,Burung,2025,Walik Kembang,Ptilinopus melanospilus,Least concern
C18,Juli,Burung,2025,Walik Kembang,Ptilinopus melanospilus,Least concern
D18,Juli,Burung,2025,Walik Kembang,Ptilinopus melanospilus,Least concern
C17,Juli,Burung,2025,Walik Kembang,Ptilinopus melanospilus,Least concern
C16,Juli,Burung,2025,Walik Kembang,Ptilinopus melanospilus,Least concern
C15,Juli,Burung,2025,Walik Kembang,Ptilinopus melanospilus,Least concern
C14,Juli,Burung,2025,Walik Kembang,Ptilinopus melanospilus,Least concern
C14,Juli,Burung,2025,Walik Kembang,Ptilinopus melanospilus,Least concern
D11,Juli,Burung,2025,Cucak Kutilang,Pycnonotus aurigaster,Least concern
D10,Juli,Burung,2025,Cucak Kutilang,Pycnonotus aurigaster,Least concern
D7,Juli,Burung,2025,Cucak Kutilang,Pycnonotus aurigaster,Least concern
C4,Juli,Burung,2025,Cucak Kutilang,Pycnonotus aurigaster,Least concern
C2,Juli,Burung,2025,Cucak Kutilang,Pycnonotus aurigaster,Least concern
D2,Juli,Burung,2025,Cucak Kutilang,Pycnonotus aurigaster,Least concern
C1,Juli,Burung,2025,Cucak Kutilang,Pycnonotus aurigaster,Least concern
D1,Juli,Burung,2025,Cucak Kutilang,Pycnonotus aurigaster,Least concern
D5,Juli,Burung,2025,Cucak Kutilang,Pycnonotus aurigaster,Least concern
E9,Juli,Burung,2025,Cucak Kutilang,Pycnonotus aurigaster,Least concern
F3,Juli,Burung,2025,Cucak Kutilang,Pycnonotus aurigaster,Least concern
E2,Juli,Burung,2025,Cucak Kutilang,Pycnonotus aurigaster,Least concern
E5,Juli,Burung,2025,Cucak Kutilang,Pycnonotus aurigaster,Least concern
G8,Juli,Burung,2025,Cucak Kutilang,Pycnonotus aurigaster,Least concern
G7,Juli,Burung,2025,Cucak Kutilang,Pycnonotus aurigaster,Least concern
H9,Juli,Burung,2025,Cucak Kutilang,Pycnonotus aurigaster,Least concern
I9,Juli,Burung,2025,Cucak Kutilang,Pycnonotus aurigaster,Least concern
H10,Juli,Burung,2025,Cucak Kutilang,Pycnonotus aurigaster,Least concern
I12,Juli,Burung,2025,Cucak Kutilang,Pycnonotus aurigaster,Least concern
I13,Juli,Burung,2025,Cucak Kutilang,Pycnonotus aurigaster,Least concern
H14,Juli,Burung,2025,Cucak Kutilang,Pycnonotus aurigaster,Least concern
G10,Juli,Burung,2025,Cucak Kutilang,Pycnonotus aurigaster,Least concern
F10,Juli,Burung,2025,Cucak Kutilang,Pycnonotus aurigaster,Least concern
G13,Juli,Burung,2025,Cucak Kutilang,Pycnonotus aurigaster,Least concern
G15,Juli,Burung,2025,Cucak Kutilang,Pycnonotus aurigaster,Least concern
D13,Juli,Burung,2025,Cucak Kutilang,Pycnonotus aurigaster,Least concern
D14,Juli,Burung,2025,Cucak Kutilang,Pycnonotus aurigaster,Least concern
D17,Juli,Burung,2025,Cucak Kutilang,Pycnonotus aurigaster,Least concern
E18,Juli,Burung,2025,Cucak Kutilang,Pycnonotus aurigaster,Least concern
C17,Juli,Burung,2025,Cucak Kutilang,Pycnonotus aurigaster,Least concern
A15,Juli,Burung,2025,Cucak Kutilang,Pycnonotus aurigaster,Least concern
D8,Juli,Burung,2025,Merbah Cerukcuk,Pycnonotus goiavier,Least concern
D11,Juli,Burung,2025,Merbah Corok Corok,Pycnonotus simplex,Least concern
C9,Juli,Burung,2025,Merbah Corok Corok,Pycnonotus simplex,Least concern
C8,Juli,Burung,2025,Merbah Corok Corok,Pycnonotus simplex,Least concern
C7,Juli,Burung,2025,Merbah Corok Corok,Pycnonotus simplex,Least concern
E8,Juli,Burung,2025,Merbah Corok Corok,Pycnonotus simplex,Least concern
C5,Juli,Burung,2025,Merbah Corok Corok,Pycnonotus simplex,Least concern
D4,Juli,Burung,2025,Merbah Corok Corok,Pycnonotus simplex,Least concern
C2,Juli,Burung,2025,Merbah Corok Corok,Pycnonotus simplex,Least concern
C1,Juli,Burung,2025,Merbah Corok Corok,Pycnonotus simplex,Least concern
D5,Juli,Burung,2025,Merbah Corok Corok,Pycnonotus simplex,Least concern
E9,Juli,Burung,2025,Merbah Corok Corok,Pycnonotus simplex,Least concern
F5,Juli,Burung,2025,Merbah Corok Corok,Pycnonotus simplex,Least concern
F4,Juli,Burung,2025,Merbah Corok Corok,Pycnonotus simplex,Least concern
F3,Juli,Burung,2025,Merbah Corok Corok,Pycnonotus simplex,Least concern
F2,Juli,Burung,2025,Merbah Corok Corok,Pycnonotus simplex,Least concern
E5,Juli,Burung,2025,Merbah Corok Corok,Pycnonotus simplex,Least concern
E6,Juli,Burung,2025,Merbah Corok Corok,Pycnonotus simplex,Least concern
E7,Juli,Burung,2025,Merbah Corok Corok,Pycnonotus simplex,Least concern
G8,Juli,Burung,2025,Merbah Corok Corok,Pycnonotus simplex,Least concern
G7,Juli,Burung,2025,Merbah Corok Corok,Pycnonotus simplex,Least concern
G9,Juli,Burung,2025,Merbah Corok Corok,Pycnonotus simplex,Least concern
H9,Juli,Burung,2025,Merbah Corok Corok,Pycnonotus simplex,Least concern
I9,Juli,Burung,2025,Merbah Corok Corok,Pycnonotus simplex,Least concern
H10,Juli,Burung,2025,Merbah Corok Corok,Pycnonotus simplex,Least concern
H11,Juli,Burung,2025,Merbah Corok Corok,Pycnonotus simplex,Least concern
I11,Juli,Burung,2025,Merbah Corok Corok,Pycnonotus simplex,Least concern
I13,Juli,Burung,2025,Merbah Corok Corok,Pycnonotus simplex,Least concern
J13,Juli,Burung,2025,Merbah Corok Corok,Pycnonotus simplex,Least concern
J14,Juli,Burung,2025,Merbah Corok Corok,Pycnonotus simplex,Least concern
I14,Juli,Burung,2025,Merbah Corok Corok,Pycnonotus simplex,Least concern
H14,Juli,Burung,2025,Merbah Corok Corok,Pycnonotus simplex,Least concern
G13,Juli,Burung,2025,Merbah Corok Corok,Pycnonotus simplex,Least concern
G14,Juli,Burung,2025,Merbah Corok Corok,Pycnonotus simplex,Least concern
G15,Juli,Burung,2025,Merbah Corok Corok,Pycnonotus simplex,Least concern
F16,Juli,Burung,2025,Merbah Corok Corok,Pycnonotus simplex,Least concern
F15,Juli,Burung,2025,Merbah Corok Corok,Pycnonotus simplex,Least concern
F14,Juli,Burung,2025,Merbah Corok Corok,Pycnonotus simplex,Least concern
D14,Juli,Burung,2025,Merbah Corok Corok,Pycnonotus simplex,Least concern
D17,Juli,Burung,2025,Merbah Corok Corok,Pycnonotus simplex,Least concern
E15,Juli,Burung,2025,Merbah Corok Corok,Pycnonotus simplex,Least concern
E14,Juli,Burung,2025,Merbah Corok Corok,Pycnonotus simplex,Least concern
D20,Juli,Burung,2025,Merbah Corok Corok,Pycnonotus simplex,Least concern
C20,Juli,Burung,2025,Merbah Corok Corok,Pycnonotus simplex,Least concern
B19,Juli,Burung,2025,Merbah Corok Corok,Pycnonotus simplex,Least concern
D18,Juli,Burung,2025,Merbah Corok Corok,Pycnonotus simplex,Least concern
E18,Juli,Burung,2025,Merbah Corok Corok,Pycnonotus simplex,Least concern
B18,Juli,Burung,2025,Merbah Corok Corok,Pycnonotus simplex,Least concern
B17,Juli,Burung,2025,Merbah Corok Corok,Pycnonotus simplex,Least concern
C17,Juli,Burung,2025,Merbah Corok Corok,Pycnonotus simplex,Least concern
B19,Juli,Burung,2025,Merbah Corok Corok,Pycnonotus simplex,Least concern
C16,Juli,Burung,2025,Merbah Corok Corok,Pycnonotus simplex,Least concern
C15,Juli,Burung,2025,Merbah Corok Corok,Pycnonotus simplex,Least concern
B15,Juli,Burung,2025,Merbah Corok Corok,Pycnonotus simplex,Least concern
B16,Juli,Burung,2025,Merbah Corok Corok,Pycnonotus simplex,Least concern
A16,Juli,Burung,2025,Merbah Corok Corok,Pycnonotus simplex,Least concern
A15,Juli,Burung,2025,Merbah Corok Corok,Pycnonotus simplex,Least concern
B14,Juli,Burung,2025,Merbah Corok Corok,Pycnonotus simplex,Least concern
F16,Juli,Burung,2025,Julang Emas,Rhyticeros undulatus,Vulnerable
D20,Juli,Burung,2025,Julang Emas,Rhyticeros undulatus,Vulnerable
C4,Juli,Burung,2025,Cucak Kuning,Rubigula dispar,Vulnerable
D4,Juli,Burung,2025,Cucak Kuning,Rubigula dispar,Vulnerable
D17,Juli,Burung,2025,Cucak Kuning,Rubigula dispar,Vulnerable
D20,Juli,Burung,2025,Cucak Kuning,Rubigula dispar,Vulnerable
C18,Juli,Burung,2025,Cucak Kuning,Rubigula dispar,Vulnerable
D18,Juli,Burung,2025,Cucak Kuning,Rubigula dispar,Vulnerable
B15,Juli,Burung,2025,Cucak Kuning,Rubigula dispar,Vulnerable
A15,Juli,Burung,2025,Cucak Kuning,Rubigula dispar,Vulnerable
B14,Juli,Burung,2025,Cucak Kuning,Rubigula dispar,Vulnerable
C6,Juli,Burung,2025,Munguk Beledu,Sitta frontalis,Least concern
E13,Juli,Burung,2025,Munguk Beledu,Sitta frontalis,Least concern
D14,Juli,Burung,2025,Munguk Beledu,Sitta frontalis,Least concern
C6,Juli,Burung,2025,Tekukur Biasa,Spilopelia chinensis,Least concern
C9,Juli,Burung,2025,Elang Ular Bido,Spilornis cheela,Least concern
C8,Juli,Burung,2025,Elang Ular Bido,Spilornis cheela,Least concern
C7,Juli,Burung,2025,Elang Ular Bido,Spilornis cheela,Least concern
C6,Juli,Burung,2025,Elang Ular Bido,Spilornis cheela,Least concern
D1,Juli,Burung,2025,Elang Ular Bido,Spilornis cheela,Least concern
E9,Juli,Burung,2025,Elang Ular Bido,Spilornis cheela,Least concern
G8,Juli,Burung,2025,Elang Ular Bido,Spilornis cheela,Least concern
G16,Juli,Burung,2025,Elang Ular Bido,Spilornis cheela,Least concern
D17,Juli,Burung,2025,Elang Ular Bido,Spilornis cheela,Least concern
D18,Juli,Burung,2025,Elang Ular Bido,Spilornis cheela,Least concern
A16,Juli,Burung,2025,Elang Ular Bido,Spilornis cheela,Least concern
C10,Juli,Burung,2025,Kedasi Hitam,Surniculus lugubris,Least concern
C9,Juli,Burung,2025,Kedasi Hitam,Surniculus lugubris,Least concern
D8,Juli,Burung,2025,Kedasi Hitam,Surniculus lugubris,Least concern
C3,Juli,Burung,2025,Kedasi Hitam,Surniculus lugubris,Least concern
D5,Juli,Burung,2025,Kedasi Hitam,Surniculus lugubris,Least concern
E9,Juli,Burung,2025,Kedasi Hitam,Surniculus lugubris,Least concern
F6,Juli,Burung,2025,Kedasi Hitam,Surniculus lugubris,Least concern
G8,Juli,Burung,2025,Kedasi Hitam,Surniculus lugubris,Least concern
G9,Juli,Burung,2025,Kedasi Hitam,Surniculus lugubris,Least concern
H10,Juli,Burung,2025,Kedasi Hitam,Surniculus lugubris,Least concern
J14,Juli,Burung,2025,Kedasi Hitam,Surniculus lugubris,Least concern
I14,Juli,Burung,2025,Kedasi Hitam,Surniculus lugubris,Least concern
D17,Juli,Burung,2025,Kedasi Hitam,Surniculus lugubris,Least concern
B19,Juli,Burung,2025,Kedasi Hitam,Surniculus lugubris,Least concern
C18,Juli,Burung,2025,Kedasi Hitam,Surniculus lugubris,Least concern
C6,Juli,Burung,2025,Jingjing Petulak,Tephrodornis virgatus,Least concern
E7,Juli,Burung,2025,Jingjing Petulak,Tephrodornis virgatus,Least concern
D18,Juli,Burung,2025,Jingjing Petulak,Tephrodornis virgatus,Least concern
B16,Juli,Burung,2025,Jingjing Petulak,Tephrodornis virgatus,Least concern
D10,Juli,Burung,2025,Cekakak Sungai,Todiramphus chloris,Least concern
E9,Juli,Burung,2025,Cekakak Sungai,Todiramphus chloris,Least concern
G9,Juli,Burung,2025,Cekakak Sungai,Todiramphus chloris,Least concern
J13,Juli,Burung,2025,Cekakak Sungai,Todiramphus chloris,Least concern
H12,Juli,Burung,2025,Cekakak Sungai,Todiramphus chloris,Least concern
G16,Juli,Burung,2025,Cekakak Sungai,Todiramphus chloris,Least concern
D13,Juli,Burung,2025,Cekakak Sungai,Todiramphus chloris,Least concern
C20,Juli,Burung,2025,Cekakak Sungai,Todiramphus chloris,Least concern
C14,Juli,Burung,2025,Cekakak Sungai,Todiramphus chloris,Least concern
B14,Juli,Burung,2025,Cekakak Sungai,Todiramphus chloris,Least concern
H9,Juli,Burung,2025,Punai Gading,Treron vernans,Least concern
H14,Juli,Burung,2025,Punai Gading,Treron vernans,Least concern
G14,Juli,Burung,2025,Punai Gading,Treron vernans,Least concern
D20,Juli,Burung,2025,Punai Gading,Treron vernans,Least concern
C16,Juli,Burung,2025,Punai Gading,Treron vernans,Least concern
F5,Maret,Mamalia,2024,Bajing kelapa,Callosciurus notatus,Least concern
G13,Maret,Mamalia,2024,Bajing kelapa,Callosciurus notatus,Least concern
C5,Februari,Mamalia,2024,Bajing kelapa,Callosciurus notatus,Least concern
F9,Februari,Mamalia,2024,Codot krawar,Cynopterus brachyotis,Least concern
G15,Maret,Mamalia,2024,Kubung Sunda,Galeopterus variegatus,Least concern
C7,Maret,Mamalia,2024,Landak,Hystrix javanica,Least concern
E13,Maret,Mamalia,2024,Landak,Hystrix javanica,Least concern
B16,Februari,Mamalia,2024,Monyet Ekor Panjang,Macaca fascicularis,Endangered
C3,Maret,Mamalia,2024,Monyet Ekor Panjang,Macaca fascicularis,Endangered
C2,Februari,Mamalia,2024,Monyet Ekor Panjang,Macaca fascicularis,Endangered
F2,Februari,Mamalia,2024,Kijang biasa,Muntiacus muntjak,Least concern
F9,Februari,Mamalia,2024,Kukang Jawa,Nycticebus javanicus,Critically endangered
E8,Maret,Mamalia,2024,Luwak,Paradoxurus hermaphroditus,Least concern
E13,Maret,Mamalia,2024,Luwak,Paradoxurus hermaphroditus,Least concern
C5,Maret,Mamalia,2024,Beluk/tando,Petaurista petaurista,Least concern
B16,Februari,Mamalia,2024,Beluk/tando,Petaurista petaurista,Least concern
F8,Februari,Mamalia,2024,Bajing Terbang Jawa,Iomys horsfieldii,Least concern
C9,Februari,Mamalia,2024,Kalong,Pteropus vampyrus ,Endangered
C6,Maret,Mamalia,2024,Tikus pohon/tikus belukar,Rattus tiomanicus,Least concern
C7,Maret,Mamalia,2024,Babi hutan,Sus scrofa,Least concern
C1,Februari,Mamalia,2024,Lutung Jawa,Trachypithecus auratus,Vulnerable
C4,Juli,Mamalia,2024,Bajing kelapa,Callosciurus notatus,Least concern
D17,Juli,Mamalia,2024,Kubung Sunda,Galeopterus variegatus,Least concern
D3,Juli,Mamalia,2024,Garangan,Herpestes javanicus,Least concern
H9,Juli,Mamalia,2024,Landak,Hystrix javanica,Least concern
B19,Juli,Mamalia,2024,Bajing Terbang Jawa,Iomys horsfieldii,Least concern
I14,Juli,Mamalia,2024,Monyet Ekor Panjang,Macaca fascicularis,Endangered
B18,Juli,Mamalia,2024,Kukang Jawa,Nycticebus javanicus,Critically endangered
C17,Juli,Mamalia,2024,Beluk/tando,Petaurista petaurista,Least concern
B15,Juli,Mamalia,2024,Kelelawar buah,Pteropopidae sp.,
G9,Juli,Mamalia,2024,Tikus pohon/tikus belukar,Rattus tiomanicus,Least concern
G16,Juli,Mamalia,2024,Babi hutan,Sus scrofa,Least concern
D20,Juli,Mamalia,2024,Lutung Jawa,Trachypithecus auratus,Vulnerable
C5,November,Mamalia,2024,Luwak,Paradoxurus hermaphroditus,Least concern
E9,November,Mamalia,2024,Bajing Terbang Jawa,Iomys horsfieldii,Least concern
D8,November,Mamalia,2024,Kubung Sunda,Galeopterus variegatus,Least concern
D4,November,Mamalia,2024,Bajing kelapa,Callosciurus notatus,Least concern
C5,November,Mamalia,2024,Monyet Ekor Panjang,Macaca fascicularis,Endangered
C5,November,Mamalia,2024,Tupai Tanah Bergaris Tiga,Lariscus insignis,Least concern
D11,November,Mamalia,2024,Codot krawar,Cynopterus brachyotis,Least concern
C9,November,Mamalia,2024,Kubung Sunda,Galeopterus variegatus,Least concern
F7,November,Mamalia,2024,Kukang Jawa,Nycticebus javanicus,Critically endangered
F9,November,Mamalia,2024,Bajing Terbang Jawa,Iomys horsfieldii,Least concern
E7,November,Mamalia,2024,Bajing kelapa,Callosciurus notatus,Least concern
F10,November,Mamalia,2024,Bajing Terbang Jawa,Iomys horsfieldii,Least concern
F7,November,Mamalia,2024,Kubung Sunda,Galeopterus variegatus,Least concern
F4,November,Mamalia,2024,Kubung Sunda,Galeopterus variegatus,Least concern
E6,November,Mamalia,2024,Bajing Terbang Jawa,Iomys horsfieldii,Least concern
I9,November,Mamalia,2024,Codot krawar,Cynopterus brachyotis,Least concern
I9,November,Mamalia,2024,Bajing Terbang Jawa,Iomys horsfieldii,Least concern
H10,November,Mamalia,2024,Tikus pohon/tikus belukar,Rattus tiomanicus,Least concern
F15,November,Mamalia,2024,Babi hutan,Sus scrofa,Least concern
G13,November,Mamalia,2024,Codot krawar,Cynopterus brachyotis,Least concern
G13,November,Mamalia,2024,Bajing Terbang Jawa,Iomys horsfieldii,Least concern
E14,November,Mamalia,2024,Lutung Jawa,Trachypithecus auratus,Vulnerable
D13,November,Mamalia,2024,Bajing Terbang Jawa,Iomys horsfieldii,Least concern
D13,November,Mamalia,2024,Codot krawar,Cynopterus brachyotis,Least concern
A15,November,Mamalia,2024,Lutung Jawa,Trachypithecus auratus,Vulnerable
C15,November,Mamalia,2024,Babi hutan,Sus scrofa,Least concern
A16,November,Mamalia,2024,Codot krawar,Cynopterus brachyotis,Least concern
D20,November,Mamalia,2024,Kukang Jawa,Nycticebus javanicus,Critically endangered
B19,November,Mamalia,2024,Landak,Hystrix javanica,Least concern
C20,November,Mamalia,2024,Codot krawar,Cynopterus brachyotis,Least concern
D17,November,Mamalia,2024,Bajing Terbang Jawa,Iomys horsfieldii,Least concern
F16,November,Mamalia,2024,Bajing Terbang Jawa,Iomys horsfieldii,Least concern
F6,Februari,Mamalia,2025,Codot krawar,Cynopterus brachyotis,Least concern
E3,Februari,Mamalia,2025,Codot krawar,Cynopterus brachyotis,Least concern
G13,Februari,Mamalia,2025,Babi hutan,Sus scrofa,Least concern
F13,Februari,Mamalia,2025,Bajing kelapa,Callosciurus notatus,Least concern
G13,Februari,Mamalia,2025,Babi hutan,Sus scrofa,Least concern
I13,Februari,Mamalia,2025,Bajing kelapa,Callosciurus notatus,Least concern
G15,Februari,Mamalia,2025,Tupai Tanah Bergaris Tiga,Lariscus insignis,Least concern
E13,Februari,Mamalia,2025,Luwak,Paradoxurus hermaphroditus,Least concern
G14,Februari,Mamalia,2025,Kukang Jawa,Nycticebus javanicus,Critically endangered
F13,Februari,Mamalia,2025,Walang kopo/tupai terbang,Petaurus breviceps,Least concern
F13,Februari,Mamalia,2025,Codot krawar,Cynopterus brachyotis,Least concern
E13,Februari,Mamalia,2025,Codot krawar,Cynopterus brachyotis,Least concern
B14,Februari,Mamalia,2025,Kubung Sunda,Galeopterus variegatus,Least concern
B15,Februari,Mamalia,2025,Codot krawar,Cynopterus brachyotis,Least concern
B16,Februari,Mamalia,2025,Kukang Jawa,Nycticebus javanicus,Critically endangered
B16,Februari,Mamalia,2025,Kubung Sunda,Galeopterus variegatus,Least concern
B16,Februari,Mamalia,2025,Monyet Ekor Panjang,Macaca fascicularis,Endangered
C16,Februari,Mamalia,2025,Codot krawar,Cynopterus brachyotis,Least concern
D15,Februari,Mamalia,2025,Codot krawar,Cynopterus brachyotis,Least concern
E8,Februari,Mamalia,2025,Walang kopo/tupai terbang,Petaurus breviceps,Least concern
D7,Februari,Mamalia,2025,Codot krawar,Cynopterus brachyotis,Least concern
D6,Februari,Mamalia,2025,Codot krawar,Cynopterus brachyotis,Least concern
C7,Februari,Mamalia,2025,Tupai Tanah Bergaris Tiga,Lariscus insignis,Least concern
D11,Februari,Mamalia,2025,Walang kopo/tupai terbang,Petaurus breviceps,Least concern
D11,Februari,Mamalia,2025,Codot krawar,Cynopterus brachyotis,Least concern
G10,Februari,Mamalia,2025,Luwak,Paradoxurus hermaphroditus,Least concern
I9,Februari,Mamalia,2025,Kubung Sunda,Galeopterus variegatus,Least concern
H11,Februari,Mamalia,2025,Walang kopo/tupai terbang,Petaurus breviceps,Least concern
H11,Februari,Mamalia,2025,Monyet Ekor Panjang,Macaca fascicularis,Endangered
H12,Februari,Mamalia,2025,Kubung Sunda,Galeopterus variegatus,Least concern
H12,Februari,Mamalia,2025,Walang kopo/tupai terbang,Petaurus breviceps,Least concern
H12,Februari,Mamalia,2025,Beluk/tando,Petaurista petaurista,Least concern
H13,Februari,Mamalia,2025,Walang kopo/tupai terbang,Petaurus breviceps,Least concern
I14,Februari,Mamalia,2025,Kukang Jawa,Nycticebus javanicus,Critically endangered
I13,Februari,Mamalia,2025,Codot krawar,Cynopterus brachyotis,Least concern
C20,Februari,Mamalia,2025,Kubung Sunda,Galeopterus variegatus,Least concern
D17,Februari,Mamalia,2025,Codot krawar,Cynopterus brachyotis,Least concern
A16,Juli,Mamalia,2025,Babi hutan,Sus scrofa,Least concern
C7,Juli,Mamalia,2025,Bajing kelapa,Callosciurus notatus,Least concern
B15,Juli,Mamalia,2025,Beluk/tando,Petaurista petaurista,Least concern
B15,Juli,Mamalia,2025,Beluk/tando,Petaurista petaurista,Least concern
H13,Juli,Mamalia,2025,Beluk/tando,Petaurista petaurista,Least concern
H10,Juli,Mamalia,2025,Beluk/tando,Petaurista petaurista,Least concern
C1,Juli,Mamalia,2025,Beluk/tando,Petaurista petaurista,Least concern
E5,Juli,Mamalia,2025,Codot krawar,Cynopterus brachyotis,Least concern
D13,Juli,Mamalia,2025,Codot krawar,Cynopterus brachyotis,Least concern
D13,Juli,Mamalia,2025,Codot krawar,Cynopterus brachyotis,Least concern
C21,Juli,Mamalia,2025,Codot krawar,Cynopterus brachyotis,Least concern
D13,Juli,Mamalia,2025,Codot krawar,Cynopterus brachyotis,Least concern
G13,Juli,Mamalia,2025,Codot krawar,Cynopterus brachyotis,Least concern
C1,Juli,Mamalia,2025,Codot krawar,Cynopterus brachyotis,Least concern
I13,Juli,Mamalia,2025,Kukang Jawa,Nycticebus javanicus,Critically endangered
I9,Juli,Mamalia,2025,Kukang Jawa,Nycticebus javanicus,Critically endangered
E6,Juli,Mamalia,2025,Kukang Jawa,Nycticebus javanicus,Critically endangered
D7,Juli,Mamalia,2025,Lutung Jawa,Trachypithecus auratus,Vulnerable
I13,Juli,Mamalia,2025,Luwak,Paradoxurus hermaphroditus,Least concern
H10,Juli,Mamalia,2025,Luwak,Paradoxurus hermaphroditus,Least concern
D13,Juli,Mamalia,2025,Tikus pohon/tikus belukar,Rattus tiomanicus,Least concern
D19,Juli,Mamalia,2025,Tikus pohon/tikus belukar,Rattus tiomanicus,Least concern
D20,Juli,Mamalia,2025,Bajing Terbang Jawa,Iomys horsfieldii,Least concern
E16,Juli,Mamalia,2025,Bajing Terbang Jawa,Iomys horsfieldii,Least concern
F14,Juli,Mamalia,2025,Bajing Terbang Jawa,Iomys horsfieldii,Least concern
H10,Juli,Mamalia,2025,Bajing Terbang Jawa,Iomys horsfieldii,Least concern
G8,Juli,Mamalia,2025,Bajing Terbang Jawa,Iomys horsfieldii,Least concern
F5,Juli,Mamalia,2025,Bajing Terbang Jawa,Iomys horsfieldii,Least concern
E8,Juli,Mamalia,2025,Bajing Terbang Jawa,Iomys horsfieldii,Least concern
