survey_id,species_name,scientific_name,family,iucn_status,count
1009,Cipoh Kacat,Aegithina tiphia,NA,Least concern,1
1009,Merbah Corok Corok,Pycnonotus simplex,NA,Least concern,1
1009,Takur Tenggeret,Psilopogon australis,NA,Least concern,1
1110,Cabai Bunga Api,Dicaeum trigonostigma,NA,Least concern,1
1110,Merbah Corok Corok,Pycnonotus simplex,NA,Least concern,1
1110,Pijantung Kecil,Arachnothera longirostra,NA,Least concern,2
1110,Walet Linci,Collocalia linchi,NA,Least concern,1
1212,Cabai Bunga Api,Dicaeum trigonostigma,NA,Least concern,1
1212,Cinenen Pisang,Orthotomus sutorius,NA,Least concern,1
1212,Cipoh Kacat,Aegithina tiphia,NA,Least concern,1
1212,Elang Ular Bido,Spilornis cheela,NA,Least concern,1
1212,Pelanduk Semak,Malacocincla sepiaria,NA,Least concern,1
1212,Sepah Hutan,Pericrocotus flammeus,NA,Least concern,1
1212,Takur Tenggeret,Psilopogon australis,NA,Least concern,1
1212,Takur Tulung Tumpuk,Psilopogon javensis,NA,Least concern,1
1329,Cabai Bunga Api,Dicaeum trigonostigma,NA,Least concern,1
1329,Cipoh Kacat,Aegithina tiphia,NA,Least concern,1
1329,Cucak Kutilang,Pycnonotus aurigaster,NA,Least concern,1
1329,Merbah Corok Corok,Pycnonotus simplex,NA,Least concern,1
1329,Paok Pancawarna,Hydrornis guajanus,NA,Least concern,1
1329,Takur Tenggeret,Psilopogon australis,NA,Least concern,1
1329,Takur Tulung Tumpuk,Psilopogon javensis,NA,Least concern,1
1329,Wiwik Kelabu,Cacomantis merulinus,NA,Least concern,1
1446,Burung Madu Kelapa,Anthreptes malacensis,NA,Least concern,1
1446,Cabai Bunga Api,Dicaeum trigonostigma,NA,Least concern,1
1446,Cinenen Pisang,Orthotomus sutorius,NA,Least concern,1
1446,Cipoh Kacat,Aegithina tiphia,NA,Least concern,1
1446,Cucak Kuning,Rubigula dispar,NA,Vulnerable,1
1446,Cucak Kutilang,Pycnonotus aurigaster,NA,Least concern,1
1446,Merbah Corok Corok,Pycnonotus simplex,NA,Least concern,1
1446,Pelanduk Topi Jawa,Pellorneum capistratum,NA,Least concern,1
1446,Takur Tenggeret,Psilopogon australis,NA,Least concern,1
1446,Takur Tulung Tumpuk,Psilopogon javensis,NA,Least concern,1
1446,Tepekong Jambul,Hemiprocne longipennis,NA,Least concern,1
1446,Walet Linci,Collocalia linchi,NA,Least concern,1
1213,Lutung Jawa,Trachypithecus auratus,NA,Vulnerable,1
1010,Cipoh Kacat,Aegithina tiphia,NA,Least concern,1
1010,Jingjing Batu,Hemipus hirundinaceus,NA,Least concern,1
1010,Kadalan Birah,Phaenicophaeus curvirostris,NA,Least concern,1
1010,Merbah Corok Corok,Pycnonotus simplex,NA,Least concern,1
1010,Sepah Gunung,Pericrocotus miniatus,NA,Least concern,1
1010,Takur Tenggeret,Psilopogon australis,NA,Least concern,1
1010,Takur Tulung Tumpuk,Psilopogon javensis,NA,Least concern,1
1111,Cipoh Kacat,Aegithina tiphia,NA,Least concern,2
1111,Cucak Kuning,Rubigula dispar,NA,Vulnerable,1
1111,Merbah Corok Corok,Pycnonotus simplex,NA,Least concern,2
1111,Sepah Hutan,Pericrocotus flammeus,NA,Least concern,1
1214,Cekakak Sungai,Todiramphus chloris,NA,Least concern,1
1214,Cinenen Pisang,Orthotomus sutorius,NA,Least concern,1
1214,Cipoh Kacat,Aegithina tiphia,NA,Least concern,1
1214,Cucak Kuning,Rubigula dispar,NA,Least concern,1
1214,Cucak Kutilang,Pycnonotus aurigaster,NA,Least concern,1
1214,Delimukan Zamrud,Chalcophaps indica,NA,Least concern,1
1214,Kadalan Birah,Phaenicophaeus curvirostris,NA,Least concern,1
1214,Pijantung Kecil,Arachnothera longirostra,NA,Least concern,1
1214,Takur Tulung Tumpuk,Psilopogon javensis,NA,Least concern,3
1214,Takur Ungkut Ungkut,Psilopogon haemacephalus,NA,Least concern,1
1214,Wiwik Kelabu,Cacomantis merulinus,NA,Least concern,1
1330,Cabai Bunga Api,Dicaeum trigonostigma,NA,Least concern,1
1330,Cipoh Kacat,Aegithina tiphia,NA,Least concern,1
1330,Kadalan Birah,Phaenicophaeus curvirostris,NA,Least concern,1
1330,Paok Pancawarna,Hydrornis guajanus,NA,Least concern,1
1330,Takur Tenggeret,Psilopogon australis,NA,Least concern,1
1330,Takur Tulung Tumpuk,Psilopogon javensis,NA,Least concern,1
1447,Cipoh Kacat,Aegithina tiphia,NA,Least concern,1
1447,Elang Ular Bido,Spilornis cheela,NA,Least concern,1
1447,Jingjing Batu,Hemipus hirundinaceus,NA,Least concern,1
1447,Merbah Corok Corok,Pycnonotus simplex,NA,Least concern,1
1447,Pelanduk Topi Jawa,Pellorneum capistratum,NA,Least concern,1
1447,Serindit Jawa,Loriculus pusillus,NA,Near Threatened,1
1447,Takur Tenggeret,Psilopogon australis,NA,Least concern,1
1447,Takur Tulung Tumpuk,Psilopogon javensis,NA,Least concern,1
1447,Tepekong Jambul,Hemiprocne longipennis,NA,Least concern,1
1447,Walet Linci,Collocalia linchi,NA,Least concern,1
1215,Codot krawar,Cynopterus brachyotis,NA,Least concern,1
1448,Babi hutan,Sus scrofa,NA,Least concern,1
1011,Cekakak Sungai,Todiramphus chloris,NA,Least concern,1
1011,Cucak Kutilang,Pycnonotus aurigaster,NA,Least concern,1
1011,Merbah Corok Corok,Pycnonotus simplex,NA,Least concern,1
1011,Takur Tenggeret,Psilopogon australis,NA,Least concern,1
1011,Takur Tulung Tumpuk,Psilopogon javensis,NA,Least concern,1
1112,Caladi Tilik,Dendrocopos moluccensis,NA,Least concern,1
1112,Cipoh Kacat,Aegithina tiphia,NA,Least concern,1
1216,Merbah Corok Corok,Pycnonotus simplex,NA,Least concern,1
1216,Sepah Hutan,Pericrocotus flammeus,NA,Least concern,1
1216,Takur Tenggeret,Psilopogon australis,NA,Least concern,1
1331,Cabai Bunga Api,Dicaeum trigonostigma,NA,Least concern,1
1331,Elang Ular Bido,Spilornis cheela,NA,Least concern,1
1331,Merbah Corok Corok,Pycnonotus simplex,NA,Least concern,1
1331,Takur Tenggeret,Psilopogon australis,NA,Least concern,1
1331,Takur Ungkut Ungkut,Psilopogon haemacephalus,NA,Least concern,1
1449,Burung Madu Kelapa,Anthreptes malacensis,NA,Least concern,1
1449,Cabai Bunga Api,Dicaeum trigonostigma,NA,Least concern,1
1449,Cekakak Sungai,Todiramphus chloris,NA,Least concern,1
1449,Cinenen Pisang,Orthotomus sutorius,NA,Least concern,1
1449,Cucak Kuning,Rubigula dispar,NA,Vulnerable,1
1449,Merbah Corok Corok,Pycnonotus simplex,NA,Least concern,1
1449,Takur Tenggeret,Psilopogon australis,NA,Least concern,1
1449,Takur Tulung Tumpuk,Psilopogon javensis,NA,Least concern,1
1332,Kubung Sunda,Galeopterus variegatus,NA,Least concern,1
1012,Cekakak Sungai,Todiramphus chloris,NA,Least concern,1
1012,Cipoh Kacat,Aegithina tiphia,NA,Least concern,1
1012,Delimukan Zamrud,Chalcophaps indica,NA,Least concern,1
1012,Merbah Corok Corok,Pycnonotus simplex,NA,Least concern,1
1012,Paok Pancawarna,Hydrornis guajanus,NA,Least concern,1
1012,Sepah Hutan,Pericrocotus flammeus,NA,Least concern,1
1012,Sikatan Rimba Dada Cokelat,Cyornis olivaceus,NA,Least concern,1
1012,Takur Tenggeret,Psilopogon australis,NA,Least concern,1
1113,Cipoh Kacat,Aegithina tiphia,NA,Least concern,1
1217,Cucak Kuricang,Brachypodius atriceps,NA,Least concern,1
1217,Kadalan Birah,Phaenicophaeus curvirostris,NA,Least concern,1
1217,Merbah Corok Corok,Pycnonotus simplex,NA,Least concern,1
1217,Paok Pancawarna,Hydrornis guajanus,NA,Least concern,1
1217,Raja Udang Meninting,Alcedo meninting,NA,Least concern,1
1217,Takur Tenggeret,Psilopogon australis,NA,Least concern,1
1217,Takur Tulung Tumpuk,Psilopogon javensis,NA,Least concern,1
1333,Cabai Bunga Api,Dicaeum trigonostigma,NA,Least concern,1
1333,Cipoh Kacat,Aegithina tiphia,NA,Least concern,1
1333,Delimukan Zamrud,Chalcophaps indica,NA,Least concern,1
1333,Elang Ular Bido,Spilornis cheela,NA,Least concern,1
1333,Serindit Jawa,Loriculus pusillus,NA,Near Threatened,1
1333,Takur Tenggeret,Psilopogon australis,NA,Least concern,1
1333,Tepekong Jambul,Hemiprocne longipennis,NA,Least concern,1
1450,Bondol Jawa,Lonchura leucogastroides,NA,Least concern,1
1450,Cipoh Kacat,Aegithina tiphia,NA,Least concern,1
1450,Cucak Kuning,Rubigula dispar,NA,Vulnerable,1
1450,Merbah Corok Corok,Pycnonotus simplex,NA,Least concern,1
1450,Pijantung Kecil,Arachnothera longirostra,NA,Least concern,1
1450,Serindit Jawa,Loriculus pusillus,NA,Near Threatened,1
1450,Takur Tenggeret,Psilopogon australis,NA,Least concern,1
1450,Takur Tulung Tumpuk,Psilopogon javensis,NA,Least concern,1
1450,Tepekong Jambul,Hemiprocne longipennis,NA,Least concern,1
1450,Walet Linci,Collocalia linchi,NA,Least concern,1
1114,Kelelawar buah,Pteropopidae sp.,NA,NA,1
1334,Codot krawar,Cynopterus brachyotis,NA,Least concern,1
1451,Beluk/tando,Petaurista petaurista,NA,Least concern,2
1013,Bubut Besar,Centropus sinensis,NA,Least concern,1
1013,Cinenen Pisang,Orthotomus sutorius,NA,Least concern,1
1013,Cipoh Kacat,Aegithina tiphia,NA,Least concern,1
1013,Cucak Kutilang,Pycnonotus aurigaster,NA,Least concern,1
1013,Kedasi Hitam,Surniculus lugubris,NA,Least concern,1
1013,Merbah Corok Corok,Pycnonotus simplex,NA,Least concern,1
1013,Pijantung Kecil,Arachnothera longirostra,NA,Least concern,1
1013,Sepah Kecil,Pericrocotus cinnamomeus,NA,Least concern,1
1013,Takur Tenggeret,Psilopogon australis,NA,Least concern,1
1013,Takur Tulung Tumpuk,Psilopogon javensis,NA,Least concern,1
1115,Takur Tenggeret,Psilopogon australis,NA,Least concern,1
1115,Tepekong Jambul,Hemiprocne longipennis,NA,Least concern,1
1218,Cucak Kuricang,Brachypodius atriceps,NA,Least concern,1
1218,Delimukan Zamrud,Chalcophaps indica,NA,Least concern,1
1218,Elang Ular Bido,Spilornis cheela,NA,Least concern,1
1218,Serindit Jawa,Loriculus pusillus,NA,Near Threatened,1
1218,Sikatan Emas,Ficedula zanthopygia,NA,Least concern,1
1218,Sikep Madu Asia,Pernis ptilorhynchus,NA,Least concern,1
1218,Takur Tenggeret,Psilopogon australis,NA,Least concern,1
1218,Takur Tulung Tumpuk,Psilopogon javensis,NA,Least concern,1
1218,Walik Kembang,Ptilinopus melanospilus,NA,Least concern,1
1218,Wiwik Kelabu,Cacomantis merulinus,NA,Least concern,1
1335,Cabai Bunga Api,Dicaeum trigonostigma,NA,Least concern,1
1335,Elang Ular Bido,Spilornis cheela,NA,Least concern,1
1335,Jingjing Batu,Hemipus hirundinaceus,NA,Least concern,1
1335,Merbah Corok Corok,Pycnonotus simplex,NA,Least concern,1
1335,Pijantung Kecil,Arachnothera longirostra,NA,Least concern,1
1335,Punai Penganten,Treron griseicauda,NA,Least concern,1
1335,Takur Tenggeret,Psilopogon australis,NA,Least concern,1
1452,Burung Madu Sriganti,Cinnyris ornatus,NA,Least concern,1
1452,Cinenen Pisang,Orthotomus sutorius,NA,Least concern,1
1452,Cipoh Kacat,Aegithina tiphia,NA,Least concern,1
1452,Jingjing Batu,Hemipus hirundinaceus,NA,Least concern,1
1452,Jingjing Petulak,Tephrodornis virgatus,NA,Least concern,1
1452,Merbah Corok Corok,Pycnonotus simplex,NA,Least concern,1
1452,Pelanduk Topi Jawa,Pellorneum capistratum,NA,Least concern,1
1452,Serindit Jawa,Loriculus pusillus,NA,Near Threatened,1
1452,Takur Tenggeret,Psilopogon australis,NA,Least concern,1
1452,Wiwik Lurik,Cacomantis sonneratii,NA,Least concern,1
1001,Beluk/tando,Petaurista petaurista,NA,Least concern,1
1001,Monyet Ekor Panjang,Macaca fascicularis,NA,Endangered,1
1336,Kubung Sunda,Galeopterus variegatus,NA,Least concern,1
1336,Kukang Jawa,Nycticebus javanicus,NA,Critically endangered,1
1336,Monyet Ekor Panjang,Macaca fascicularis,NA,Endangered,1
1014,Cabai Bunga Api,Dicaeum trigonostigma,NA,Least concern,1
1014,Cekakak Batu,Lacedo pulchella,NA,Least concern,1
1014,Cinenen Pisang,Orthotomus sutorius,NA,Least concern,1
1014,Cipoh Kacat,Aegithina tiphia,NA,Least concern,1
1014,Elang Ular Bido,Spilornis cheela,NA,Least concern,1
1014,Merbah Corok Corok,Pycnonotus simplex,NA,Least concern,1
1116,Jingjing Batu,Hemipus hirundinaceus,NA,Least concern,1
1116,Merbah Corok Corok,Pycnonotus simplex,NA,Least concern,1
1116,Paok Pancawarna,Hydrornis guajanus,NA,Least concern,1
1116,Takur Tenggeret,Psilopogon australis,NA,Least concern,1
1219,Cipoh Kacat,Aegithina tiphia,NA,Least concern,1
1219,Cucak Kutilang,Pycnonotus aurigaster,NA,Least concern,1
1219,Sepah Hutan,Pericrocotus flammeus,NA,Least concern,1
1219,Takur Tenggeret,Psilopogon australis,NA,Least concern,1
1219,Takur Tulung Tumpuk,Psilopogon javensis,NA,Least concern,1
1337,Cabai Bunga Api,Dicaeum trigonostigma,NA,Least concern,1
1337,Cekakak Sungai,Todiramphus chloris,NA,Least concern,1
1337,Pijantung Kecil,Arachnothera longirostra,NA,Least concern,1
1337,Punai Penganten,Treron griseicauda,NA,Least concern,1
1337,Takur Tenggeret,Psilopogon australis,NA,Least concern,1
1337,Takur Ungkut Ungkut,Psilopogon haemacephalus,NA,Least concern,1
1337,Wiwik Kelabu,Cacomantis merulinus,NA,Least concern,1
1453,Cabai Bunga Api,Dicaeum trigonostigma,NA,Least concern,1
1453,Cabai Jawa,Dicaeum trochileum,NA,Least concern,1
1453,Cinenen Pisang,Orthotomus sutorius,NA,Least concern,1
1453,Cipoh Kacat,Aegithina tiphia,NA,Least concern,1
1453,Kadalan Birah,Phaenicophaeus curvirostris,NA,Least concern,1
1453,Merbah Corok Corok,Pycnonotus simplex,NA,Least concern,1
1453,Sepah Hutan,Pericrocotus flammeus,NA,Least concern,1
1453,Sikatan Sisi Gelap,Muscicapa sibirica,NA,Least concern,1
1453,Takur Tenggeret,Psilopogon australis,NA,Least concern,1
1453,Takur Tulung Tumpuk,Psilopogon javensis,NA,Least concern,1
1453,Tepekong Jambul,Hemiprocne longipennis,NA,Least concern,1
1453,Walet Linci,Collocalia linchi,NA,Least concern,1
1015,Bubut Besar,Centropus sinensis,NA,Least concern,1
1015,Cekakak Sungai,Todiramphus chloris,NA,Least concern,1
1015,Delimukan Zamrud,Chalcophaps indica,NA,Least concern,1
1015,Kadalan Birah,Phaenicophaeus curvirostris,NA,Least concern,1
1015,Sepah Kecil,Pericrocotus cinnamomeus,NA,Least concern,1
1015,Takur Tenggeret,Psilopogon australis,NA,Least concern,1
1015,Takur Tulung Tumpuk,Psilopogon javensis,NA,Least concern,1
1117,Burung Madu Sriganti,Cinnyris jugularis,NA,Least concern,1
1117,Cinenen Pisang,Orthotomus sutorius,NA,Least concern,1
1117,Jingjing Batu,Hemipus hirundinaceus,NA,Least concern,1
1117,Merbah Corok Corok,Pycnonotus simplex,NA,Least concern,1
1117,Walik Kembang,Ptilinopus melanospilus,NA,Least concern,1
1220,Takur Tulung Tumpuk,Psilopogon javensis,NA,Least concern,1
1338,Cabai Bunga Api,Dicaeum trigonostigma,NA,Least concern,1
1338,Cucak Kuricang,Brachypodius atriceps,NA,Least concern,1
1338,Jingjing Batu,Hemipus hirundinaceus,NA,Least concern,1
1338,Kadalan Birah,Phaenicophaeus curvirostris,NA,Least concern,1
1338,Merbah Corok Corok,Pycnonotus simplex,NA,Least concern,1
1338,Pijantung Kecil,Arachnothera longirostra,NA,Least concern,1
1338,Takur Tenggeret,Psilopogon australis,NA,Least concern,1
1338,Takur Tulung Tumpuk,Psilopogon javensis,NA,Least concern,1
1454,Burung Madu Kelapa,Anthreptes malacensis,NA,Least concern,1
1454,Cinenen Pisang,Orthotomus sutorius,NA,Least concern,1
1454,Cipoh Kacat,Aegithina tiphia,NA,Least concern,1
1454,Jingjing Batu,Hemipus hirundinaceus,NA,Least concern,1
1454,Kancilan Bakau,Pachycephala cinerea,NA,Least concern,1
1454,Merbah Corok Corok,Pycnonotus simplex,NA,Least concern,1
1454,Takur Tenggeret,Psilopogon australis,NA,Least concern,1
1454,Takur Tulung Tumpuk,Psilopogon javensis,NA,Least concern,1
1454,Walet Linci,Collocalia linchi,NA,Least concern,1
1118,Kukang Jawa,Nycticebus javanicus,NA,Critically endangered,1
1016,Cabai Bunga Api,Dicaeum trigonostigma,NA,Least concern,1
1016,Cekakak Jawa,Halcyon cyanoventris,NA,Least concern,1
1016,Cinenen Pisang,Orthotomus sutorius,NA,Least concern,1
1016,Cipoh Kacat,Aegithina tiphia,NA,Least concern,1
1016,Cucak Kuning,Rubigula dispar,NA,Vulnerable,1
1016,Elang Ular Bido,Spilornis cheela,NA,Least concern,1
1016,Kedasi Hitam,Surniculus lugubris,NA,Least concern,1
1016,Merbah Corok Corok,Pycnonotus simplex,NA,Least concern,1
1016,Serindit Jawa,Loriculus pusillus,NA,Near Threatened,1
1016,Takur Tenggeret,Psilopogon australis,NA,Least concern,1
1016,Takur Tulung Tumpuk,Psilopogon javensis,NA,Least concern,1
1016,Wiwik Rimba,Cacomantis variolosus sepulcralis,NA,Least concern,1
1119,Takur Tenggeret,Psilopogon australis,NA,Least concern,3
1119,Wiwik Rimba,Cacomantis variolosus sepulcralis,NA,Least concern,1
1221,Cipoh Kacat,Aegithina tiphia,NA,Least concern,1
1221,Cucak Kutilang,Pycnonotus aurigaster,NA,Least concern,1
1221,Elang Ular Bido,Spilornis cheela,NA,Least concern,1
1221,Jingjing Batu,Hemipus hirundinaceus,NA,Least concern,1
1221,Takur Tenggeret,Psilopogon australis,NA,Least concern,1
1221,Takur Tulung Tumpuk,Psilopogon javensis,NA,Least concern,1
1339,Cipoh Kacat,Aegithina tiphia,NA,Least concern,1
1339,Cucak Kuning,Rubigula dispar,NA,Vulnerable,1
1339,Merbah Corok Corok,Pycnonotus simplex,NA,Least concern,1
1339,Pelatuk Besi,Dinopium javanense,NA,Least concern,1
1339,Punai Penganten,Treron griseicauda,NA,Least concern,1
1339,Takur Tulung Tumpuk,Psilopogon javensis,NA,Least concern,1
1339,Takur Ungkut Ungkut,Psilopogon haemacephalus,NA,Least concern,1
1339,Wiwik Kelabu,Cacomantis merulinus,NA,Least concern,1
1455,Cabai Bunga Api,Dicaeum trigonostigma,NA,Least concern,1
1455,Cinenen Pisang,Orthotomus sutorius,NA,Least concern,2
1455,Kedasi Hitam,Surniculus lugubris,NA,Least concern,1
1455,Merbah Corok Corok,Pycnonotus simplex,NA,Least concern,2
1455,Perenjak Padi,Prinia inornata,NA,Least concern,1
1455,Pijantung Kecil,Arachnothera longirostra,NA,Least concern,1
1455,Takur Tenggeret,Psilopogon australis,NA,Least concern,1
1455,Takur Tulung Tumpuk,Psilopogon javensis,NA,Least concern,1
1455,Wiwik Rimba,Cacomantis variolosus,NA,Least concern,1
1120,Bajing Terbang Jawa,Iomys horsfieldii,NA,Least concern,1
1222,Landak,Hystrix javanica,NA,Least concern,1
1017,Cabai Bunga Api,Dicaeum trigonostigma,NA,Least concern,1
1017,Cekakak Batu,Lacedo pulchella,NA,Least concern,1
1017,Merbah Corok Corok,Pycnonotus simplex,NA,Least concern,1
1017,Takur Tenggeret,Psilopogon australis,NA,Least concern,1
1121,Cekakak Sungai,Todiramphus chloris,NA,Least concern,1
1121,Cipoh Kacat,Aegithina tiphia,NA,Least concern,1
1121,Merbah Cerukcuk,Pycnonotus goiavier,NA,Least concern,1
1223,Cabai Bunga Api,Dicaeum trigonostigma,NA,Least concern,1
1223,Elang Ular Bido,Spilornis cheela,NA,Least concern,1
1223,Takur Tenggeret,Psilopogon australis,NA,Least concern,1
1223,Takur Tulung Tumpuk,Psilopogon javensis,NA,Least concern,1
1223,Takur Ungkut Ungkut,Psilopogon haemacephalus,NA,Least concern,1
1223,Walik Kembang,Ptilinopus melanospilus,NA,Least concern,1
1223,Wiwik Kelabu,Cacomantis merulinus,NA,Least concern,2
1340,Cabai Bunga Api,Dicaeum trigonostigma,NA,Least concern,1
1340,Cipoh Kacat,Aegithina tiphia,NA,Least concern,1
1340,Elang Ular Bido,Spilornis cheela,NA,Least concern,1
1340,Jingjing Batu,Hemipus hirundinaceus,NA,Least concern,1
1340,Kehicap Ranting,Hypothymis azurea,NA,Least concern,1
1340,Merbah Corok Corok,Pycnonotus simplex,NA,Least concern,1
1340,Pijantung Besar,Arachnothera robusta,NA,Least concern,1
1340,Punai Penganten,Treron griseicauda,NA,Least concern,1
1340,Sempur Hujan Rimba,Eurylaimus javanicus,NA,Least concern,1
1340,Takur Tenggeret,Psilopogon australis,NA,Least concern,1
1340,Takur Tulung Tumpuk,Psilopogon javensis,NA,Least concern,1
1456,Cinenen Pisang,Orthotomus sutorius,NA,Least concern,1
1456,Cucak Kutilang,Pycnonotus aurigaster,NA,Least concern,1
1456,Jingjing Batu,Hemipus hirundinaceus,NA,Least concern,1
1456,Merbah Corok Corok,Pycnonotus simplex,NA,Least concern,1
1456,Paok Pancawarna,Hydrornis guajanus,NA,Least concern,1
1456,Pijantung Kecil,Arachnothera longirostra,NA,Least concern,1
1456,Sempur Hujan Rimba,Eurylaimus javanicus,NA,Least concern,1
1456,Sepah Hutan,Pericrocotus flammeus,NA,Least concern,1
1456,Serindit Jawa,Loriculus pusillus,NA,Near Threatened,1
1456,Takur Tenggeret,Psilopogon australis,NA,Least concern,1
1456,Walik Kembang,Ptilinopus melanospilus,NA,Least concern,1
1002,Lutung Jawa,Trachypithecus auratus,NA,Vulnerable,1
1457,Beluk/tando,Petaurista petaurista,NA,Least concern,1
1457,Codot krawar,Cynopterus brachyotis,NA,Least concern,1
1018,Cinenen Pisang,Orthotomus sutorius,NA,Least concern,1
1018,Cipoh Kacat,Aegithina tiphia,NA,Least concern,1
1018,Cucak Kutilang,Pycnonotus aurigaster,NA,Least concern,1
1018,Jingjing Batu,Hemipus hirundinaceus,NA,Least concern,1
1018,Merbah Corok Corok,Pycnonotus simplex,NA,Least concern,1
1018,Paok Pancawarna,Hydrornis guajanus,NA,Least concern,1
1018,Pelanduk Topi Jawa,Pellorneum capistratum,NA,Least concern,1
1018,Pijantung Gunung,Arachnothera affinis,NA,Least concern,1
1018,Sepah Hutan,Pericrocotus flammeus,NA,Least concern,1
1018,Serindit Jawa,Loriculus pusillus,NA,Near Threatened,1
1018,Takur Tenggeret,Psilopogon australis,NA,Least concern,1
1122,Cucak Kutilang,Pycnonotus aurigaster,NA,Least concern,1
1224,Cekakak Sungai,Todiramphus chloris,NA,Least concern,1
1224,Cucak Kutilang,Pycnonotus aurigaster,NA,Least concern,1
1224,Takur Tenggeret,Psilopogon australis,NA,Least concern,1
1341,Bubut Besar,Centropus sinensis,NA,Least concern,1
1341,Cabai Bunga Api,Dicaeum trigonostigma,NA,Least concern,1
1341,Cipoh Kacat,Aegithina tiphia,NA,Least concern,1
1341,Jingjing Batu,Hemipus hirundinaceus,NA,Least concern,1
1341,Kadalan Birah,Phaenicophaeus curvirostris,NA,Least concern,1
1341,Merbah Corok Corok,Pycnonotus simplex,NA,Least concern,1
1341,Pijantung Kecil,Arachnothera longirostra,NA,Least concern,1
1341,Takur Tulung Tumpuk,Psilopogon javensis,NA,Least concern,1
1341,Takur Ungkut Ungkut,Psilopogon haemacephalus,NA,Least concern,1
1458,Cinenen Pisang,Orthotomus sutorius,NA,Least concern,1
1458,Cipoh Kacat,Aegithina tiphia,NA,Least concern,1
1458,Gelatik Batu Kelabu,Parus major,NA,Least concern,1
1458,Kedasi Hitam,Surniculus lugubris,NA,Least concern,1
1458,Paok Pancawarna,Hydrornis guajanus,NA,Least concern,1
1458,Pijantung Kecil,Arachnothera longirostra,NA,Least concern,1
1458,Sepah Hutan,Pericrocotus flammeus,NA,Least concern,1
1458,Takur Tenggeret,Psilopogon australis,NA,Least concern,1
1458,Walet Linci,Collocalia linchi,NA,Least concern,1
1458,Wiwik Rimba,Cacomantis variolosus,NA,Least concern,1
1019,Cipoh Kacat,Aegithina tiphia,NA,Least concern,1
1019,Cucak Kuning,Rubigula dispar,NA,Vulnerable,1
1019,Merbah Corok Corok,Pycnonotus simplex,NA,Least concern,1
1019,Pijantung Gunung,Arachnothera affinis,NA,Least concern,1
1019,Sepah Kecil,Pericrocotus cinnamomeus,NA,Least concern,1
1019,Serindit Jawa,Loriculus pusillus,NA,Near Threatened,1
1019,Takur Tenggeret,Psilopogon australis,NA,Least concern,1
1019,Takur Tulung Tumpuk,Psilopogon javensis,NA,Least concern,1
1123,Cipoh Kacat,Aegithina tiphia,NA,Least concern,1
1225,Burung Madu Kelapa,Anthreptes malacensis,NA,Least concern,1
1225,Cucak Kutilang,Pycnonotus aurigaster,NA,Least concern,1
1225,Serindit Jawa,Loriculus pusillus,NA,Near Threatened,2
1225,Takur Bultok,Psilopogon lineatus,NA,Least concern,1
1342,Cabai Bunga Api,Dicaeum trigonostigma,NA,Least concern,1
1342,Cipoh Kacat,Aegithina tiphia,NA,Least concern,1
1342,Merbah Corok Corok,Pycnonotus simplex,NA,Least concern,1
1342,Pijantung Besar,Arachnothera robusta,NA,Least concern,1
1342,Takur Ungkut Ungkut,Psilopogon haemacephalus,NA,Least concern,1
1459,Cekakak Sungai,Todiramphus chloris,NA,Least concern,1
1459,Cinenen Pisang,Orthotomus sutorius,NA,Least concern,1
1459,Cipoh Kacat,Aegithina tiphia,NA,Least concern,1
1459,Delimukan Zamrud,Chalcophaps indica,NA,Least concern,1
1459,Jingjing Batu,Hemipus hirundinaceus,NA,Least concern,1
1459,Pelanduk Topi Jawa,Pellorneum capistratum,NA,Least concern,1
1459,Pelatuk Besi,Dinopium javanense,NA,Least concern,1
1459,Sepah Hutan,Pericrocotus flammeus,NA,Least concern,1
1459,Serindit Jawa,Loriculus pusillus,NA,Near Threatened,1
1459,Takur Tenggeret,Psilopogon australis,NA,Least concern,1
1459,Takur Ungkut Ungkut,Psilopogon haemacephalus,NA,Least concern,1
1459,Tepekong Jambul,Hemiprocne longipennis,NA,Least concern,1
1459,Walet Linci,Collocalia linchi,NA,Least concern,1
1459,Walik Kembang,Ptilinopus melanospilus,NA,Least concern,2
1020,Cinenen Pisang,Orthotomus sutorius,NA,Least concern,1
1020,Cipoh Kacat,Aegithina tiphia,NA,Least concern,1
1020,Merbah Corok Corok,Pycnonotus simplex,NA,Least concern,1
1020,Pijantung Gunung,Arachnothera affinis,NA,Least concern,1
1020,Takur Tenggeret,Psilopogon australis,NA,Least concern,1
1124,Cabai Bunga Api,Dicaeum trigonostigma,NA,Least concern,1
1124,Cekakak Batu,Lacedo pulchella,NA,Least concern,1
1124,Jingjing Batu,Hemipus hirundinaceus,NA,Least concern,1
1124,Merbah Corok Corok,Pycnonotus simplex,NA,Least concern,1
1124,Serindit Jawa,Loriculus pusillus,NA,Near Threatened,1
1124,Takur Tenggeret,Psilopogon australis,NA,Least concern,1
1226,Cipoh Kacat,Aegithina tiphia,NA,Least concern,2
1226,Cucak Kutilang,Pycnonotus aurigaster,NA,Least concern,1
1226,Elang Ular Bido,Spilornis cheela,NA,Least concern,1
1226,Jingjing Batu,Hemipus hirundinaceus,NA,Least concern,1
1226,Sikep Madu Asia,Pernis ptilorhynchus,NA,Least concern,1
1226,Takur Tenggeret,Psilopogon australis,NA,Least concern,1
1226,Takur Tulung Tumpuk,Psilopogon javensis,NA,Least concern,1
1343,Cabai Bunga Api,Dicaeum trigonostigma,NA,Least concern,1
1343,Cipoh Kacat,Aegithina tiphia,NA,Least concern,1
1343,Elang Ular Bido,Spilornis cheela,NA,Least concern,1
1343,Merbah Corok Corok,Pycnonotus simplex,NA,Least concern,1
1343,Serindit Jawa,Loriculus pusillus,NA,Near Threatened,1
1343,Takur Tenggeret,Psilopogon australis,NA,Least concern,1
1460,Cabai Bunga Api,Dicaeum trigonostigma,NA,Least concern,1
1460,Cinenen Pisang,Orthotomus sutorius,NA,Least concern,1
1460,Cipoh Kacat,Aegithina tiphia,NA,Least concern,1
1460,Jingjing Batu,Hemipus hirundinaceus,NA,Least concern,1
1460,Kadalan Kembang,Phaenicophaeus javanicus,NA,Least concern,1
1460,Merbah Corok Corok,Pycnonotus simplex,NA,Least concern,1
1460,Paok Pancawarna,Hydrornis guajanus,NA,Least concern,1
1460,Pijantung Kecil,Arachnothera longirostra,NA,Least concern,1
1460,Sempur Hujan Rimba,Eurylaimus javanicus,NA,Least concern,1
1460,Sepah Hutan,Pericrocotus flammeus,NA,Least concern,1
1460,Takur Tenggeret,Psilopogon australis,NA,Least concern,1
1460,Tepekong Jambul,Hemiprocne longipennis,NA,Least concern,1
1460,Walik Kembang,Ptilinopus melanospilus,NA,Least concern,1
1227,Babi hutan,Sus scrofa,NA,Least concern,1
1021,Cekakak Sungai,Todiramphus chloris,NA,Least concern,1
1021,Cipoh Kacat,Aegithina tiphia,NA,Least concern,1
1021,Merbah Corok Corok,Pycnonotus simplex,NA,Least concern,1
1021,Pelanduk Topi Jawa,Pellorneum capistratum,NA,Least concern,1
1021,Takur Tenggeret,Psilopogon australis,NA,Least concern,1
1125,Jingjing Batu,Hemipus hirundinaceus,NA,Least concern,1
1125,Kedasi Hitam,Surniculus lugubris,NA,Least concern,1
1125,Merbah Corok Corok,Pycnonotus simplex,NA,Least concern,1
1228,Layang Layang Batu,Hirundo javanica,NA,Least concern,1
1228,Punai Penganten,Treron griseicauda,NA,Least concern,1
1228,Takur Tenggeret,Psilopogon australis,NA,Least concern,1
1344,Cinenen Pisang,Orthotomus sutorius,NA,Least concern,1
1344,Meninting Besar,Enicurus leschenaulti,NA,Least concern,1
1344,Pelanduk Topi Jawa,Pellorneum capistratum,NA,Least concern,1
1344,Pijantung Besar,Arachnothera robusta,NA,Least concern,1
1344,Serindit Jawa,Loriculus pusillus,NA,Near Threatened,1
1461,Cabai Bunga Api,Dicaeum trigonostigma,NA,Least concern,1
1461,Kancilan Bakau,Pachycephala cinerea,NA,Least concern,1
1461,Merbah Corok Corok,Pycnonotus simplex,NA,Least concern,1
1461,Pelanduk Topi Jawa,Pellorneum capistratum,NA,Least concern,1
1461,Punai Gading,Treron vernans,NA,Least concern,1
1461,Sempur Hujan Rimba,Eurylaimus javanicus,NA,Least concern,1
1461,Takur Tenggeret,Psilopogon australis,NA,Least concern,1
1461,Tepekong Jambul,Hemiprocne longipennis,NA,Least concern,1
1461,Walet Linci,Collocalia linchi,NA,Least concern,1
1461,Walik Kembang,Ptilinopus melanospilus,NA,Least concern,1
1345,Codot krawar,Cynopterus brachyotis,NA,Least concern,1
1022,Bubut Besar,Centropus sinensis,NA,Least concern,1
1022,Cipoh Kacat,Aegithina tiphia,NA,Least concern,1
1022,Jingjing Batu,Hemipus hirundinaceus,NA,Least concern,1
1022,Kadalan Birah,Phaenicophaeus curvirostris,NA,Least concern,1
1022,Merbah Corok Corok,Pycnonotus simplex,NA,Least concern,1
1022,Pijantung Kecil,Arachnothera longirostra,NA,Least concern,1
1022,Takur Tenggeret,Psilopogon australis,NA,Least concern,1
1022,Takur Tulung Tumpuk,Psilopogon javensis,NA,Least concern,1
1126,Jingjing Batu,Hemipus hirundinaceus,NA,Least concern,1
1126,Merbah Corok Corok,Pycnonotus simplex,NA,Least concern,1
1229,Cipoh Kacat,Aegithina tiphia,NA,Least concern,1
1229,Paok Pancawarna,Hydrornis guajanus,NA,Least concern,1
1229,Pelanduk Semak,Malacocincla sepiaria,NA,Least concern,1
1229,Takur Tulung Tumpuk,Psilopogon javensis,NA,Least concern,1
1346,Cinenen Pisang,Orthotomus sutorius,NA,Least concern,1
1346,Cipoh Kacat,Aegithina tiphia,NA,Least concern,1
1346,Cucak Kuricang,Brachypodius atriceps,NA,Least concern,1
1346,Merbah Corok Corok,Pycnonotus simplex,NA,Least concern,1
1346,Pijantung Besar,Arachnothera robusta,NA,Least concern,1
1346,Takur Tenggeret,Psilopogon australis,NA,Least concern,1
1346,Takur Tulung Tumpuk,Psilopogon javensis,NA,Least concern,1
1462,Cipoh Kacat,Aegithina tiphia,NA,Least concern,1
1462,Cucak Kutilang,Pycnonotus aurigaster,NA,Least concern,1
1462,Merbah Corok Corok,Pycnonotus simplex,NA,Least concern,1
1462,Takur Tenggeret,Psilopogon australis,NA,Least concern,1
1462,Takur Tulung Tumpuk,Psilopogon javensis,NA,Least concern,1
1462,Walet Linci,Collocalia linchi,NA,Least concern,1
1462,Walik Kembang,Ptilinopus melanospilus,NA,Least concern,1
1127,Beluk/tando,Petaurista petaurista,NA,Least concern,1
1023,Cabai Bunga Api,Dicaeum trigonostigma,NA,Least concern,2
1023,Cekakak Jawa,Halcyon cyanoventris,NA,Least concern,2
1023,Cipoh Kacat,Aegithina tiphia,NA,Least concern,2
1023,Cucak Kuning,Rubigula dispar,NA,Vulnerable,2
1023,Delimukan Zamrud,Chalcophaps indica,NA,Least concern,1
1023,Merbah Corok Corok,Pycnonotus simplex,NA,Least concern,2
1023,Serindit Jawa,Loriculus pusillus,NA,Near Threatened,2
1023,Takur Tenggeret,Psilopogon australis,NA,Least concern,2
1023,Takur Tulung Tumpuk,Psilopogon javensis,NA,Least concern,2
1023,Walik Kembang,Ptilinopus melanospilus,NA,Least concern,1
1128,Cinenen Kelabu,Orthotomus ruficeps,NA,Least concern,1
1128,Takur Tenggeret,Psilopogon australis,NA,Least concern,2
1230,Takur Tulung Tumpuk,Psilopogon javensis,NA,Least concern,1
1347,Cabai Bunga Api,Dicaeum trigonostigma,NA,Least concern,1
1347,Cekakak Sungai,Todiramphus chloris,NA,Least concern,1
1347,Cipoh Kacat,Aegithina tiphia,NA,Least concern,1
1347,Paok Pancawarna,Hydrornis guajanus,NA,Least concern,1
1347,Punai Penganten,Treron griseicauda,NA,Least concern,1
1347,Sepah Hutan,Pericrocotus flammeus,NA,Least concern,1
1347,Takur Tenggeret,Psilopogon australis,NA,Least concern,1
1463,Burung Madu Kelapa,Anthreptes malacensis,NA,Least concern,1
1463,Cipoh Kacat,Aegithina tiphia,NA,Least concern,1
1463,Cucak Kuning,Rubigula dispar,NA,Vulnerable,1
1463,Delimukan Zamrud,Chalcophaps indica,NA,Least concern,1
1463,Kedasi Hitam,Surniculus lugubris,NA,Least concern,1
1463,Kehicap Ranting,Hypothymis azurea,NA,Least concern,1
1463,Pijantung Kecil,Arachnothera longirostra,NA,Least concern,1
1463,Takur Tenggeret,Psilopogon australis,NA,Least concern,1
1463,Walik Kembang,Ptilinopus melanospilus,NA,Least concern,1
1024,Cabai Bunga Api,Dicaeum trigonostigma,NA,Least concern,1
1024,Cipoh Kacat,Aegithina tiphia,NA,Least concern,1
1024,Delimukan Zamrud,Chalcophaps indica,NA,Least concern,1
1024,Jingjing Batu,Hemipus hirundinaceus,NA,Least concern,1
1024,Kadalan Birah,Phaenicophaeus curvirostris,NA,Least concern,1
1024,Merbah Corok Corok,Pycnonotus simplex,NA,Least concern,1
1024,Pelatuk Besi,Dinopium javanense,NA,Least concern,1
1024,Sepah Kecil,Pericrocotus cinnamomeus,NA,Least concern,1
1024,Serindit Jawa,Loriculus pusillus,NA,Near Threatened,1
1024,Takur Tenggeret,Psilopogon australis,NA,Least concern,1
1024,Takur Tulung Tumpuk,Psilopogon javensis,NA,Least concern,1
1129,Cipoh Kacat,Aegithina tiphia,NA,Least concern,1
1129,Takur Tenggeret,Psilopogon australis,NA,Least concern,1
1129,Takur Tulung Tumpuk,Psilopogon javensis,NA,Least concern,1
1231,Takur Tulung Tumpuk,Psilopogon javensis,NA,Least concern,1
1348,Cipoh Kacat,Aegithina tiphia,NA,Least concern,1
1348,Cucak Kuning,Rubigula dispar,NA,Vulnerable,1
1348,Kehicap Ranting,Hypothymis azurea,NA,Least concern,1
1348,Merbah Corok Corok,Pycnonotus simplex,NA,Least concern,1
1348,Punai Penganten,Treron griseicauda,NA,Least concern,1
1348,Takur Tenggeret,Psilopogon australis,NA,Least concern,1
1348,Takur Tulung Tumpuk,Psilopogon javensis,NA,Least concern,1
1348,Takur Ungkut Ungkut,Psilopogon haemacephalus,NA,Least concern,1
1464,Burung Madu Sriganti,Cinnyris ornatus,NA,Least concern,1
1464,Cabai Bunga Api,Dicaeum trigonostigma,NA,Least concern,1
1464,Cinenen Pisang,Orthotomus sutorius,NA,Least concern,1
1464,Cipoh Kacat,Aegithina tiphia,NA,Least concern,1
1464,Serindit Jawa,Loriculus pusillus,NA,Near Threatened,1
1464,Takur Tenggeret,Psilopogon australis,NA,Least concern,1
1464,Takur Tulung Tumpuk,Psilopogon javensis,NA,Least concern,1
1025,Cabai Bunga Api,Dicaeum trigonostigma,NA,Least concern,1
1025,Cinenen Pisang,Orthotomus sutorius,NA,Least concern,1
1025,Cipoh Kacat,Aegithina tiphia,NA,Least concern,1
1025,Cucak Kutilang,Pycnonotus aurigaster,NA,Least concern,1
1025,Delimukan Zamrud,Chalcophaps indica,NA,Least concern,1
1025,Jingjing Batu,Hemipus hirundinaceus,NA,Least concern,1
1025,Pijantung Besar,Arachnothera robusta,NA,Least concern,1
1025,Sepah Kecil,Pericrocotus cinnamomeus,NA,Least concern,1
1025,Serindit Jawa,Loriculus pusillus,NA,Near Threatened,1
1025,Takur Tulung Tumpuk,Psilopogon javensis,NA,Least concern,1
1130,Cipoh Kacat,Aegithina tiphia,NA,Least concern,1
1130,Pijantung Kecil,Arachnothera longirostra,NA,Least concern,1
1130,Sepah Gunung,Pericrocotus miniatus,NA,Least concern,1
1130,Takur Tenggeret,Psilopogon australis,NA,Least concern,1
1130,Walet Linci,Collocalia linchi,NA,Least concern,1
1130,Walik Kembang,Ptilinopus melanospilus,NA,Least concern,1
1232,Cekakak Sungai,Todiramphus chloris,NA,Least concern,1
1232,Sepah Hutan,Pericrocotus flammeus,NA,Least concern,1
1232,Takur Tenggeret,Psilopogon australis,NA,Least concern,1
1349,Cipoh Kacat,Aegithina tiphia,NA,Least concern,1
1349,Elang Ular Bido,Spilornis cheela,NA,Least concern,1
1349,Merbah Corok Corok,Pycnonotus simplex,NA,Least concern,1
1349,Punai Penganten,Treron griseicauda,NA,Least concern,1
1349,Takur Tenggeret,Psilopogon australis,NA,Least concern,1
1349,Takur Tulung Tumpuk,Psilopogon javensis,NA,Least concern,1
1349,Wiwik Kelabu,Cacomantis merulinus,NA,Least concern,1
1349,Wiwik Lurik,Cacomantis sonneratii,NA,Least concern,1
1465,Cabai Bunga Api,Dicaeum trigonostigma,NA,Least concern,1
1465,Cinenen Pisang,Orthotomus sutorius,NA,Least concern,1
1465,Cipoh Kacat,Aegithina tiphia,NA,Least concern,1
1465,Cucak Kutilang,Pycnonotus aurigaster,NA,Least concern,1
1465,Delimukan Zamrud,Chalcophaps indica,NA,Least concern,1
1465,Merbah Corok Corok,Pycnonotus simplex,NA,Least concern,1
1465,Pijantung Kecil,Arachnothera longirostra,NA,Least concern,1
1465,Sempur Hujan Rimba,Eurylaimus javanicus,NA,Least concern,1
1465,Serindit Jawa,Loriculus pusillus,NA,Near Threatened,1
1465,Takur Tenggeret,Psilopogon australis,NA,Least concern,1
1465,Tepekong Jambul,Hemiprocne longipennis,NA,Least concern,1
1465,Walik Kembang,Ptilinopus melanospilus,NA,Least concern,1
1003,Monyet Ekor Panjang,Macaca fascicularis,NA,Endangered,1
1026,Cipoh Kacat,Aegithina tiphia,NA,Least concern,1
1026,Delimukan Zamrud,Chalcophaps indica,NA,Least concern,1
1026,Merbah Corok Corok,Pycnonotus simplex,NA,Least concern,1
1026,Sepah Hutan,Pericrocotus flammeus,NA,Least concern,1
1026,Takur Tenggeret,Psilopogon australis,NA,Least concern,1
1026,Takur Tulung Tumpuk,Psilopogon javensis,NA,Least concern,1
1131,Merbah Corok Corok,Pycnonotus simplex,NA,Least concern,1
1131,Takur Tenggeret,Psilopogon australis,NA,Least concern,1
1131,Tepekong Jambul,Hemiprocne longipennis,NA,Least concern,1
1233,Takur Ungkut Ungkut,Psilopogon haemacephalus,NA,Least concern,1
1350,Cabai Bunga Api,Dicaeum trigonostigma,NA,Least concern,1
1350,Cinenen Pisang,Orthotomus sutorius,NA,Least concern,1
1350,Cipoh Kacat,Aegithina tiphia,NA,Least concern,1
1350,Delimukan Zamrud,Chalcophaps indica,NA,Least concern,1
1350,Merbah Corok Corok,Pycnonotus simplex,NA,Least concern,1
1350,Pijantung Besar,Arachnothera robusta,NA,Least concern,1
1350,Takur Tenggeret,Psilopogon australis,NA,Least concern,1
1350,Takur Tulung Tumpuk,Psilopogon javensis,NA,Least concern,1
1350,Takur Ungkut Ungkut,Psilopogon haemacephalus,NA,Least concern,1
1350,Wiwik Lurik,Cacomantis sonneratii,NA,Least concern,1
1466,Cekakak Sungai,Todiramphus chloris,NA,Least concern,1
1466,Cipoh Kacat,Aegithina tiphia,NA,Least concern,1
1466,Merbah Corok Corok,Pycnonotus simplex,NA,Least concern,1
1466,Pijantung Kecil,Arachnothera longirostra,NA,Least concern,1
1466,Sempur Hujan Rimba,Eurylaimus javanicus,NA,Least concern,1
1466,Serindit Jawa,Loriculus pusillus,NA,Near Threatened,1
1466,Takur Tenggeret,Psilopogon australis,NA,Least concern,1
1466,Takur Tulung Tumpuk,Psilopogon javensis,NA,Least concern,1
1466,Walik Kembang,Ptilinopus melanospilus,NA,Least concern,1
1234,Codot krawar,Cynopterus brachyotis,NA,Least concern,1
1351,Kubung Sunda,Galeopterus variegatus,NA,Least concern,1
1027,Cabai Bunga Api,Dicaeum trigonostigma,NA,Least concern,1
1027,Cekakak Jawa,Halcyon cyanoventris,NA,Least concern,1
1027,Cinenen Pisang,Orthotomus sutorius,NA,Least concern,1
1027,Cipoh Kacat,Aegithina tiphia,NA,Least concern,1
1027,Cucak Kuning,Rubigula dispar,NA,Vulnerable,1
1027,Cucak Kutilang,Pycnonotus aurigaster,NA,Least concern,1
1027,Elang Hitam,Ictinaetus malaiensis,NA,Least concern,1
1027,Jingjing Batu,Hemipus hirundinaceus,NA,Least concern,1
1027,Kadalan Birah,Phaenicophaeus curvirostris,NA,Least concern,1
1027,Merbah Corok Corok,Pycnonotus simplex,NA,Least concern,1
1027,Paok Pancawarna,Hydrornis guajanus,NA,Least concern,1
1027,Pijantung Kecil,Arachnothera longirostra,NA,Least concern,1
1027,Sepah Gunung,Pericrocotus miniatus,NA,Least concern,1
1027,Serindit Jawa,Loriculus pusillus,NA,Near Threatened,1
1027,Takur Tenggeret,Psilopogon australis,NA,Least concern,1
1132,Cabai Gesit,Dicaeum agile,NA,Least concern,1
1132,Merbah Corok Corok,Pycnonotus simplex,NA,Least concern,1
1132,Takur Tenggeret,Psilopogon australis,NA,Least concern,1
1132,Walet Linci,Collocalia linchi,NA,Least concern,1
1235,Takur Tenggeret,Psilopogon australis,NA,Least concern,1
1235,Takur Ungkut Ungkut,Psilopogon haemacephalus,NA,Least concern,1
1352,Cipoh Kacat,Aegithina tiphia,NA,Least concern,1
1352,Cucak Kuning,Rubigula dispar,NA,Vulnerable,1
1352,Cucak Kuricang,Brachypodius atriceps,NA,Least concern,1
1352,Jingjing Batu,Hemipus hirundinaceus,NA,Least concern,1
1352,Pijantung Kecil,Arachnothera longirostra,NA,Least concern,1
1352,Takur Tenggeret,Psilopogon australis,NA,Least concern,1
1352,Takur Tulung Tumpuk,Psilopogon javensis,NA,Least concern,1
1352,Wiwik Lurik,Cacomantis sonneratii,NA,Least concern,1
1467,Burung Madu Kelapa,Anthreptes malacensis,NA,Least concern,1
1467,Cipoh Kacat,Aegithina tiphia,NA,Least concern,1
1467,Jingjing Batu,Hemipus hirundinaceus,NA,Least concern,1
1467,Kadalan Birah,Phaenicophaeus curvirostris,NA,Least concern,1
1467,Pijantung Kecil,Arachnothera longirostra,NA,Least concern,1
1467,Sepah Hutan,Pericrocotus flammeus,NA,Least concern,1
1467,Serindit Jawa,Loriculus pusillus,NA,Near Threatened,1
1467,Sikatan Biru Putih,Cyanoptila cyanomelana,NA,Least concern,1
1467,Takur Tenggeret,Psilopogon australis,NA,Least concern,1
1467,Takur Tulung Tumpuk,Psilopogon javensis,NA,Least concern,1
1467,Walik Kembang,Ptilinopus melanospilus,NA,Least concern,1
1468,Codot krawar,Cynopterus brachyotis,NA,Least concern,1
1028,Cinenen Pisang,Orthotomus sutorius,NA,Least concern,1
1028,Cipoh Kacat,Aegithina tiphia,NA,Least concern,1
1028,Jingjing Batu,Hemipus hirundinaceus,NA,Least concern,1
1028,Kedasi Hitam,Surniculus lugubris,NA,Least concern,1
1028,Merbah Corok Corok,Pycnonotus simplex,NA,Least concern,1
1028,Pelanduk Topi Jawa,Pellorneum capistratum,NA,Least concern,1
1028,Takur Tenggeret,Psilopogon australis,NA,Least concern,1
1133,Kadalan Birah,Phaenicophaeus curvirostris,NA,Least concern,1
1133,Punai Gading,Treron vernans,NA,Least concern,1
1133,Serindit Jawa,Loriculus pusillus,NA,Near Threatened,1
1133,Takur Tulung Tumpuk,Psilopogon javensis,NA,Least concern,1
1236,Cekakak Jawa,Halcyon cyanoventris,NA,Least concern,1
1236,Takur Tulung Tumpuk,Psilopogon javensis,NA,Least concern,1
1353,Cabai Bunga Api,Dicaeum trigonostigma,NA,Least concern,1
1353,Merbah Corok Corok,Pycnonotus simplex,NA,Least concern,1
1353,Paok Pancawarna,Hydrornis guajanus,NA,Least concern,1
1353,Pelanduk Semak,Malacocincla sepiaria,NA,Least concern,1
1353,Serindit Jawa,Loriculus pusillus,NA,Near Threatened,1
1353,Takur Tenggeret,Psilopogon australis,NA,Least concern,1
1353,Takur Tulung Tumpuk,Psilopogon javensis,NA,Least concern,1
1353,Wiwik Kelabu,Cacomantis merulinus,NA,Least concern,1
1469,Burung Madu Sriganti,Cinnyris ornatus,NA,Least concern,1
1469,Cabai Jawa,Dicaeum trochileum,NA,Least concern,1
1469,Cinenen Pisang,Orthotomus sutorius,NA,Least concern,1
1469,Cipoh Kacat,Aegithina tiphia,NA,Least concern,1
1469,Kedasi Hitam,Surniculus lugubris,NA,Least concern,1
1469,Sempur Hujan Rimba,Eurylaimus javanicus,NA,Least concern,1
1469,Serindit Jawa,Loriculus pusillus,NA,Near Threatened,1
1469,Takur Tenggeret,Psilopogon australis,NA,Least concern,1
1469,Takur Tohtor,Psilopogon armillaris,NA,Least concern,1
1469,Tepekong Jambul,Hemiprocne longipennis,NA,Least concern,1
1469,Walet Linci,Collocalia linchi,NA,Least concern,1
1469,Wiwik Lurik,Cacomantis sonneratii,NA,Least concern,1
1469,Wiwik Rimba,Cacomantis variolosus,NA,Least concern,1
1029,Monyet Ekor Panjang,Macaca fascicularis,NA,Endangered,1
1030,Cabai Gesit,Dicaeum agile,NA,Least concern,1
1030,Kadalan Birah,Phaenicophaeus curvirostris,NA,Least concern,1
1030,Merbah Corok Corok,Pycnonotus simplex,NA,Least concern,1
1030,Takur Tenggeret,Psilopogon australis,NA,Least concern,1
1030,Takur Tulung Tumpuk,Psilopogon javensis,NA,Least concern,1
1134,Cipoh Kacat,Aegithina tiphia,NA,Least concern,1
1134,Takur Tulung Tumpuk,Psilopogon javensis,NA,Least concern,1
1237,Cabai Bunga Api,Dicaeum trigonostigma,NA,Least concern,1
1237,Cipoh Kacat,Aegithina tiphia,NA,Least concern,1
1237,Takur Tulung Tumpuk,Psilopogon javensis,NA,Least concern,1
1354,Cabai Bunga Api,Dicaeum trigonostigma,NA,Least concern,1
1354,Cinenen Pisang,Orthotomus sutorius,NA,Least concern,1
1354,Cipoh Kacat,Aegithina tiphia,NA,Least concern,1
1354,Punai Penganten,Treron griseicauda,NA,Least concern,1
1354,Takur Tenggeret,Psilopogon australis,NA,Least concern,1
1354,Wiwik Lurik,Cacomantis sonneratii,NA,Least concern,1
1470,Cabai Bunga Api,Dicaeum trigonostigma,NA,Least concern,1
1470,Cinenen Kelabu,Orthotomus ruficeps,NA,Least concern,1
1470,Cucak Kuning,Rubigula dispar,NA,Vulnerable,1
1470,Cucak Kutilang,Pycnonotus aurigaster,NA,Least concern,1
1470,Paok Pancawarna,Hydrornis guajanus,NA,Least concern,1
1470,Pelanduk Semak,Malacocincla sepiaria,NA,Least concern,1
1470,Pijantung Kecil,Arachnothera longirostra,NA,Least concern,1
1470,Serindit Jawa,Loriculus pusillus,NA,Near Threatened,1
1470,Takur Tenggeret,Psilopogon australis,NA,Least concern,1
1470,Tepekong Jambul,Hemiprocne longipennis,NA,Least concern,1
1470,Walet Linci,Collocalia linchi,NA,Least concern,1
1135,Bajing kelapa,Callosciurus notatus,NA,Least concern,1
1031,Cabai Bunga Api,Dicaeum trigonostigma,NA,Least concern,1
1031,Cipoh Kacat,Aegithina tiphia,NA,Least concern,1
1031,Jingjing Batu,Hemipus hirundinaceus,NA,Least concern,1
1031,Kadalan Birah,Phaenicophaeus curvirostris,NA,Least concern,1
1031,Merbah Corok Corok,Pycnonotus simplex,NA,Least concern,1
1031,Paok Pancawarna,Hydrornis guajanus,NA,Least concern,1
1031,Serindit Jawa,Loriculus pusillus,NA,Near Threatened,1
1031,Takur Tenggeret,Psilopogon australis,NA,Least concern,1
1031,Walik Kembang,Ptilinopus melanospilus,NA,Least concern,1
1136,Takur Tenggeret,Psilopogon australis,NA,Least concern,2
1238,Burung Madu Kelapa,Anthreptes malacensis,NA,Least concern,1
1238,Cabai Bunga Api,Dicaeum trigonostigma,NA,Least concern,1
1238,Cinenen Pisang,Orthotomus sutorius,NA,Least concern,1
1238,Takur Tulung Tumpuk,Psilopogon javensis,NA,Least concern,1
1355,Cekakak Jawa,Halcyon cyanoventris,NA,Least concern,1
1355,Cipoh Kacat,Aegithina tiphia,NA,Least concern,1
1355,Jingjing Batu,Hemipus hirundinaceus,NA,Least concern,1
1355,Pijantung Kecil,Arachnothera longirostra,NA,Least concern,1
1355,Punai Penganten,Treron griseicauda,NA,Least concern,1
1355,Sepah Hutan,Pericrocotus flammeus,NA,Least concern,1
1355,Takur Tenggeret,Psilopogon australis,NA,Least concern,1
1355,Takur Tulung Tumpuk,Psilopogon javensis,NA,Least concern,1
1471,Cabai Jawa,Dicaeum trochileum,NA,Least concern,1
1471,Cinenen Pisang,Orthotomus sutorius,NA,Least concern,1
1471,Cipoh Kacat,Aegithina tiphia,NA,Least concern,1
1471,Gelatik Batu Kelabu,Parus major,NA,Least concern,1
1471,Jingjing Batu,Hemipus hirundinaceus,NA,Least concern,1
1471,Kadalan Birah,Phaenicophaeus curvirostris,NA,Least concern,1
1471,Merbah Corok Corok,Pycnonotus simplex,NA,Least concern,1
1471,Pelanduk Semak,Malacocincla sepiaria,NA,Least concern,1
1471,Pelanduk Topi Jawa,Pellorneum capistratum,NA,Least concern,1
1471,Pijantung Kecil,Arachnothera longirostra,NA,Least concern,1
1471,Sepah Hutan,Pericrocotus flammeus,NA,Least concern,1
1471,Serindit Jawa,Loriculus pusillus,NA,Near Threatened,1
1471,Sikep Madu Asia,Pernis ptilorhynchus,NA,Least concern,1
1471,Takur Tenggeret,Psilopogon australis,NA,Least concern,1
1471,Tepekong Jambul,Hemiprocne longipennis,NA,Least concern,1
1471,Walik Kembang,Ptilinopus melanospilus,NA,Least concern,1
1004,Bajing kelapa,Callosciurus notatus,NA,Least concern,1
1032,Beluk/tando,Petaurista petaurista,NA,Least concern,1
1239,Luwak,Paradoxurus hermaphroditus,NA,Least concern,1
1239,Monyet Ekor Panjang,Macaca fascicularis,NA,Endangered,1
1239,Tupai Tanah Bergaris Tiga,Lariscus insignis,NA,Least concern,1
1033,Cinenen Pisang,Orthotomus sutorius,NA,Least concern,1
1033,Merbah Corok Corok,Pycnonotus simplex,NA,Least concern,1
1033,Pelanduk Topi Jawa,Pellorneum capistratum,NA,Least concern,1
1033,Pijantung Kecil,Arachnothera longirostra,NA,Least concern,1
1033,Sepah Hutan,Pericrocotus flammeus,NA,Least concern,1
1033,Serindit Jawa,Loriculus pusillus,NA,Near Threatened,1
1033,Takur Tenggeret,Psilopogon australis,NA,Least concern,1
1033,Takur Tulung Tumpuk,Psilopogon javensis,NA,Least concern,1
1137,Cipoh Kacat,Aegithina tiphia,NA,Least concern,1
1137,Jingjing Batu,Hemipus hirundinaceus,NA,Least concern,1
1137,Jingjing Petulak,Tephrodornis virgatus,NA,Least concern,1
1137,Kadalan Kembang,Phaenicophaeus javanicus,NA,Least concern,1
1137,Kedasi Hitam,Surniculus lugubris,NA,Least concern,1
1137,Paok Pancawarna,Hydrornis guajanus,NA,Least concern,1
1137,Walet Linci,Collocalia linchi,NA,Least concern,1
1240,Cabai Bunga Api,Dicaeum trigonostigma,NA,Least concern,1
1240,Cinenen Pisang,Orthotomus sutorius,NA,Least concern,1
1240,Sepah Hutan,Pericrocotus flammeus,NA,Least concern,1
1356,Cabai Bunga Api,Dicaeum trigonostigma,NA,Least concern,1
1356,Cinenen Pisang,Orthotomus sutorius,NA,Least concern,1
1356,Cipoh Kacat,Aegithina tiphia,NA,Least concern,1
1356,Cucak Kuricang,Brachypodius atriceps,NA,Least concern,1
1356,Jingjing Batu,Hemipus hirundinaceus,NA,Least concern,1
1356,Pelanduk Semak,Malacocincla sepiaria,NA,Least concern,1
1356,Pijantung Besar,Arachnothera robusta,NA,Least concern,1
1356,Punai Penganten,Treron griseicauda,NA,Least concern,1
1356,Takur Tenggeret,Psilopogon australis,NA,Least concern,1
1356,Takur Tulung Tumpuk,Psilopogon javensis,NA,Least concern,1
1472,Cinenen Pisang,Orthotomus sutorius,NA,Least concern,1
1472,Elang Ular Bido,Spilornis cheela,NA,Least concern,1
1472,Jingjing Petulak,Tephrodornis virgatus,NA,Least concern,1
1472,Munguk Beledu,Sitta frontalis,NA,Least concern,1
1472,Pelanduk Semak,Malacocincla sepiaria,NA,Least concern,1
1472,Pelanduk Topi Jawa,Pellorneum capistratum,NA,Least concern,1
1472,Pijantung Gunung,Arachnothera affinis,NA,Least concern,1
1472,Sempur Hujan Rimba,Eurylaimus javanicus,NA,Least concern,1
1472,Sepah Hutan,Pericrocotus flammeus,NA,Least concern,1
1472,Serindit Jawa,Loriculus pusillus,NA,Near Threatened,1
1472,Takur Tenggeret,Psilopogon australis,NA,Least concern,1
1472,Takur Tulung Tumpuk,Psilopogon javensis,NA,Least concern,1
1472,Takur Ungkut Ungkut,Psilopogon haemacephalus,NA,Least concern,1
1472,Tekukur Biasa,Spilopelia chinensis,NA,Least concern,1
1034,Tikus pohon/tikus belukar,Rattus tiomanicus,NA,Least concern,1
1035,Cinenen Pisang,Orthotomus sutorius,NA,Least concern,1
1035,Cipoh Kacat,Aegithina tiphia,NA,Least concern,1
1035,Cucak Kutilang,Pycnonotus aurigaster,NA,Least concern,1
1035,Kadalan Birah,Phaenicophaeus curvirostris,NA,Least concern,1
1035,Merbah Corok Corok,Pycnonotus simplex,NA,Least concern,1
1035,Pelanduk Topi Jawa,Pellorneum capistratum,NA,Least concern,1
1035,Pijantung Kecil,Arachnothera longirostra,NA,Least concern,1
1035,Sepah Hutan,Pericrocotus flammeus,NA,Least concern,1
1035,Serindit Jawa,Loriculus pusillus,NA,Near Threatened,1
1035,Takur Tenggeret,Psilopogon australis,NA,Least concern,1
1138,Cinenen Pisang,Orthotomus sutorius,NA,Least concern,1
1138,Kadalan Birah,Phaenicophaeus curvirostris,NA,Least concern,1
1138,Takur Tulung Tumpuk,Psilopogon javensis,NA,Least concern,1
1138,Walet Linci,Collocalia linchi,NA,Least concern,2
1241,Cabai Bunga Api,Dicaeum trigonostigma,NA,Least concern,2
1241,Cipoh Kacat,Aegithina tiphia,NA,Least concern,1
1241,Serindit Jawa,Loriculus pusillus,NA,Near Threatened,1
1241,Takur Tenggeret,Psilopogon australis,NA,Least concern,1
1241,Takur Tulung Tumpuk,Psilopogon javensis,NA,Least concern,1
1357,Cabai Bunga Api,Dicaeum trigonostigma,NA,Least concern,1
1357,Cipoh Kacat,Aegithina tiphia,NA,Least concern,1
1357,Kadalan Birah,Phaenicophaeus curvirostris,NA,Least concern,1
1357,Pijantung Kecil,Arachnothera longirostra,NA,Least concern,1
1357,Serindit Jawa,Loriculus pusillus,NA,Near Threatened,1
1357,Takur Tulung Tumpuk,Psilopogon javensis,NA,Least concern,1
1473,Cinenen Pisang,Orthotomus sutorius,NA,Least concern,1
1473,Elang Ular Bido,Spilornis cheela,NA,Least concern,1
1473,Gelatik Batu Kelabu,Parus major,NA,Least concern,1
1473,Jingjing Batu,Hemipus hirundinaceus,NA,Least concern,1
1473,Merbah Corok Corok,Pycnonotus simplex,NA,Least concern,1
1473,Pelanduk Semak,Malacocincla sepiaria,NA,Least concern,1
1473,Pelatuk Besi,Dinopium javanense,NA,Least concern,1
1473,Pijantung Kecil,Arachnothera longirostra,NA,Least concern,1
1473,Sempur Hujan Rimba,Eurylaimus javanicus,NA,Least concern,1
1473,Sepah Hutan,Pericrocotus flammeus,NA,Least concern,1
1473,Tepekong Jambul,Hemiprocne longipennis,NA,Least concern,1
1036,Babi hutan,Sus scrofa,NA,Least concern,1
1036,Landak,Hystrix javanica,NA,Least concern,1
1358,Tupai Tanah Bergaris Tiga,Lariscus insignis,NA,Least concern,1
1474,Bajing kelapa,Callosciurus notatus,NA,Least concern,1
1037,Bubut Besar,Centropus sinensis,NA,Least concern,1
1037,Cabai Gesit,Dicaeum agile,NA,Least concern,1
1037,Cekakak Jawa,Halcyon cyanoventris,NA,Least concern,1
1037,Cipoh Kacat,Aegithina tiphia,NA,Least concern,1
1037,Merbah Corok Corok,Pycnonotus simplex,NA,Least concern,1
1037,Punai Penganten,Treron griseicauda,NA,Least concern,1
1037,Takur Tenggeret,Psilopogon australis,NA,Least concern,1
1037,Takur Tulung Tumpuk,Psilopogon javensis,NA,Least concern,1
1139,Cipoh Kacat,Aegithina tiphia,NA,Least concern,1
1139,Kadalan Birah,Phaenicophaeus curvirostris,NA,Least concern,1
1139,Merbah Cerukcuk,Pycnonotus goiavier,NA,Least concern,2
1139,Pijantung Kecil,Arachnothera longirostra,NA,Least concern,1
1139,Takur Tenggeret,Psilopogon australis,NA,Least concern,1
1242,Cipoh Kacat,Aegithina tiphia,NA,Least concern,2
1242,Paok Pancawarna,Hydrornis guajanus,NA,Least concern,1
1242,Sepah Hutan,Pericrocotus flammeus,NA,Least concern,1
1359,Cabai Jawa,Dicaeum trochileum,NA,Least concern,1
1359,Cipoh Kacat,Aegithina tiphia,NA,Least concern,1
1359,Merbah Corok Corok,Pycnonotus simplex,NA,Least concern,1
1359,Pijantung Kecil,Arachnothera longirostra,NA,Least concern,1
1475,Cinenen Pisang,Orthotomus sutorius,NA,Least concern,1
1475,Cipoh Kacat,Aegithina tiphia,NA,Least concern,1
1475,Elang Ular Bido,Spilornis cheela,NA,Least concern,1
1475,Merbah Corok Corok,Pycnonotus simplex,NA,Least concern,1
1475,Pijantung Gunung,Arachnothera affinis,NA,Least concern,1
1475,Pijantung Kecil,Arachnothera longirostra,NA,Least concern,1
1475,Sempur Hujan Rimba,Eurylaimus javanicus,NA,Least concern,1
1475,Takur Tenggeret,Psilopogon australis,NA,Least concern,1
1475,Takur Ungkut Ungkut,Psilopogon haemacephalus,NA,Least concern,1
1475,Tepekong Jambul,Hemiprocne longipennis,NA,Least concern,1
1475,Walet Linci,Collocalia linchi,NA,Least concern,1
1475,Walik Kembang,Ptilinopus melanospilus,NA,Least concern,1
1038,Cinenen Pisang,Orthotomus sutorius,NA,Least concern,1
1038,Cipoh Kacat,Aegithina tiphia,NA,Least concern,1
1038,Cucak Kuricang,Brachypodius atriceps,NA,Least concern,1
1038,Cucak Kutilang,Pycnonotus aurigaster,NA,Least concern,1
1038,Jingjing Batu,Hemipus hirundinaceus,NA,Least concern,1
1038,Kedasi Hitam,Surniculus lugubris,NA,Least concern,1
1038,Merbah Corok Corok,Pycnonotus simplex,NA,Least concern,1
1038,Paok Pancawarna,Hydrornis guajanus,NA,Least concern,1
1038,Pelanduk Topi Jawa,Pellorneum capistratum,NA,Least concern,1
1038,Pijantung Gunung,Arachnothera affinis,NA,Least concern,1
1038,Serindit Jawa,Loriculus pusillus,NA,Near Threatened,1
1038,Takur Tenggeret,Psilopogon australis,NA,Least concern,1
1038,Walik Kembang,Ptilinopus melanospilus,NA,Least concern,1
1140,Gelatik Jawa,Padda oryzivora,NA,Endangered,1
1140,Punai Gading,Treron vernans,NA,Least concern,1
1140,Sikatan Burik,Muscicapa griseisticta,NA,Least concern,2
1140,Takur Tulung Tumpuk,Psilopogon javensis,NA,Least concern,1
1140,Walet Linci,Collocalia linchi,NA,Least concern,1
1243,Cinenen Pisang,Orthotomus sutorius,NA,Least concern,1
1243,Cipoh Kacat,Aegithina tiphia,NA,Least concern,1
1243,Kadalan Birah,Phaenicophaeus curvirostris,NA,Least concern,1
1243,Takur Tenggeret,Psilopogon australis,NA,Least concern,1
1360,Ayam Hutan Merah,Gallus gallus,NA,Least concern,1
1360,Cabai Bunga Api,Dicaeum trigonostigma,NA,Least concern,1
1360,Cipoh Kacat,Aegithina tiphia,NA,Least concern,1
1360,Julang Emas,Rhyticeros undulatus,NA,Vulnerable,1
1360,Merbah Corok Corok,Pycnonotus simplex,NA,Least concern,1
1360,Takur Tulung Tumpuk,Psilopogon javensis,NA,Least concern,1
1476,Cabai Jawa,Dicaeum trochileum,NA,Least concern,1
1476,Cinenen Pisang,Orthotomus sutorius,NA,Least concern,1
1476,Cipoh Kacat,Aegithina tiphia,NA,Least concern,1
1476,Delimukan Zamrud,Chalcophaps indica,NA,Least concern,1
1476,Elang Ular Bido,Spilornis cheela,NA,Least concern,1
1476,Kedasi Hitam,Surniculus lugubris,NA,Least concern,1
1476,Merbah Corok Corok,Pycnonotus simplex,NA,Least concern,1
1476,Pelanduk Semak,Malacocincla sepiaria,NA,Least concern,1
1476,Pijantung Kecil,Arachnothera longirostra,NA,Least concern,1
1476,Takur Tenggeret,Psilopogon australis,NA,Least concern,1
1476,Walik Kembang,Ptilinopus melanospilus,NA,Least concern,1
1005,Kalong,Pteropus vampyrus,NA,Endangered,1
1244,Kubung Sunda,Galeopterus variegatus,NA,Least concern,1
1039,Cabai Bunga Api,Dicaeum trigonostigma,NA,Least concern,1
1039,Cinenen Pisang,Orthotomus sutorius,NA,Least concern,1
1039,Cipoh Kacat,Aegithina tiphia,NA,Least concern,1
1039,Pelanduk Topi Jawa,Pellorneum capistratum,NA,Least concern,1
1039,Serindit Jawa,Loriculus pusillus,NA,Near Threatened,1
1039,Takur Tenggeret,Psilopogon australis,NA,Least concern,1
1039,Wiwik Rimba,Cacomantis variolosus sepulcralis,NA,Least concern,1
1141,Merbah Cerukcuk,Pycnonotus goiavier,NA,Least concern,1
1141,Merbah Corok Corok,Pycnonotus simplex,NA,Least concern,1
1141,Munguk Beledu,Sitta frontalis,NA,Least concern,1
1141,Takur Tenggeret,Psilopogon australis,NA,Least concern,1
1245,Alap Alap Capung,Microhierax fringillarius,NA,Least concern,1
1245,Cabai Bunga Api,Dicaeum trigonostigma,NA,Least concern,1
1245,Cekakak Sungai,Todiramphus chloris,NA,Least concern,1
1245,Elang Ular Bido,Spilornis cheela,NA,Least concern,1
1245,Kedasi Hitam,Surniculus lugubris,NA,Least concern,1
1245,Merbah Corok Corok,Pycnonotus simplex,NA,Least concern,1
1245,Pijantung Kecil,Arachnothera longirostra,NA,Least concern,1
1245,Takur Ungkut Ungkut,Psilopogon haemacephalus,NA,Least concern,1
1245,Tepekong Jambul,Hemiprocne longipennis,NA,Least concern,1
1245,Wiwik Kelabu,Cacomantis merulinus,NA,Least concern,1
1361,Cabai Bunga Api,Dicaeum trigonostigma,NA,Least concern,1
1361,Cinenen Pisang,Orthotomus sutorius,NA,Least concern,1
1361,Cipoh Kacat,Aegithina tiphia,NA,Least concern,1
1361,Punai Penganten,Treron griseicauda,NA,Least concern,1
1361,Sempur Hujan Rimba,Eurylaimus javanicus,NA,Least concern,1
1361,Serindit Jawa,Loriculus pusillus,NA,Near Threatened,1
1361,Takur Tenggeret,Psilopogon australis,NA,Least concern,1
1477,Cinenen Pisang,Orthotomus sutorius,NA,Least concern,1
1477,Cipoh Kacat,Aegithina tiphia,NA,Least concern,1
1477,Cucak Kutilang,Pycnonotus aurigaster,NA,Least concern,1
1477,Elang Ular Bido,Spilornis cheela,NA,Least concern,1
1477,Jingjing Batu,Hemipus hirundinaceus,NA,Least concern,1
1477,Pelanduk Topi Jawa,Pellorneum capistratum,NA,Least concern,1
1477,Pijantung Kecil,Arachnothera longirostra,NA,Least concern,1
1477,Takur Tenggeret,Psilopogon australis,NA,Least concern,1
1477,Walik Kembang,Ptilinopus melanospilus,NA,Least concern,1
1040,Bubut Besar,Centropus sinensis,NA,Least concern,1
1040,Cekakak Sungai,Todiramphus chloris,NA,Least concern,1
1040,Cinenen Pisang,Orthotomus sutorius,NA,Least concern,1
1040,Cipoh Kacat,Aegithina tiphia,NA,Least concern,1
1040,Cucak Kutilang,Pycnonotus aurigaster,NA,Least concern,1
1040,Merbah Corok Corok,Pycnonotus simplex,NA,Least concern,1
1040,Serindit Jawa,Loriculus pusillus,NA,Near Threatened,1
1040,Takur Tenggeret,Psilopogon australis,NA,Least concern,1
1142,Paok Pancawarna,Hydrornis guajanus,NA,Least concern,1
1142,Sepah Kecil,Pericrocotus cinnamomeus,NA,Least concern,1
1246,Burung Madu Kelapa,Anthreptes malacensis,NA,Least concern,1
1246,Cinenen Pisang,Orthotomus sutorius,NA,Least concern,1
1246,Merbah Corok Corok,Pycnonotus simplex,NA,Least concern,1
1362,Cinenen Pisang,Orthotomus sutorius,NA,Least concern,1
1362,Cucak Kutilang,Pycnonotus aurigaster,NA,Least concern,1
1362,Merbah Corok Corok,Pycnonotus simplex,NA,Least concern,1
1362,Takur Tulung Tumpuk,Psilopogon javensis,NA,Least concern,1
1478,Burung Madu Kelapa,Anthreptes malacensis,NA,Least concern,1
1478,Cekakak Jawa,Halcyon cyanoventris,NA,Least concern,1
1478,Cekakak Sungai,Todiramphus chloris,NA,Least concern,1
1478,Cipoh Kacat,Aegithina tiphia,NA,Least concern,1
1478,Cucak Kutilang,Pycnonotus aurigaster,NA,Least concern,1
1478,Pijantung Kecil,Arachnothera longirostra,NA,Least concern,1
1478,Serindit Jawa,Loriculus pusillus,NA,Near Threatened,1
1478,Takur Tenggeret,Psilopogon australis,NA,Least concern,1
1478,Walet Linci,Collocalia linchi,NA,Least concern,1
1041,Cabai Bunga Api,Dicaeum trigonostigma,NA,Least concern,1
1041,Cekakak Sungai,Todiramphus chloris,NA,Least concern,1
1041,Cipoh Kacat,Aegithina tiphia,NA,Least concern,1
1041,Cucak Kuning,Rubigula dispar,NA,Vulnerable,1
1041,Elang Ular Bido,Spilornis cheela,NA,Least concern,1
1041,Kadalan Birah,Phaenicophaeus curvirostris,NA,Least concern,1
1041,Merbah Corok Corok,Pycnonotus simplex,NA,Least concern,1
1041,Pijantung Gunung,Arachnothera affinis,NA,Least concern,1
1041,Sepah Hutan,Pericrocotus flammeus,NA,Least concern,1
1041,Serindit Jawa,Loriculus pusillus,NA,Near Threatened,1
1041,Takur Tenggeret,Psilopogon australis,NA,Least concern,1
1041,Takur Tulung Tumpuk,Psilopogon javensis,NA,Least concern,1
1041,Wiwik Kelabu,Cacomantis merulinus,NA,Least concern,1
1143,Cinenen Pisang,Orthotomus sutorius,NA,Least concern,1
1247,Cinenen Pisang,Orthotomus sutorius,NA,Least concern,1
1247,Merbah Corok Corok,Pycnonotus simplex,NA,Least concern,1
1247,Paok Pancawarna,Hydrornis guajanus,NA,Least concern,1
1247,Pelanduk Topi Jawa,Pellorneum capistratum,NA,Least concern,1
1247,Pijantung Kecil,Arachnothera longirostra,NA,Least concern,1
1247,Punai Penganten,Treron griseicauda,NA,Least concern,1
1247,Sepah Hutan,Pericrocotus flammeus,NA,Least concern,1
1247,Takur Tulung Tumpuk,Psilopogon javensis,NA,Least concern,1
1363,Cinenen Pisang,Orthotomus sutorius,NA,Least concern,1
1363,Elang Ular Bido,Spilornis cheela,NA,Least concern,1
1363,Merbah Corok Corok,Pycnonotus simplex,NA,Least concern,1
1363,Sepah Hutan,Pericrocotus flammeus,NA,Least concern,1
1363,Takur Tulung Tumpuk,Psilopogon javensis,NA,Least concern,1
1363,Walet Linci,Collocalia linchi,NA,Least concern,1
1479,Cabai Bunga Api,Dicaeum trigonostigma,NA,Least concern,1
1479,Cinenen Pisang,Orthotomus sutorius,NA,Least concern,1
1479,Cucak Kutilang,Pycnonotus aurigaster,NA,Least concern,1
1479,Gelatik Batu Kelabu,Parus major,NA,Least concern,1
1479,Jingjing Batu,Hemipus hirundinaceus,NA,Least concern,1
1479,Kadalan Birah,Phaenicophaeus curvirostris,NA,Least concern,1
1479,Merbah Corok Corok,Pycnonotus simplex,NA,Least concern,1
1479,Pelanduk Topi Jawa,Pellorneum capistratum,NA,Least concern,1
1479,Pijantung Kecil,Arachnothera longirostra,NA,Least concern,1
1479,Sepah Kecil,Pericrocotus cinnamomeus,NA,Least concern,1
1479,Serindit Jawa,Loriculus pusillus,NA,Near Threatened,1
1479,Takur Tenggeret,Psilopogon australis,NA,Least concern,1
1479,Walet Linci,Collocalia linchi,NA,Least concern,1
1479,Wiwik Lurik,Cacomantis sonneratii,NA,Least concern,1
1479,Wiwik Rimba,Cacomantis variolosus,NA,Least concern,1
1248,Codot krawar,Cynopterus brachyotis,NA,Least concern,1
1364,Codot krawar,Cynopterus brachyotis,NA,Least concern,1
1364,Walang kopo/tupai terbang,Petaurus breviceps,NA,Least concern,1
1042,Cinenen Pisang,Orthotomus sutorius,NA,Least concern,1
1042,Cipoh Kacat,Aegithina tiphia,NA,Least concern,1
1042,Cucak Kutilang,Pycnonotus aurigaster,NA,Least concern,1
1042,Merbah Corok Corok,Pycnonotus simplex,NA,Least concern,1
1042,Pelanduk Topi Jawa,Pellorneum capistratum,NA,Least concern,1
1042,Sepah Kecil,Pericrocotus cinnamomeus,NA,Least concern,1
1042,Takur Tenggeret,Psilopogon australis,NA,Least concern,1
1144,Celepuk Reban,Otus lempiji,NA,Least concern,1
1144,Cipoh Kacat,Aegithina tiphia,NA,Least concern,1
1144,Cucak Kutilang,Pycnonotus aurigaster,NA,Least concern,1
1144,Delimukan Zamrud,Chalcophaps indica,NA,Least concern,1
1144,Kareo Padi,Amaurornis phoenicurus,NA,Least concern,1
1144,Udang Api,Ceyx rufidorsa,NA,Least concern,1
1249,Cinenen Pisang,Orthotomus sutorius,NA,Least concern,1
1249,Elang Ular Bido,Spilornis cheela,NA,Least concern,1
1249,Merbah Corok Corok,Pycnonotus simplex,NA,Least concern,1
1249,Sepah Hutan,Pericrocotus flammeus,NA,Least concern,2
1249,Serindit Jawa,Loriculus pusillus,NA,Near Threatened,1
1365,Cabai Bunga Api,Dicaeum trigonostigma,NA,Least concern,1
1365,Cekakak Jawa,Halcyon cyanoventris,NA,Least concern,1
1365,Cekakak Sungai,Todiramphus chloris,NA,Least concern,1
1365,Cucak Kutilang,Pycnonotus aurigaster,NA,Least concern,1
1365,Julang Emas,Rhyticeros undulatus,NA,Vulnerable,1
1365,Meninting Besar,Enicurus leschenaulti,NA,Least concern,1
1365,Tekukur Biasa,Spilopelia Chinensis,NA,Least concern,1
1480,Cabai Bunga Api,Dicaeum trigonostigma,NA,Least concern,1
1480,Cekakak Sungai,Todiramphus chloris,NA,Least concern,1
1480,Cipoh Kacat,Aegithina tiphia,NA,Least concern,1
1480,Cucak Kutilang,Pycnonotus aurigaster,NA,Least concern,1
1480,Pijantung Kecil,Arachnothera longirostra,NA,Least concern,1
1480,Raja Udang Meninting,Alcedo meninting,NA,Least concern,2
1480,Sepah Kecil,Pericrocotus cinnamomeus,NA,Least concern,1
1480,Takur Tenggeret,Psilopogon australis,NA,Least concern,1
1480,Tepekong Jambul,Hemiprocne longipennis,NA,Least concern,1
1480,Udang Api,Ceyx rufidorsa,NA,Near Threatened,2
1480,Walet Linci,Collocalia linchi,NA,Least concern,1
1250,Bajing Terbang Jawa,Iomys horsfieldii,NA,Least concern,1
1250,Codot krawar,Cynopterus brachyotis,NA,Least concern,1
1481,Codot krawar,Cynopterus brachyotis,NA,Least concern,3
1481,Tikus pohon/tikus belukar,Rattus tiomanicus,NA,Least concern,1
1043,Cabai Bunga Api,Dicaeum trigonostigma,NA,Least concern,1
1043,Cekakak Sungai,Todiramphus chloris,NA,Least concern,1
1043,Cinenen Pisang,Orthotomus sutorius,NA,Least concern,1
1043,Cipoh Kacat,Aegithina tiphia,NA,Least concern,1
1043,Delimukan Zamrud,Chalcophaps indica,NA,Least concern,1
1043,Merbah Corok Corok,Pycnonotus simplex,NA,Least concern,1
1043,Pelanduk Topi Jawa,Pellorneum capistratum,NA,Least concern,1
1043,Takur Tenggeret,Psilopogon australis,NA,Least concern,1
1145,Cekakak Batu,Lacedo pulchella,NA,Least concern,1
1145,Merbah Corok Corok,Pycnonotus simplex,NA,Least concern,1
1145,Sepah Hutan,Pericrocotus flammeus,NA,Least concern,1
1145,Takur Tenggeret,Psilopogon australis,NA,Least concern,1
1251,Cica Daun Kecil,Chloropsis cyanopogon,NA,Least concern,1
1251,Cinenen Pisang,Orthotomus sutorius,NA,Least concern,1
1251,Cipoh Kacat,Aegithina tiphia,NA,Least concern,1
1251,Elang Ular Bido,Spilornis cheela,NA,Least concern,2
1251,Jingjing Batu,Hemipus hirundinaceus,NA,Least concern,1
1251,Kadalan Birah,Phaenicophaeus curvirostris,NA,Least concern,1
1251,Kedasi Ungu,Chrysococcyx xanthorhynchus,NA,Least concern,1
1251,Layang Layang Batu,Hirundo javanica,NA,Least concern,2
1251,Paok Pancawarna,Hydrornis guajanus,NA,Least concern,1
1251,Sepah Hutan,Pericrocotus flammeus,NA,Least concern,3
1366,Bubut Besar,Centropus sinensis,NA,Least concern,1
1366,Cabai Bunga Api,Dicaeum trigonostigma,NA,Least concern,1
1366,Cipoh Kacat,Aegithina tiphia,NA,Least concern,1
1366,Jingjing Batu,Hemipus hirundinaceus,NA,Least concern,1
1366,Merbah Corok Corok,Pycnonotus simplex,NA,Least concern,1
1366,Pelatuk Besi,Dinopium javanense,NA,Least concern,1
1366,Pijantung Kecil,Arachnothera longirostra,NA,Least concern,1
1366,Takur Tulung Tumpuk,Psilopogon javensis,NA,Least concern,1
1366,Tepus Gelagah,Timalia pileata,NA,Least concern,1
1482,Cinenen Pisang,Orthotomus sutorius,NA,Least concern,1
1482,Cipoh Kacat,Aegithina tiphia,NA,Least concern,1
1482,Cucak Kutilang,Pycnonotus aurigaster,NA,Least concern,1
1482,Jingjing Batu,Hemipus hirundinaceus,NA,Least concern,1
1482,Kehicap Ranting,Hypothymis azurea,NA,Least concern,1
1482,Merbah Corok Corok,Pycnonotus simplex,NA,Least concern,1
1482,Munguk Beledu,Sitta frontalis,NA,Least concern,1
1482,Pelanduk Topi Jawa,Pellorneum capistratum,NA,Least concern,1
1482,Sepah Hutan,Pericrocotus flammeus,NA,Least concern,1
1482,Sepah Kecil,Pericrocotus cinnamomeus,NA,Least concern,1
1482,Serindit Jawa,Loriculus pusillus,NA,Near Threatened,1
1482,Takur Tenggeret,Psilopogon australis,NA,Least concern,1
1482,Takur Ungkut Ungkut,Psilopogon haemacephalus,NA,Least concern,1
1482,Tepekong Jambul,Hemiprocne longipennis,NA,Least concern,1
1044,Cabai Gesit,Dicaeum agile,NA,Least concern,1
1044,Cinenen Pisang,Orthotomus sutorius,NA,Least concern,1
1044,Cipoh Kacat,Aegithina tiphia,NA,Least concern,1
1044,Cucak Kutilang,Pycnonotus aurigaster,NA,Least concern,1
1044,Delimukan Zamrud,Chalcophaps indica,NA,Least concern,1
1044,Kadalan Birah,Phaenicophaeus curvirostris,NA,Least concern,1
1044,Merbah Corok Corok,Pycnonotus simplex,NA,Least concern,1
1044,Paok Pancawarna,Hydrornis guajanus,NA,Least concern,1
1044,Pelatuk Besi,Dinopium javanense,NA,Least concern,1
1044,Serindit Jawa,Loriculus pusillus,NA,Near Threatened,1
1044,Takur Tenggeret,Psilopogon australis,NA,Least concern,1
1044,Takur Tulung Tumpuk,Psilopogon javensis,NA,Least concern,1
1146,Cipoh Kacat,Aegithina tiphia,NA,Least concern,1
1146,Merbah Corok Corok,Pycnonotus simplex,NA,Least concern,1
1146,Takur Tenggeret,Psilopogon australis,NA,Least concern,1
1146,Tepekong Jambul,Hemiprocne longipennis,NA,Least concern,1
1252,Cabai Bunga Api,Dicaeum trigonostigma,NA,Least concern,1
1252,Pelatuk Besi,Dinopium javanense,NA,Least concern,1
1252,Serindit Jawa,Loriculus pusillus,NA,Near Threatened,2
1367,Cipoh Kacat,Aegithina tiphia,NA,Least concern,1
1367,Jingjing Batu,Hemipus hirundinaceus,NA,Least concern,1
1367,Kadalan Birah,Phaenicophaeus curvirostris,NA,Least concern,1
1367,Pijantung Kecil,Arachnothera longirostra,NA,Least concern,1
1367,Sepah Hutan,Pericrocotus flammeus,NA,Least concern,1
1367,Serindit Jawa,Loriculus pusillus,NA,Near Threatened,1
1367,Takur Ungkut Ungkut,Psilopogon haemacephalus,NA,Least concern,1
1483,Cabai Bunga Api,Dicaeum trigonostigma,NA,Least concern,1
1483,Cinenen Kelabu,Orthotomus ruficeps,NA,Least concern,1
1483,Cinenen Pisang,Orthotomus sutorius,NA,Least concern,1
1483,Delimukan Zamrud,Chalcophaps indica,NA,Least concern,1
1483,Jingjing Batu,Hemipus hirundinaceus,NA,Least concern,1
1483,Paok Pancawarna,Hydrornis guajanus,NA,Least concern,1
1483,Pelanduk Topi Jawa,Pellorneum capistratum,NA,Least concern,1
1483,Pijantung Kecil,Arachnothera longirostra,NA,Least concern,1
1483,Sepah Hutan,Pericrocotus flammeus,NA,Least concern,1
1483,Serindit Jawa,Loriculus pusillus,NA,Near Threatened,1
1483,Takur Tenggeret,Psilopogon australis,NA,Least concern,1
1483,Tepekong Jambul,Hemiprocne longipennis,NA,Least concern,1
1483,Walet Linci,Collocalia linchi,NA,Least concern,1
1368,Codot krawar,Cynopterus brachyotis,NA,Least concern,1
1045,Cabai Bunga Api,Dicaeum trigonostigma,NA,Least concern,1
1045,Cipoh Kacat,Aegithina tiphia,NA,Least concern,1
1045,Merbah Corok Corok,Pycnonotus simplex,NA,Least concern,1
1045,Paok Pancawarna,Hydrornis guajanus,NA,Least concern,1
1045,Pelanduk Topi Jawa,Pellorneum capistratum,NA,Least concern,1
1045,Pijantung Gunung,Arachnothera affinis,NA,Least concern,1
1045,Sepah Kecil,Pericrocotus cinnamomeus,NA,Least concern,1
1045,Takur Tenggeret,Psilopogon australis,NA,Least concern,1
1045,Takur Tulung Tumpuk,Psilopogon javensis,NA,Least concern,1
1147,Jingjing Batu,Hemipus hirundinaceus,NA,Least concern,1
1147,Merbah Corok Corok,Pycnonotus simplex,NA,Least concern,1
1147,Pijantung Gunung,Arachnothera affinis,NA,Least concern,1
1147,Takur Tenggeret,Psilopogon australis,NA,Least concern,1
1253,Takur Tenggeret,Psilopogon australis,NA,Least concern,1
1369,Cabai Bunga Api,Dicaeum trigonostigma,NA,Least concern,1
1369,Merbah Corok Corok,Pycnonotus simplex,NA,Least concern,1
1369,Pijantung Kecil,Arachnothera longirostra,NA,Least concern,1
1369,Sepah Hutan,Pericrocotus flammeus,NA,Least concern,1
1369,Walik Kembang,Ptilinopus melanospilus,NA,Least concern,1
1484,Cabai Bunga Api,Dicaeum trigonostigma,NA,Least concern,1
1484,Cipoh Kacat,Aegithina tiphia,NA,Least concern,1
1484,Kancilan Bakau,Pachycephala cinerea,NA,Least concern,1
1484,Paok Pancawarna,Hydrornis guajanus,NA,Least concern,1
1484,Takur Tenggeret,Psilopogon australis,NA,Least concern,1
1046,Cabai Bunga Api,Dicaeum trigonostigma,NA,Least concern,1
1046,Cipoh Kacat,Aegithina tiphia,NA,Least concern,1
1046,Cucak Kuning,Rubigula dispar,NA,Vulnerable,1
1046,Delimukan Zamrud,Chalcophaps indica,NA,Least concern,1
1046,Merbah Corok Corok,Pycnonotus simplex,NA,Least concern,1
1046,Paok Pancawarna,Hydrornis guajanus,NA,Least concern,1
1046,Pelatuk Besi,Dinopium javanense,NA,Least concern,1
1046,Pijantung Gunung,Arachnothera affinis,NA,Least concern,1
1046,Takur Tenggeret,Psilopogon australis,NA,Least concern,1
1148,Cipoh Kacat,Aegithina tiphia,NA,Least concern,1
1148,Jingjing Batu,Hemipus hirundinaceus,NA,Least concern,1
1148,Merbah Corok Corok,Pycnonotus simplex,NA,Least concern,1
1148,Paok Pancawarna,Hydrornis guajanus,NA,Least concern,1
1148,Sikatan Bubik,Muscicapa dauurica,NA,Least concern,1
1148,Takur Tenggeret,Psilopogon australis,NA,Least concern,1
1254,Takur Tulung Tumpuk,Psilopogon javensis,NA,Least concern,1
1370,Delimukan Zamrud,Chalcophaps indica,NA,Least concern,1
1370,Elang Ular Bido,Spilornis cheela,NA,Least concern,1
1370,Takur Tenggeret,Psilopogon australis,NA,Least concern,1
1370,Takur Tulung Tumpuk,Psilopogon javensis,NA,Least concern,1
1485,Burung Madu Kelapa,Anthreptes malacensis,NA,Least concern,1
1485,Cabai Bunga Api,Dicaeum trigonostigma,NA,Least concern,1
1485,Cucak Kuning,Rubigula dispar,NA,Vulnerable,1
1485,Cucak Kutilang,Pycnonotus aurigaster,NA,Least concern,1
1485,Delimukan Zamrud,Chalcophaps indica,NA,Least concern,1
1485,Elang Ular Bido,Spilornis cheela,NA,Least concern,1
1485,Jingjing Batu,Hemipus hirundinaceus,NA,Least concern,1
1485,Kedasi Hitam,Surniculus lugubris,NA,Least concern,1
1485,Merbah Corok Corok,Pycnonotus simplex,NA,Least concern,1
1485,Pijantung Kecil,Arachnothera longirostra,NA,Least concern,1
1485,Sepah Hutan,Pericrocotus flammeus,NA,Least concern,1
1485,Takur Tenggeret,Psilopogon australis,NA,Least concern,1
1485,Tepekong Jambul,Hemiprocne longipennis,NA,Least concern,1
1149,Kubung Sunda,Galeopterus variegatus,NA,Least concern,1
1255,Bajing Terbang Jawa,Iomys horsfieldii,NA,Least concern,1
1371,Codot krawar,Cynopterus brachyotis,NA,Least concern,1
1047,Alap Alap Capung,Microhierax fringillarius,NA,Least concern,1
1047,Cabai Bunga Api,Dicaeum trigonostigma,NA,Least concern,1
1047,Cipoh Kacat,Aegithina tiphia,NA,Least concern,1
1047,Jingjing Batu,Hemipus hirundinaceus,NA,Least concern,1
1047,Merbah Corok Corok,Pycnonotus simplex,NA,Least concern,1
1047,Sepah Hutan,Pericrocotus flammeus,NA,Least concern,1
1047,Serindit Jawa,Loriculus pusillus,NA,Near Threatened,1
1047,Takur Tenggeret,Psilopogon australis,NA,Least concern,1
1047,Takur Tulung Tumpuk,Psilopogon javensis,NA,Least concern,1
1047,Walik Kembang,Ptilinopus melanospilus,NA,Least concern,1
1150,Merbah Corok Corok,Pycnonotus simplex,NA,Least concern,1
1150,Pijantung Besar,Arachnothera robusta,NA,Least concern,1
1150,Takur Tenggeret,Psilopogon australis,NA,Least concern,2
1150,Takur Tulung Tumpuk,Psilopogon javensis,NA,Least concern,1
1256,Cipoh Kacat,Aegithina tiphia,NA,Least concern,1
1256,Elang Ular Bido,Spilornis cheela,NA,Least concern,1
1256,Jingjing Batu,Hemipus hirundinaceus,NA,Least concern,1
1256,Takur Tenggeret,Psilopogon australis,NA,Least concern,1
1256,Takur Tulung Tumpuk,Psilopogon javensis,NA,Least concern,1
1372,Cabai Bunga Api,Dicaeum trigonostigma,NA,Least concern,1
1372,Cekakak Sungai,Todiramphus chloris,NA,Least concern,1
1372,Pijantung Besar,Arachnothera robusta,NA,Least concern,1
1372,Takur Tenggeret,Psilopogon australis,NA,Least concern,1
1372,Takur Tulung Tumpuk,Psilopogon javensis,NA,Least concern,1
1372,Tepekong Jambul,Hemiprocne longipennis,NA,Least concern,1
1486,Burung Madu Kelapa,Anthreptes malacensis,NA,Least concern,1
1486,Cabai Bunga Api,Dicaeum trigonostigma,NA,Least concern,1
1486,Cipoh Kacat,Aegithina tiphia,NA,Least concern,1
1486,Cucak Kuning,Rubigula dispar,NA,Vulnerable,1
1486,Elang Ular Bido,Spilornis cheela,NA,Least concern,1
1486,Jingjing Petulak,Tephrodornis virgatus,NA,Least concern,1
1486,Merbah Corok Corok,Pycnonotus simplex,NA,Least concern,1
1486,Pelanduk Semak,Malacocincla sepiaria,NA,Least concern,1
1486,Takur Tenggeret,Psilopogon australis,NA,Least concern,1
1486,Tepekong Jambul,Hemiprocne longipennis,NA,Least concern,1
1486,Walet Linci,Collocalia linchi,NA,Least concern,1
1486,Walik Kembang,Ptilinopus melanospilus,NA,Least concern,1
1048,Cekakak Sungai,Todiramphus chloris,NA,Least concern,1
1048,Cipoh Kacat,Aegithina tiphia,NA,Least concern,1
1048,Cucak Kuning,Rubigula dispar,NA,Vulnerable,1
1048,Cucak Kutilang,Pycnonotus aurigaster,NA,Least concern,1
1048,Delimukan Zamrud,Chalcophaps indica,NA,Least concern,1
1048,Kadalan Birah,Phaenicophaeus curvirostris,NA,Least concern,1
1048,Merbah Corok Corok,Pycnonotus simplex,NA,Least concern,1
1048,Serindit Jawa,Loriculus pusillus,NA,Near Threatened,1
1048,Takur Tenggeret,Psilopogon australis,NA,Least concern,1
1048,Takur Tulung Tumpuk,Psilopogon javensis,NA,Least concern,1
1048,Walik Kembang,Ptilinopus melanospilus,NA,Least concern,1
1151,Cucak Kutilang,Pycnonotus aurigaster,NA,Least concern,1
1151,Elang Ular Bido,Spilornis cheela,NA,Least concern,1
1151,Merbah Corok Corok,Pycnonotus simplex,NA,Least concern,1
1151,Takur Tenggeret,Psilopogon australis,NA,Least concern,1
1151,Walet Linci,Collocalia linchi,NA,Least concern,1
1257,Cipoh Kacat,Aegithina tiphia,NA,Least concern,1
1257,Takur Tulung Tumpuk,Psilopogon javensis,NA,Least concern,1
1373,Cabai Bunga Api,Dicaeum trigonostigma,NA,Least concern,1
1373,Kadalan Birah,Phaenicophaeus curvirostris,NA,Least concern,1
1373,Merbah Corok Corok,Pycnonotus simplex,NA,Least concern,1
1373,Takur Tenggeret,Psilopogon australis,NA,Least concern,1
1373,Takur Tulung Tumpuk,Psilopogon javensis,NA,Least concern,1
1487,Burung Madu Kelapa,Anthreptes malacensis,NA,Least concern,1
1487,Burung Madu Sriganti,Cinnyris ornatus,NA,Least concern,1
1487,Cabai Jawa,Dicaeum trochileum,NA,Least concern,1
1487,Cinenen Pisang,Orthotomus sutorius,NA,Least concern,1
1487,Takur Tenggeret,Psilopogon australis,NA,Least concern,1
1488,Tikus pohon/tikus belukar,Rattus tiomanicus,NA,Least concern,1
1049,Cabai Bunga Api,Dicaeum trigonostigma,NA,Least concern,1
1049,Cipoh Kacat,Aegithina tiphia,NA,Least concern,1
1049,Cucak Kuricang,Brachypodius atriceps,NA,Least concern,1
1049,Elang Ular Bido,Spilornis cheela,NA,Least concern,1
1049,Merbah Corok Corok,Pycnonotus simplex,NA,Least concern,1
1049,Serindit Jawa,Loriculus pusillus,NA,Near Threatened,1
1049,Takur Tenggeret,Psilopogon australis,NA,Least concern,1
1152,Takur Tenggeret,Psilopogon australis,NA,Least concern,1
1258,Cekakak Sungai,Todiramphus chloris,NA,Least concern,1
1258,Serindit Jawa,Loriculus pusillus,NA,Near Threatened,1
1374,Cabai Bunga Api,Dicaeum trigonostigma,NA,Least concern,1
1374,Elang Ular Bido,Spilornis cheela,NA,Least concern,1
1374,Merbah Corok Corok,Pycnonotus simplex,NA,Least concern,1
1374,Takur Tenggeret,Psilopogon australis,NA,Least concern,1
1489,Burung Madu Kelapa,Anthreptes malacensis,NA,Least concern,1
1489,Cinenen Pisang,Orthotomus sutorius,NA,Least concern,1
1489,Cipoh Kacat,Aegithina tiphia,NA,Least concern,1
1489,Cucak Kutilang,Pycnonotus aurigaster,NA,Least concern,1
1489,Kadalan Birah,Phaenicophaeus curvirostris,NA,Least concern,1
1489,Takur Tenggeret,Psilopogon australis,NA,Least concern,1
1489,Takur Ungkut Ungkut,Psilopogon haemacephalus,NA,Least concern,1
1050,Cabai Bunga Api,Dicaeum trigonostigma,NA,Least concern,1
1050,Cekakak Jawa,Halcyon cyanoventris,NA,Least concern,1
1050,Cipoh Kacat,Aegithina tiphia,NA,Least concern,1
1050,Kadalan Birah,Phaenicophaeus curvirostris,NA,Least concern,1
1050,Merbah Corok Corok,Pycnonotus simplex,NA,Least concern,1
1050,Sepah Hutan,Pericrocotus flammeus,NA,Least concern,1
1050,Serindit Jawa,Loriculus pusillus,NA,Near Threatened,1
1050,Takur Tenggeret,Psilopogon australis,NA,Least concern,1
1050,Takur Tulung Tumpuk,Psilopogon javensis,NA,Least concern,1
1153,Merbah Corok Corok,Pycnonotus simplex,NA,Least concern,1
1153,Takur Tenggeret,Psilopogon australis,NA,Least concern,2
1153,Walet Linci,Collocalia linchi,NA,Least concern,1
1259,Cekakak Sungai,Todiramphus chloris,NA,Least concern,1
1259,Elang Ular Bido,Spilornis cheela,NA,Least concern,1
1259,Serindit Jawa,Loriculus pusillus,NA,Near Threatened,1
1259,Takur Ungkut Ungkut,Psilopogon haemacephalus,NA,Least concern,2
1375,Cipoh Kacat,Aegithina tiphia,NA,Least concern,1
1375,Jingjing Batu,Hemipus hirundinaceus,NA,Least concern,1
1375,Kadalan Birah,Phaenicophaeus curvirostris,NA,Least concern,1
1375,Merbah Corok Corok,Pycnonotus simplex,NA,Least concern,1
1375,Paok Pancawarna,Hydrornis guajanus,NA,Least concern,1
1375,Punai Penganten,Treron griseicauda,NA,Least concern,1
1375,Sepah Hutan,Pericrocotus flammeus,NA,Least concern,1
1375,Takur Tenggeret,Psilopogon australis,NA,Least concern,1
1375,Takur Tulung Tumpuk,Psilopogon javensis,NA,Least concern,1
1375,Tepekong Jambul,Hemiprocne longipennis,NA,Least concern,1
1490,Cabai Bunga Api,Dicaeum trigonostigma,NA,Least concern,1
1490,Cinenen Pisang,Orthotomus sutorius,NA,Least concern,1
1490,Cipoh Kacat,Aegithina tiphia,NA,Least concern,1
1490,Cucak Kuning,Rubigula dispar,NA,Vulnerable,1
1490,Jingjing Batu,Hemipus hirundinaceus,NA,Least concern,1
1490,Julang Emas,Rhyticeros undulatus,NA,Vulnerable,1
1490,Kadalan Birah,Phaenicophaeus curvirostris,NA,Least concern,1
1490,Merbah Corok Corok,Pycnonotus simplex,NA,Least concern,1
1490,Paok Pancawarna,Hydrornis guajanus,NA,Least concern,1
1490,Pelanduk Topi Jawa,Pellorneum capistratum,NA,Least concern,1
1490,Pelatuk Besi,Dinopium javanense,NA,Least concern,1
1490,Pijantung Kecil,Arachnothera longirostra,NA,Least concern,1
1490,Punai Gading,Treron vernans,NA,Least concern,1
1490,Sepah Hutan,Pericrocotus flammeus,NA,Least concern,1
1490,Serindit Jawa,Loriculus pusillus,NA,Near Threatened,1
1490,Takur Tenggeret,Psilopogon australis,NA,Least concern,1
1490,Takur Tulung Tumpuk,Psilopogon javensis,NA,Least concern,1
1490,Tepekong Jambul,Hemiprocne longipennis,NA,Least concern,1
1490,Walik Kembang,Ptilinopus melanospilus,NA,Least concern,1
1490,Wiwik Rimba,Cacomantis variolosus,NA,Least concern,1
1154,Lutung Jawa,Trachypithecus auratus,NA,Vulnerable,1
1260,Kukang Jawa,Nycticebus javanicus,NA,Critically endangered,1
1491,Bajing Terbang Jawa,Iomys horsfieldii,NA,Least concern,1
1051,Cipoh Kacat,Aegithina tiphia,NA,Least concern,1
1051,Merbah Corok Corok,Pycnonotus simplex,NA,Least concern,1
1051,Sepah Hutan,Pericrocotus flammeus,NA,Least concern,1
1051,Takur Tenggeret,Psilopogon australis,NA,Least concern,1
1051,Takur Ungkut Ungkut,Psilopogon haemacephalus,NA,Least concern,1
1155,Pijantung Kecil,Arachnothera longirostra,NA,Least concern,2
1155,Serindit Jawa,Loriculus pusillus,NA,Near Threatened,1
1261,Cica Daun Besar,Chloropsis sonnerati,NA,Endangered,1
1376,Cabai Bunga Api,Dicaeum trigonostigma,NA,Least concern,1
1376,Cipoh Kacat,Aegithina tiphia,NA,Least concern,1
1376,Serindit Jawa,Loriculus pusillus,NA,Near Threatened,1
1376,Takur Tenggeret,Psilopogon australis,NA,Least concern,1
1376,Wiwik Kelabu,Cacomantis merulinus,NA,Least concern,1
1492,Cipoh Kacat,Aegithina tiphia,NA,Least concern,1
1492,Kadalan Birah,Phaenicophaeus curvirostris,NA,Least concern,1
1492,Paok Pancawarna,Hydrornis guajanus,NA,Least concern,1
1492,Pelanduk Semak,Malacocincla sepiaria,NA,Least concern,1
1492,Pelanduk Topi Jawa,Pellorneum capistratum,NA,Least concern,1
1492,Serindit Jawa,Loriculus pusillus,NA,Near Threatened,1
1492,Takur Tenggeret,Psilopogon australis,NA,Least concern,1
1492,Takur Ungkut Ungkut,Psilopogon haemacephalus,NA,Least concern,1
1156,Garangan,Herpestes javanicus,NA,Least concern,1
1052,Bubut Besar,Centropus sinensis,NA,Least concern,1
1052,Cabai Bunga Api,Dicaeum trigonostigma,NA,Least concern,1
1052,Cucak Kutilang,Pycnonotus aurigaster,NA,Least concern,1
1052,Elang Ular Bido,Spilornis cheela,NA,Least concern,1
1052,Paok Pancawarna,Hydrornis guajanus,NA,Least concern,1
1052,Pijantung Kecil,Arachnothera longirostra,NA,Least concern,1
1052,Serindit Jawa,Loriculus pusillus,NA,Near Threatened,1
1052,Takur Tenggeret,Psilopogon australis,NA,Least concern,1
1052,Takur Ungkut Ungkut,Psilopogon haemacephalus,NA,Least concern,1
1052,Walik Kembang,Ptilinopus melanospilus,NA,Least concern,1
1157,Cucak Kutilang,Pycnonotus aurigaster,NA,Least concern,1
1157,Merbah Cerukcuk,Pycnonotus goiavier,NA,Least concern,2
1157,Pijantung Kecil,Arachnothera longirostra,NA,Least concern,1
1157,Takur Tenggeret,Psilopogon australis,NA,Least concern,1
1157,Takur Tohtor,Psilopogon armillaris,NA,Least concern,1
1262,Cipoh Kacat,Aegithina tiphia,NA,Least concern,1
1262,Sikatan Burik,Muscicapa griseisticta,NA,Least concern,1
1377,Cabai Bunga Api,Dicaeum trigonostigma,NA,Least concern,1
1377,Kadalan Birah,Phaenicophaeus curvirostris,NA,Least concern,1
1377,Serindit Jawa,Loriculus pusillus,NA,Near Threatened,1
1377,Takur Tenggeret,Psilopogon australis,NA,Least concern,1
1493,Cinenen Pisang,Orthotomus sutorius,NA,Least concern,1
1493,Cucak Kuning,Rubigula dispar,NA,Vulnerable,1
1493,Merbah Corok Corok,Pycnonotus simplex,NA,Least concern,1
1493,Pelanduk Semak,Malacocincla sepiaria,NA,Least concern,1
1493,Pijantung Kecil,Arachnothera longirostra,NA,Least concern,1
1493,Sepah Hutan,Pericrocotus flammeus,NA,Least concern,1
1493,Serindit Jawa,Loriculus pusillus,NA,Near Threatened,1
1493,Takur Tenggeret,Psilopogon australis,NA,Least concern,1
1493,Takur Ungkut Ungkut,Psilopogon haemacephalus,NA,Least concern,1
1493,Udang Api,Ceyx rufidorsa,NA,Near Threatened,1
1263,Bajing kelapa,Callosciurus notatus,NA,Least concern,1
1053,Cipoh Kacat,Aegithina tiphia,NA,Least concern,1
1053,Cucak Kutilang,Pycnonotus aurigaster,NA,Least concern,1
1053,Merbah Corok Corok,Pycnonotus simplex,NA,Least concern,1
1053,Takur Tenggeret,Psilopogon australis,NA,Least concern,1
1053,Takur Ungkut Ungkut,Psilopogon haemacephalus,NA,Least concern,1
1158,Takur Tenggeret,Psilopogon australis,NA,Least concern,1
1158,Takur Tulung Tumpuk,Psilopogon javensis,NA,Least concern,1
1264,Cipoh Kacat,Aegithina tiphia,NA,Least concern,1
1378,Cikrak Kutub,Phylloscopus borealis,NA,Least concern,1
1378,Cipoh Kacat,Aegithina tiphia,NA,Least concern,1
1378,Elang Ular Bido,Spilornis cheela,NA,Least concern,1
1378,Julang Emas,Rhyticeros undulatus,NA,Vulnerable,1
1378,Merbah Corok Corok,Pycnonotus simplex,NA,Least concern,1
1378,Serindit Jawa,Loriculus pusillus,NA,Near Threatened,1
1378,Takur Tenggeret,Psilopogon australis,NA,Least concern,1
1378,Wiwik Lurik,Cacomantis sonneratii,NA,Least concern,1
1494,Alap Alap Capung,Microhierax fringillarius,NA,Least concern,1
1494,Cekakak Jawa,Halcyon cyanoventris,NA,Least concern,1
1494,Celepuk Reban,Otus lempiji,NA,Least concern,2
1494,Cinenen Pisang,Orthotomus sutorius,NA,Least concern,1
1494,Cipoh Kacat,Aegithina tiphia,NA,Least concern,1
1494,Cucak Kutilang,Pycnonotus aurigaster,NA,Least concern,1
1494,Jingjing Batu,Hemipus hirundinaceus,NA,Least concern,1
1494,Kadalan Birah,Phaenicophaeus curvirostris,NA,Least concern,1
1494,Kedasi Hitam,Surniculus lugubris,NA,Least concern,1
1494,Merbah Corok Corok,Pycnonotus simplex,NA,Least concern,1
1494,Raja Udang Meninting,Alcedo meninting,NA,Least concern,1
1494,Serindit Jawa,Loriculus pusillus,NA,Near Threatened,1
1494,Takur Tenggeret,Psilopogon australis,NA,Least concern,1
1494,Tepekong Jambul,Hemiprocne longipennis,NA,Least concern,1
1494,Udang Api,Ceyx rufidorsa,NA,Near Threatened,1
1494,Walet Linci,Collocalia linchi,NA,Least concern,2
1494,Walik Kembang,Ptilinopus melanospilus,NA,Least concern,1
1054,Cipoh Kacat,Aegithina tiphia,NA,Least concern,1
1054,Cucak Kutilang,Pycnonotus aurigaster,NA,Least concern,1
1054,Elang Ular Bido,Spilornis cheela,NA,Least concern,1
1054,Kadalan Birah,Phaenicophaeus curvirostris,NA,Least concern,1
1054,Merbah Corok Corok,Pycnonotus simplex,NA,Least concern,1
1054,Paok Pancawarna,Hydrornis guajanus,NA,Least concern,1
1054,Pelatuk Besi,Dinopium javanense,NA,Least concern,1
1054,Takur Tenggeret,Psilopogon australis,NA,Least concern,1
1159,Burung Madu Kelapa,Anthreptes malacensis,NA,Least concern,1
1159,Caladi Ulam,Dendrocopos macei,NA,Least concern,2
1159,Takur Tulung Tumpuk,Psilopogon javensis,NA,Least concern,1
1265,Cipoh Kacat,Aegithina tiphia,NA,Least concern,1
1265,Delimukan Zamrud,Chalcophaps indica,NA,Least concern,1
1265,Merbah Corok Corok,Pycnonotus simplex,NA,Least concern,1
1379,Cinenen Pisang,Orthotomus sutorius,NA,Least concern,1
1379,Cipoh Kacat,Aegithina tiphia,NA,Least concern,1
1379,Merbah Corok Corok,Pycnonotus simplex,NA,Least concern,1
1379,Serindit Jawa,Loriculus pusillus,NA,Near Threatened,1
1379,Takur Tenggeret,Psilopogon australis,NA,Least concern,1
1379,Takur Tulung Tumpuk,Psilopogon javensis,NA,Least concern,1
1495,Cabai Bunga Api,Dicaeum trigonostigma,NA,Least concern,1
1495,Cinenen Pisang,Orthotomus sutorius,NA,Least concern,1
1495,Cipoh Kacat,Aegithina tiphia,NA,Least concern,1
1495,Delimukan Zamrud,Chalcophaps indica,NA,Least concern,1
1495,Pijantung Kecil,Arachnothera longirostra,NA,Least concern,1
1495,Serindit Jawa,Loriculus pusillus,NA,Near Threatened,1
1495,Takur Ungkut Ungkut,Psilopogon haemacephalus,NA,Least concern,2
1495,Walet Linci,Collocalia linchi,NA,Least concern,1
1495,Walik Kembang,Ptilinopus melanospilus,NA,Least concern,1
1380,Codot krawar,Cynopterus brachyotis,NA,Least concern,1
1055,Cipoh Kacat,Aegithina tiphia,NA,Least concern,1
1055,Delimukan Zamrud,Chalcophaps indica,NA,Least concern,1
1055,Merbah Corok Corok,Pycnonotus simplex,NA,Least concern,1
1055,Paok Pancawarna,Hydrornis guajanus,NA,Least concern,1
1055,Serindit Jawa,Loriculus pusillus,NA,Near Threatened,1
1055,Takur Tenggeret,Psilopogon australis,NA,Least concern,1
1055,Tepekong Jambul,Hemiprocne longipennis,NA,Least concern,1
1160,Bondol Haji,Lonchura maja,NA,Least concern,1
1160,Takur Tenggeret,Psilopogon australis,NA,Least concern,2
1266,Burung Madu Kelapa,Anthreptes malacensis,NA,Least concern,1
1266,Sepah Hutan,Pericrocotus flammeus,NA,Least concern,1
1266,Sikatan Burik,Muscicapa griseisticta,NA,Least concern,1
1381,Cabai Bunga Api,Dicaeum trigonostigma,NA,Least concern,1
1381,Cipoh Kacat,Aegithina tiphia,NA,Least concern,1
1381,Elang Ular Bido,Spilornis cheela,NA,Least concern,1
1381,Merbah Corok Corok,Pycnonotus simplex,NA,Least concern,1
1381,Pijantung Kecil,Arachnothera longirostra,NA,Least concern,1
1381,Takur Ungkut Ungkut,Psilopogon haemacephalus,NA,Least concern,1
1381,Walik Kembang,Ptilinopus melanospilus,NA,Least concern,1
1496,Cabai Bunga Api,Dicaeum trigonostigma,NA,Least concern,1
1496,Cinenen Pisang,Orthotomus sutorius,NA,Least concern,1
1496,Cipoh Kacat,Aegithina tiphia,NA,Least concern,1
1496,Cucak Kutilang,Pycnonotus aurigaster,NA,Least concern,1
1496,Pijantung Kecil,Arachnothera longirostra,NA,Least concern,1
1496,Serindit Jawa,Loriculus pusillus,NA,Near Threatened,1
1496,Takur Tenggeret,Psilopogon australis,NA,Least concern,1
1496,Walet Linci,Collocalia linchi,NA,Least concern,1
1496,Walik Kembang,Ptilinopus melanospilus,NA,Least concern,1
1382,Codot krawar,Cynopterus brachyotis,NA,Least concern,1
1497,Lutung Jawa,Trachypithecus auratus,NA,Vulnerable,1
1056,Alap Alap Capung,Microhierax fringillarius,NA,Least concern,1
1056,Bubut Jawa,Centropus nigrorufus,NA,Vulnerable,1
1056,Cucak Kutilang,Pycnonotus aurigaster,NA,Least concern,1
1056,Merbah Corok Corok,Pycnonotus simplex,NA,Least concern,1
1056,Serindit Jawa,Loriculus pusillus,NA,Near Threatened,1
1056,Takur Tenggeret,Psilopogon australis,NA,Least concern,1
1056,Takur Ungkut Ungkut,Psilopogon haemacephalus,NA,Least concern,1
1161,Cipoh Kacat,Aegithina tiphia,NA,Least concern,1
1161,Pijantung Gunung,Arachnothera affinis,NA,Least concern,1
1267,Cipoh Kacat,Aegithina tiphia,NA,Least concern,1
1267,Kedasi Hitam,Surniculus lugubris,NA,Least concern,1
1267,Sikatan Burik,Muscicapa griseisticta,NA,Least concern,1
1267,Takur Tenggeret,Psilopogon australis,NA,Least concern,1
1267,Takur Tulung Tumpuk,Psilopogon javensis,NA,Least concern,1
1383,Cinenen Pisang,Orthotomus sutorius,NA,Least concern,1
1383,Cipoh Kacat,Aegithina tiphia,NA,Least concern,1
1383,Elang Ular Bido,Spilornis cheela,NA,Least concern,1
1383,Kehicap Ranting,Hypothymis azurea,NA,Least concern,1
1383,Pijantung Kecil,Arachnothera longirostra,NA,Least concern,1
1383,Sepah Kecil,Pericrocotus cinnamomeus,NA,Least concern,1
1383,Serindit Jawa,Loriculus pusillus,NA,Near Threatened,1
1498,Burung Madu Kelapa,Anthreptes malacensis,NA,Least concern,1
1498,Cabai Bunga Api,Dicaeum trigonostigma,NA,Least concern,1
1498,Cipoh Kacat,Aegithina tiphia,NA,Least concern,1
1498,Jingjing Batu,Hemipus hirundinaceus,NA,Least concern,1
1498,Kadalan Birah,Phaenicophaeus curvirostris,NA,Least concern,1
1498,Kedasi Hitam,Surniculus lugubris,NA,Least concern,1
1498,Merbah Cerukcuk,Pycnonotus goiavier,NA,Least concern,1
1498,Paok Pancawarna,Hydrornis guajanus,NA,Least concern,1
1498,Pelanduk Topi Jawa,Pellorneum capistratum,NA,Least concern,1
1498,Pijantung Gunung,Arachnothera affinis,NA,Least concern,1
1498,Sepah Hutan,Pericrocotus flammeus,NA,Least concern,1
1498,Serindit Jawa,Loriculus pusillus,NA,Near Threatened,1
1498,Takur Tenggeret,Psilopogon australis,NA,Least concern,1
1498,Walet Linci,Collocalia linchi,NA,Least concern,1
1268,Kubung Sunda,Galeopterus variegatus,NA,Least concern,1
1057,Cipoh Kacat,Aegithina tiphia,NA,Least concern,1
1057,Cucak Kutilang,Pycnonotus aurigaster,NA,Least concern,1
1057,Delimukan Zamrud,Chalcophaps indica,NA,Least concern,1
1057,Merbah Corok Corok,Pycnonotus simplex,NA,Least concern,1
1057,Pelanduk Topi Jawa,Pellorneum capistratum,NA,Least concern,1
1057,Sepah Kecil,Pericrocotus cinnamomeus,NA,Least concern,1
1057,Serindit Jawa,Loriculus pusillus,NA,Near Threatened,1
1057,Takur Tenggeret,Psilopogon australis,NA,Least concern,1
1162,Kadalan Birah,Phaenicophaeus curvirostris,NA,Least concern,1
1162,Takur Tenggeret,Psilopogon australis,NA,Least concern,1
1269,Cinenen Pisang,Orthotomus sutorius,NA,Least concern,1
1269,Kedasi Hitam,Surniculus lugubris,NA,Least concern,1
1269,Serindit Jawa,Loriculus pusillus,NA,Near Threatened,1
1269,Takur Tenggeret,Psilopogon australis,NA,Least concern,1
1384,Cabai Bunga Api,Dicaeum trigonostigma,NA,Least concern,1
1384,Cekakak Jawa,Halcyon cyanoventris,NA,Least concern,1
1384,Cipoh Kacat,Aegithina tiphia,NA,Least concern,1
1384,Merbah Corok Corok,Pycnonotus simplex,NA,Least concern,1
1384,Takur Tulung Tumpuk,Psilopogon javensis,NA,Least concern,1
1384,Wiwik Kelabu,Cacomantis merulinus,NA,Least concern,1
1499,Burung Madu Kelapa,Anthreptes malacensis,NA,Least concern,1
1499,Burung Madu Sriganti,Cinnyris ornatus,NA,Least concern,1
1499,Cinenen Kelabu,Orthotomus ruficeps,NA,Least concern,1
1499,Cinenen Pisang,Orthotomus sutorius,NA,Least concern,1
1499,Delimukan Zamrud,Chalcophaps indica,NA,Least concern,1
1499,Gelatik Batu Kelabu,Parus major,NA,Least concern,1
1499,Kadalan Birah,Phaenicophaeus curvirostris,NA,Least concern,1
1499,Kancilan Bakau,Pachycephala cinerea,NA,Least concern,1
1499,Pelanduk Topi Jawa,Pellorneum capistratum,NA,Least concern,1
1499,Pijantung Gunung,Arachnothera affinis,NA,Least concern,1
1499,Sepah Hutan,Pericrocotus flammeus,NA,Least concern,1
1499,Serindit Jawa,Loriculus pusillus,NA,Near Threatened,1
1499,Takur Tenggeret,Psilopogon australis,NA,Least concern,1
1499,Walet Linci,Collocalia linchi,NA,Least concern,1
1058,Bubut Besar,Centropus sinensis,NA,Least concern,1
1058,Cabai Bunga Api,Dicaeum trigonostigma,NA,Least concern,1
1058,Cekakak Sungai,Todiramphus chloris,NA,Least concern,1
1058,Delimukan Zamrud,Chalcophaps indica,NA,Least concern,1
1058,Merbah Corok Corok,Pycnonotus simplex,NA,Least concern,1
1058,Serindit Jawa,Loriculus pusillus,NA,Near Threatened,1
1058,Takur Tenggeret,Psilopogon australis,NA,Least concern,1
1058,Takur Tulung Tumpuk,Psilopogon javensis,NA,Least concern,1
1163,Cipoh Kacat,Aegithina tiphia,NA,Least concern,1
1163,Cucak Kutilang,Pycnonotus aurigaster,NA,Least concern,1
1163,Delimukan Zamrud,Chalcophaps indica,NA,Least concern,1
1163,Jingjing Batu,Hemipus hirundinaceus,NA,Least concern,1
1163,Pijantung Gunung,Arachnothera affinis,NA,Least concern,1
1163,Sepah Kecil,Pericrocotus cinnamomeus,NA,Least concern,1
1270,Sepah Hutan,Pericrocotus flammeus,NA,Least concern,2
1270,Sikatan Emas,Ficedula zanthopygia,NA,Least concern,1
1270,Takur Tenggeret,Psilopogon australis,NA,Least concern,1
1270,Takur Tulung Tumpuk,Psilopogon javensis,NA,Least concern,1
1385,Merbah Corok Corok,Pycnonotus simplex,NA,Least concern,1
1385,Takur Tenggeret,Psilopogon australis,NA,Least concern,1
1385,Takur Tulung Tumpuk,Psilopogon javensis,NA,Least concern,1
1500,Burung Madu Kelapa,Anthreptes malacensis,NA,Least concern,1
1500,Delimukan Zamrud,Chalcophaps indica,NA,Least concern,2
1500,Munguk Beledu,Sitta frontalis,NA,Least concern,1
1500,Takur Tenggeret,Psilopogon australis,NA,Least concern,1
1059,Landak,Hystrix javanica,NA,Least concern,1
1059,Luwak,Paradoxurus hermaphroditus,NA,Least concern,1
1386,Codot krawar,Cynopterus brachyotis,NA,Least concern,1
1386,Luwak,Paradoxurus hermaphroditus,NA,Least concern,1
1060,Cipoh Kacat,Aegithina tiphia,NA,Least concern,1
1060,Cucak Kutilang,Pycnonotus aurigaster,NA,Least concern,1
1060,Delimukan Zamrud,Chalcophaps indica,NA,Least concern,1
1060,Merbah Corok Corok,Pycnonotus simplex,NA,Least concern,1
1060,Paok Pancawarna,Hydrornis guajanus,NA,Least concern,1
1060,Pelatuk Besi,Dinopium javanense,NA,Least concern,1
1060,Serindit Jawa,Loriculus pusillus,NA,Near Threatened,1
1060,Takur Tenggeret,Psilopogon australis,NA,Least concern,1
1060,Takur Tulung Tumpuk,Psilopogon javensis,NA,Least concern,1
1060,Takur Ungkut Ungkut,Psilopogon haemacephalus,NA,Least concern,1
1164,Cinenen Pisang,Orthotomus sutorius,NA,Least concern,1
1164,Cipoh Kacat,Aegithina tiphia,NA,Least concern,1
1164,Jingjing Batu,Hemipus hirundinaceus,NA,Least concern,1
1164,Kadalan Birah,Phaenicophaeus curvirostris,NA,Least concern,1
1164,Merbah Corok Corok,Pycnonotus simplex,NA,Least concern,1
1164,Pijantung Gunung,Arachnothera affinis,NA,Least concern,1
1164,Sepah Hutan,Pericrocotus flammeus,NA,Least concern,1
1164,Serindit Jawa,Loriculus pusillus,NA,Near Threatened,1
1164,Takur Tenggeret,Psilopogon australis,NA,Least concern,1
1271,Layang Layang Batu,Hirundo javanica,NA,Least concern,1
1271,Sepah Hutan,Pericrocotus flammeus,NA,Least concern,1
1271,Sikep Madu Asia,Pernis ptilorhynchus,NA,Least concern,1
1271,Takur Tenggeret,Psilopogon australis,NA,Least concern,1
1387,Cinenen Pisang,Orthotomus sutorius,NA,Least concern,1
1387,Merbah Corok Corok,Pycnonotus simplex,NA,Least concern,1
1387,Punai Gading,Treron vernans,NA,Least concern,1
1387,Serindit Jawa,Loriculus pusillus,NA,Near Threatened,1
1387,Takur Tenggeret,Psilopogon australis,NA,Least concern,1
1387,Takur Tulung Tumpuk,Psilopogon javensis,NA,Least concern,1
1501,Cabai Bunga Api,Dicaeum trigonostigma,NA,Least concern,1
1501,Caladi Tilik,Dendrocopos moluccensis,NA,Least concern,1
1501,Cinenen Pisang,Orthotomus sutorius,NA,Least concern,1
1501,Cipoh Kacat,Aegithina tiphia,NA,Least concern,1
1501,Kadalan Kembang,Phaenicophaeus javanicus,NA,Least concern,1
1501,Kehicap Ranting,Hypothymis azurea,NA,Least concern,1
1501,Merbah Corok Corok,Pycnonotus simplex,NA,Least concern,1
1501,Paok Pancawarna,Hydrornis guajanus,NA,Least concern,1
1501,Pijantung Kecil,Arachnothera longirostra,NA,Least concern,1
1501,Sepah Hutan,Pericrocotus flammeus,NA,Least concern,1
1501,Takur Tenggeret,Psilopogon australis,NA,Least concern,1
1501,Takur Tulung Tumpuk,Psilopogon javensis,NA,Least concern,1
1501,Tepekong Jambul,Hemiprocne longipennis,NA,Least concern,1
1501,Walik Kembang,Ptilinopus melanospilus,NA,Least concern,1
1272,Lutung Jawa,Trachypithecus auratus,NA,Vulnerable,1
1061,Cinenen Pisang,Orthotomus sutorius,NA,Least concern,1
1061,Cipoh Kacat,Aegithina tiphia,NA,Least concern,1
1061,Cucak Kuricang,Brachypodius atriceps,NA,Least concern,1
1061,Delimukan Zamrud,Chalcophaps indica,NA,Least concern,1
1061,Merbah Corok Corok,Pycnonotus simplex,NA,Least concern,1
1061,Paok Pancawarna,Hydrornis guajanus,NA,Least concern,1
1061,Pelanduk Topi Jawa,Pellorneum capistratum,NA,Least concern,1
1061,Pelatuk Besi,Dinopium javanense,NA,Least concern,1
1061,Sempur Hujan Rimba,Eurylaimus javanicus,NA,Near Threatened,1
1061,Sepah Hutan,Pericrocotus flammeus,NA,Least concern,1
1061,Serindit Jawa,Loriculus pusillus,NA,Near Threatened,1
1061,Takur Tenggeret,Psilopogon australis,NA,Least concern,1
1061,Takur Tulung Tumpuk,Psilopogon javensis,NA,Least concern,1
1165,Cipoh Kacat,Aegithina tiphia,NA,Least concern,1
1165,Merbah Corok Corok,Pycnonotus simplex,NA,Least concern,2
1165,Pijantung Gunung,Arachnothera affinis,NA,Least concern,1
1165,Takur Tenggeret,Psilopogon australis,NA,Least concern,1
1165,Tepekong Jambul,Hemiprocne longipennis,NA,Least concern,1
1273,Cucak Kutilang,Pycnonotus aurigaster,NA,Least concern,1
1273,Jingjing Petulak,Tephrodornis virgatus,NA,Least concern,1
1273,Layang Layang Batu,Hirundo javanica,NA,Least concern,1
1273,Sepah Hutan,Pericrocotus flammeus,NA,Least concern,1
1273,Takur Tenggeret,Psilopogon australis,NA,Least concern,1
1388,Bubut Besar,Centropus sinensis,NA,Least concern,1
1388,Cinenen Pisang,Orthotomus sutorius,NA,Least concern,1
1388,Kadalan Birah,Phaenicophaeus curvirostris,NA,Least concern,1
1388,Merbah Corok Corok,Pycnonotus simplex,NA,Least concern,1
1388,Pijantung Kecil,Arachnothera longirostra,NA,Least concern,1
1388,Sepah Hutan,Pericrocotus flammeus,NA,Least concern,1
1388,Takur Tulung Tumpuk,Psilopogon javensis,NA,Least concern,1
1388,Takur Ungkut Ungkut,Psilopogon haemacephalus,NA,Least concern,1
1388,Walik Kembang,Ptilinopus melanospilus,NA,Least concern,1
1502,Cabai Bunga Api,Dicaeum trigonostigma,NA,Least concern,1
1502,Cinenen Pisang,Orthotomus sutorius,NA,Least concern,1
1502,Cipoh Kacat,Aegithina tiphia,NA,Least concern,1
1502,Kancilan Bakau,Pachycephala cinerea,NA,Least concern,1
1502,Merbah Corok Corok,Pycnonotus simplex,NA,Least concern,1
1502,Sempur Hujan Rimba,Eurylaimus javanicus,NA,Least concern,1
1502,Sepah Hutan,Pericrocotus flammeus,NA,Least concern,1
1502,Sepah Kecil,Pericrocotus cinnamomeus,NA,Least concern,1
1502,Takur Tenggeret,Psilopogon australis,NA,Least concern,1
1502,Takur Tulung Tumpuk,Psilopogon javensis,NA,Least concern,1
1502,Walet Linci,Collocalia linchi,NA,Least concern,1
1502,Walik Kembang,Ptilinopus melanospilus,NA,Least concern,1
1062,Cipoh Kacat,Aegithina tiphia,NA,Least concern,1
1062,Cucak Kutilang,Pycnonotus aurigaster,NA,Least concern,1
1062,Jingjing Batu,Hemipus hirundinaceus,NA,Least concern,1
1062,Merbah Corok Corok,Pycnonotus simplex,NA,Least concern,1
1062,Takur Tenggeret,Psilopogon australis,NA,Least concern,1
1062,Takur Tulung Tumpuk,Psilopogon javensis,NA,Least concern,1
1166,Cipoh Kacat,Aegithina tiphia,NA,Least concern,1
1166,Merbah Corok Corok,Pycnonotus simplex,NA,Least concern,1
1166,Paok Pancawarna,Hydrornis guajanus,NA,Least concern,1
1274,Cabai Bunga Api,Dicaeum trigonostigma,NA,Least concern,1
1274,Jingjing Batu,Hemipus hirundinaceus,NA,Least concern,1
1274,Sepah Hutan,Pericrocotus flammeus,NA,Least concern,1
1274,Takur Tenggeret,Psilopogon australis,NA,Least concern,1
1389,Bubut Besar,Centropus sinensis,NA,Least concern,1
1389,Cipoh Kacat,Aegithina tiphia,NA,Least concern,1
1389,Jingjing Batu,Hemipus hirundinaceus,NA,Least concern,1
1389,Merbah Corok Corok,Pycnonotus simplex,NA,Least concern,1
1389,Takur Tulung Tumpuk,Psilopogon javensis,NA,Least concern,1
1503,Cekakak Batu,Lacedo pulchella,NA,Least concern,1
1503,Cipoh Kacat,Aegithina tiphia,NA,Least concern,1
1503,Kancilan Bakau,Pachycephala cinerea,NA,Least concern,1
1503,Pelatuk Besi,Dinopium javanense,NA,Least concern,1
1503,Sempur Hujan Rimba,Eurylaimus javanicus,NA,Least concern,1
1503,Takur Tenggeret,Psilopogon australis,NA,Least concern,1
1503,Takur Ungkut Ungkut,Psilopogon haemacephalus,NA,Least concern,1
1503,Walik Kembang,Ptilinopus melanospilus,NA,Least concern,1
1503,Wiwik Rimba,Cacomantis variolosus,NA,Least concern,1
1504,Bajing Terbang Jawa,Iomys horsfieldii,NA,Least concern,1
1063,Delimukan Zamrud,Chalcophaps indica,NA,Least concern,1
1063,Kedasi Hitam,Surniculus lugubris,NA,Least concern,1
1063,Merbah Corok Corok,Pycnonotus simplex,NA,Least concern,1
1063,Paok Pancawarna,Hydrornis guajanus,NA,Least concern,1
1063,Pijantung Kecil,Arachnothera longirostra,NA,Least concern,1
1063,Sepah Kecil,Pericrocotus cinnamomeus,NA,Least concern,1
1063,Serindit Jawa,Loriculus pusillus,NA,Near Threatened,1
1063,Takur Tenggeret,Psilopogon australis,NA,Least concern,1
1063,Takur Tulung Tumpuk,Psilopogon javensis,NA,Least concern,1
1167,Cucak Kuning,Rubigula dispar,NA,Vulnerable,1
1167,Merbah Corok Corok,Pycnonotus simplex,NA,Least concern,1
1167,Pijantung Kecil,Arachnothera longirostra,NA,Least concern,1
1167,Takur Tenggeret,Psilopogon australis,NA,Least concern,2
1275,Takur Tenggeret,Psilopogon australis,NA,Least concern,1
1275,Takur Tulung Tumpuk,Psilopogon javensis,NA,Least concern,1
1390,Cipoh Kacat,Aegithina tiphia,NA,Least concern,1
1390,Merbah Corok Corok,Pycnonotus simplex,NA,Least concern,1
1390,Punai Penganten,Treron griseicauda,NA,Least concern,1
1390,Sikatan Burik,Muscicapa griseisticta,NA,Least concern,1
1390,Takur Tulung Tumpuk,Psilopogon javensis,NA,Least concern,1
1505,Burung Madu Kelapa,Anthreptes malacensis,NA,Least concern,1
1505,Cinenen Pisang,Orthotomus sutorius,NA,Least concern,1
1505,Cucak Kutilang,Pycnonotus aurigaster,NA,Least concern,1
1505,Kancilan Bakau,Pachycephala cinerea,NA,Least concern,1
1505,Merbah Corok Corok,Pycnonotus simplex,NA,Least concern,1
1505,Pijantung Kecil,Arachnothera longirostra,NA,Least concern,1
1505,Takur Tenggeret,Psilopogon australis,NA,Least concern,1
1505,Walet Linci,Collocalia linchi,NA,Least concern,1
1064,Cinenen Pisang,Orthotomus sutorius,NA,Least concern,1
1064,Cucak Kutilang,Pycnonotus aurigaster,NA,Least concern,1
1064,Jingjing Batu,Hemipus hirundinaceus,NA,Least concern,1
1064,Merbah Corok Corok,Pycnonotus simplex,NA,Least concern,1
1064,Takur Tenggeret,Psilopogon australis,NA,Least concern,1
1168,Cipoh Kacat,Aegithina tiphia,NA,Least concern,1
1168,Takur Tenggeret,Psilopogon australis,NA,Least concern,1
1168,Walet Linci,Collocalia linchi,NA,Least concern,1
1276,Elang Ular Bido,Spilornis cheela,NA,Least concern,1
1276,Takur Tenggeret,Psilopogon australis,NA,Least concern,1
1391,Cekakak Jawa,Halcyon cyanoventris,NA,Least concern,1
1391,Cinenen Pisang,Orthotomus sutorius,NA,Least concern,1
1391,Cipoh Kacat,Aegithina tiphia,NA,Least concern,1
1391,Takur Tenggeret,Psilopogon australis,NA,Least concern,1
1391,Takur Ungkut Ungkut,Psilopogon haemacephalus,NA,Least concern,1
1506,Burung Madu Kelapa,Anthreptes malacensis,NA,Least concern,1
1506,Cabai Jawa,Dicaeum trochileum,NA,Least concern,1
1506,Cinenen Pisang,Orthotomus sutorius,NA,Least concern,1
1506,Cipoh Kacat,Aegithina tiphia,NA,Least concern,1
1506,Cucak Kutilang,Pycnonotus aurigaster,NA,Least concern,1
1506,Sepah Kecil,Pericrocotus cinnamomeus,NA,Least concern,1
1506,Walet Linci,Collocalia linchi,NA,Least concern,1
1506,Walik Kembang,Ptilinopus melanospilus,NA,Least concern,1
1065,Cabai Bunga Api,Dicaeum trigonostigma,NA,Least concern,1
1065,Cekakak Sungai,Todiramphus chloris,NA,Least concern,1
1065,Cucak Kutilang,Pycnonotus aurigaster,NA,Least concern,1
1065,Kedasi Hitam,Surniculus lugubris,NA,Least concern,1
1065,Merbah Corok Corok,Pycnonotus simplex,NA,Least concern,1
1065,Paok Pancawarna,Hydrornis guajanus,NA,Least concern,1
1277,Cipoh Kacat,Aegithina tiphia,NA,Least concern,1
1277,Jingjing Batu,Hemipus hirundinaceus,NA,Least concern,1
1277,Merbah Corok Corok,Pycnonotus simplex,NA,Least concern,1
1392,Cabai Bunga Api,Dicaeum trigonostigma,NA,Least concern,1
1392,Cipoh Kacat,Aegithina tiphia,NA,Least concern,1
1392,Punai Penganten,Treron griseicauda,NA,Least concern,1
1392,Takur Tenggeret,Psilopogon australis,NA,Least concern,1
1507,Burung Madu Kelapa,Anthreptes malacensis,NA,Least concern,1
1507,Cabai Bunga Api,Dicaeum trigonostigma,NA,Least concern,1
1507,Cekakak Jawa,Halcyon cyanoventris,NA,Least concern,1
1507,Cinenen Pisang,Orthotomus sutorius,NA,Least concern,1
1507,Cipoh Kacat,Aegithina tiphia,NA,Least concern,1
1507,Kancilan Bakau,Pachycephala cinerea,NA,Least concern,1
1507,Paok Pancawarna,Hydrornis guajanus,NA,Least concern,1
1507,Pelanduk Topi Jawa,Pellorneum capistratum,NA,Least concern,1
1507,Pijantung Kecil,Arachnothera longirostra,NA,Least concern,1
1507,Serindit Jawa,Loriculus pusillus,NA,Near Threatened,1
1507,Takur Tenggeret,Psilopogon australis,NA,Least concern,1
1507,Walet Linci,Collocalia linchi,NA,Least concern,1
1507,Walik Kembang,Ptilinopus melanospilus,NA,Least concern,1
1507,Wiwik Lurik,Cacomantis sonneratii,NA,Least concern,1
1507,Wiwik Rimba,Cacomantis variolosus,NA,Least concern,1
1393,Codot krawar,Cynopterus brachyotis,NA,Least concern,1
1066,Cabai Bunga Api,Dicaeum trigonostigma,NA,Least concern,1
1066,Cinenen Pisang,Orthotomus sutorius,NA,Least concern,1
1066,Cipoh Kacat,Aegithina tiphia,NA,Least concern,1
1066,Pijantung Kecil,Arachnothera longirostra,NA,Least concern,1
1066,Takur Tenggeret,Psilopogon australis,NA,Least concern,1
1066,Takur Tulung Tumpuk,Psilopogon javensis,NA,Least concern,1
1169,Bondol Jawa,Lonchura leucogastroides,NA,Least concern,1
1278,Cabai Bunga Api,Dicaeum trigonostigma,NA,Least concern,1
1278,Jingjing Batu,Hemipus hirundinaceus,NA,Least concern,1
1278,Takur Tenggeret,Psilopogon australis,NA,Least concern,1
1394,Bubut Besar,Centropus sinensis,NA,Least concern,1
1394,Cabai Bunga Api,Dicaeum trigonostigma,NA,Least concern,1
1394,Pijantung Kecil,Arachnothera longirostra,NA,Least concern,1
1394,Sepah Hutan,Pericrocotus flammeus,NA,Least concern,1
1394,Takur Tenggeret,Psilopogon australis,NA,Least concern,1
1508,Cabai Bunga Api,Dicaeum trigonostigma,NA,Least concern,1
1508,Cekakak Jawa,Halcyon cyanoventris,NA,Least concern,1
1508,Pijantung Kecil,Arachnothera longirostra,NA,Least concern,1
1508,Raja Udang Meninting,Alcedo meninting,NA,Least concern,1
1508,Takur Tenggeret,Psilopogon australis,NA,Least concern,1
1067,Cinenen Pisang,Orthotomus sutorius,NA,Least concern,1
1067,Merbah Corok Corok,Pycnonotus simplex,NA,Least concern,1
1067,Paok Pancawarna,Hydrornis guajanus,NA,Least concern,1
1067,Pijantung Kecil,Arachnothera longirostra,NA,Least concern,1
1067,Serindit Jawa,Loriculus pusillus,NA,Near Threatened,1
1067,Takur Tenggeret,Psilopogon australis,NA,Least concern,1
1067,Uncal Buau,Macropygia emiliana,NA,Least concern,1
1170,Cucak Kutilang,Pycnonotus aurigaster,NA,Least concern,1
1170,Jingjing Batu,Hemipus hirundinaceus,NA,Least concern,1
1170,Paok Pancawarna,Hydrornis guajanus,NA,Least concern,1
1170,Pelatuk Besi,Dinopium javanense,NA,Least concern,1
1170,Pijantung Gunung,Arachnothera affinis,NA,Least concern,1
1170,Punai Penganten,Treron griseicauda,NA,Least concern,1
1170,Sepah Hutan,Pericrocotus flammeus,NA,Least concern,1
1170,Takur Tenggeret,Psilopogon australis,NA,Least concern,1
1279,Cipoh Kacat,Aegithina tiphia,NA,Least concern,1
1279,Elang Ular Bido,Spilornis cheela,NA,Least concern,1
1279,Jingjing Batu,Hemipus hirundinaceus,NA,Least concern,1
1279,Takur Tenggeret,Psilopogon australis,NA,Least concern,1
1279,Takur Tohtor,Psilopogon armillaris,NA,Least concern,1
1279,Takur Tulung Tumpuk,Psilopogon javensis,NA,Least concern,2
1395,Cabai Bunga Api,Dicaeum trigonostigma,NA,Least concern,1
1395,Cipoh Kacat,Aegithina tiphia,NA,Least concern,1
1395,Merbah Belukar,Pycnonotus plumosus,NA,Least concern,1
1395,Takur Tenggeret,Psilopogon australis,NA,Least concern,1
1395,Takur Tulung Tumpuk,Psilopogon javensis,NA,Least concern,1
1509,Cabai Jawa,Dicaeum trochileum,NA,Least concern,1
1509,Cekakak Batu,Lacedo pulchella,NA,Least concern,1
1509,Cipoh Kacat,Aegithina tiphia,NA,Least concern,1
1509,Cucak Kutilang,Pycnonotus aurigaster,NA,Least concern,1
1509,Merbah Corok Corok,Pycnonotus simplex,NA,Least concern,1
1509,Paok Pancawarna,Hydrornis guajanus,NA,Least concern,1
1509,Pijantung Kecil,Arachnothera longirostra,NA,Least concern,1
1509,Sepah Hutan,Pericrocotus flammeus,NA,Least concern,1
1509,Takur Tenggeret,Psilopogon australis,NA,Least concern,1
1509,Takur Ungkut Ungkut,Psilopogon haemacephalus,NA,Least concern,1
1510,Codot krawar,Cynopterus brachyotis,NA,Least concern,1
1068,Bubut Besar,Centropus sinensis,NA,Least concern,1
1068,Cinenen Pisang,Orthotomus sutorius,NA,Least concern,1
1068,Merbah Corok Corok,Pycnonotus simplex,NA,Least concern,1
1068,Pijantung Kecil,Arachnothera longirostra,NA,Least concern,1
1068,Sepah Hutan,Pericrocotus flammeus,NA,Least concern,1
1068,Takur Tenggeret,Psilopogon australis,NA,Least concern,1
1280,Jingjing Batu,Hemipus hirundinaceus,NA,Least concern,1
1280,Kedasi Ungu,Chrysococcyx xanthorhynchus,NA,Least concern,1
1280,Sepah Hutan,Pericrocotus flammeus,NA,Least concern,2
1280,Takur Tohtor,Psilopogon armillaris,NA,Least concern,1
1396,Cinenen Pisang,Orthotomus sutorius,NA,Least concern,1
1396,Cipoh Kacat,Aegithina tiphia,NA,Least concern,1
1396,Cucak Kutilang,Pycnonotus aurigaster,NA,Least concern,1
1396,Jingjing Batu,Hemipus hirundinaceus,NA,Least concern,1
1396,Kadalan Birah,Phaenicophaeus curvirostris,NA,Least concern,1
1396,Merbah Corok Corok,Pycnonotus simplex,NA,Least concern,1
1396,Sepah Hutan,Pericrocotus flammeus,NA,Least concern,1
1396,Takur Tenggeret,Psilopogon australis,NA,Least concern,1
1511,Burung Madu Kelapa,Anthreptes malacensis,NA,Least concern,1
1511,Cinenen Kelabu,Orthotomus ruficeps,NA,Least concern,1
1511,Cipoh Kacat,Aegithina tiphia,NA,Least concern,1
1511,Jingjing Batu,Hemipus hirundinaceus,NA,Least concern,1
1511,Kadalan Birah,Phaenicophaeus curvirostris,NA,Least concern,1
1511,Merbah Corok Corok,Pycnonotus simplex,NA,Least concern,1
1511,Paok Pancawarna,Hydrornis guajanus,NA,Least concern,1
1511,Sempur Hujan Rimba,Eurylaimus javanicus,NA,Least concern,1
1511,Sepah Hutan,Pericrocotus flammeus,NA,Least concern,1
1511,Serindit Jawa,Loriculus pusillus,NA,Near Threatened,1
1511,Takur Tenggeret,Psilopogon australis,NA,Least concern,1
1511,Tepekong Jambul,Hemiprocne longipennis,NA,Least concern,1
1511,Walet Linci,Collocalia linchi,NA,Least concern,1
1281,Bajing Terbang Jawa,Iomys horsfieldii,NA,Least concern,1
1512,Kukang Jawa,Nycticebus javanicus,NA,Critically endangered,1
1069,Cabai Bunga Api,Dicaeum trigonostigma,NA,Least concern,1
1069,Cipoh Kacat,Aegithina tiphia,NA,Least concern,1
1069,Delimukan Zamrud,Chalcophaps indica,NA,Least concern,1
1069,Merbah Corok Corok,Pycnonotus simplex,NA,Least concern,1
1069,Paok Pancawarna,Hydrornis guajanus,NA,Least concern,1
1069,Pijantung Kecil,Arachnothera longirostra,NA,Least concern,1
1069,Takur Tenggeret,Psilopogon australis,NA,Least concern,1
1069,Tepekong Jambul,Hemiprocne longipennis,NA,Least concern,1
1171,Udang Api,Ceyx rufidorsa,NA,Least concern,1
1282,Cipoh Kacat,Aegithina tiphia,NA,Least concern,1
1282,Delimukan Zamrud,Chalcophaps indica,NA,Least concern,1
1282,Sepah Hutan,Pericrocotus flammeus,NA,Least concern,1
1282,Takur Tulung Tumpuk,Psilopogon javensis,NA,Least concern,1
1397,Cabai Bunga Api,Dicaeum trigonostigma,NA,Least concern,1
1397,Cinenen Pisang,Orthotomus sutorius,NA,Least concern,1
1397,Cucak Kutilang,Pycnonotus aurigaster,NA,Least concern,1
1397,Merbah Corok Corok,Pycnonotus simplex,NA,Least concern,1
1397,Takur Tenggeret,Psilopogon australis,NA,Least concern,1
1513,Cabai Bunga Api,Dicaeum trigonostigma,NA,Least concern,1
1513,Jingjing Batu,Hemipus hirundinaceus,NA,Least concern,1
1513,Jingjing Petulak,Tephrodornis virgatus,NA,Least concern,1
1513,Merbah Corok Corok,Pycnonotus simplex,NA,Least concern,1
1513,Takur Tenggeret,Psilopogon australis,NA,Least concern,1
1513,Takur Ungkut Ungkut,Psilopogon haemacephalus,NA,Least concern,1
1513,Tepekong Jambul,Hemiprocne longipennis,NA,Least concern,1
1513,Walet Linci,Collocalia linchi,NA,Least concern,1
1283,Bajing kelapa,Callosciurus notatus,NA,Least concern,1
1070,Jingjing Batu,Hemipus hirundinaceus,NA,Least concern,1
1070,Kehicap Ranting,Hypothymis azurea,NA,Least concern,1
1070,Merbah Corok Corok,Pycnonotus simplex,NA,Least concern,1
1070,Takur Tenggeret,Psilopogon australis,NA,Least concern,1
1070,Takur Ungkut Ungkut,Psilopogon haemacephalus,NA,Least concern,1
1070,Walik Kembang,Ptilinopus melanospilus,NA,Least concern,1
1172,Celepuk Reban,Otus lempiji,NA,Least concern,1
1172,Kadalan Birah,Phaenicophaeus curvirostris,NA,Least concern,1
1172,Paok Pancawarna,Hydrornis guajanus,NA,Least concern,1
1284,Alap Alap Capung,Microhierax fringillarius,NA,Least concern,1
1284,Cabai Bunga Api,Dicaeum trigonostigma,NA,Least concern,1
1284,Takur Tulung Tumpuk,Psilopogon javensis,NA,Least concern,1
1398,Cabai Jawa,Dicaeum trochileum,NA,Least concern,1
1398,Elang Ular Bido,Spilornis cheela,NA,Least concern,1
1398,Kadalan Birah,Phaenicophaeus curvirostris,NA,Least concern,1
1398,Pijantung Kecil,Arachnothera longirostra,NA,Least concern,1
1398,Takur Tenggeret,Psilopogon australis,NA,Least concern,1
1398,Takur Ungkut Ungkut,Psilopogon haemacephalus,NA,Least concern,1
1514,Burung Madu Kelapa,Anthreptes malacensis,NA,Least concern,1
1514,Burung Madu Sriganti,Cinnyris ornatus,NA,Least concern,1
1514,Cipoh Kacat,Aegithina tiphia,NA,Least concern,1
1514,Merbah Corok Corok,Pycnonotus simplex,NA,Least concern,1
1514,Sepah Hutan,Pericrocotus flammeus,NA,Least concern,1
1514,Serindit Jawa,Loriculus pusillus,NA,Near Threatened,1
1514,Takur Tenggeret,Psilopogon australis,NA,Least concern,1
1514,Takur Tulung Tumpuk,Psilopogon javensis,NA,Least concern,1
1514,Tepekong Jambul,Hemiprocne longipennis,NA,Least concern,1
1071,Luwak,Paradoxurus hermaphroditus,NA,Least concern,1
1399,Walang kopo/tupai terbang,Petaurus breviceps,NA,Least concern,1
1515,Bajing Terbang Jawa,Iomys horsfieldii,NA,Least concern,1
1072,Paok Pancawarna,Hydrornis guajanus,NA,Least concern,1
1072,Pelanduk Topi Jawa,Pellorneum capistratum,NA,Least concern,1
1072,Sepah Kecil,Pericrocotus cinnamomeus,NA,Least concern,1
1072,Takur Tenggeret,Psilopogon australis,NA,Least concern,1
1072,Wiwik Kelabu,Cacomantis merulinus,NA,Least concern,1
1173,Cabai Bunga Api,Dicaeum trigonostigma,NA,Least concern,1
1173,Cekakak Jawa,Halcyon cyanoventris,NA,Least concern,1
1173,Pelanduk Topi Jawa,Pellorneum capistratum,NA,Least concern,1
1173,Takur Tenggeret,Psilopogon australis,NA,Least concern,1
1285,Merbah Corok Corok,Pycnonotus simplex,NA,Least concern,2
1285,Takur Tulung Tumpuk,Psilopogon javensis,NA,Least concern,1
1400,Cabai Bunga Api,Dicaeum trigonostigma,NA,Least concern,1
1400,Merbah Corok Corok,Pycnonotus simplex,NA,Least concern,1
1400,Pijantung Kecil,Arachnothera longirostra,NA,Least concern,1
1400,Takur Tenggeret,Psilopogon australis,NA,Least concern,1
1516,Ayam Hutan Hijau,Gallus varius,NA,Least concern,1
1516,Burung Madu Kelapa,Anthreptes malacensis,NA,Least concern,1
1516,Burung Madu Sriganti,Cinnyris ornatus,NA,Least concern,1
1516,Cekakak Sungai,Todiramphus chloris,NA,Least concern,1
1516,Cinenen Pisang,Orthotomus sutorius,NA,Least concern,1
1516,Cipoh Kacat,Aegithina tiphia,NA,Least concern,1
1516,Cucak Kutilang,Pycnonotus aurigaster,NA,Least concern,1
1516,Elang Ular Bido,Spilornis cheela,NA,Least concern,1
1516,Kadalan Kembang,Phaenicophaeus javanicus,NA,Least concern,1
1516,Kedasi Hitam,Surniculus lugubris,NA,Least concern,1
1516,Merbah Corok Corok,Pycnonotus simplex,NA,Least concern,1
1516,Paok Pancawarna,Hydrornis guajanus,NA,Least concern,2
1516,Pelanduk Semak,Malacocincla sepiaria,NA,Least concern,1
1516,Sepah Kecil,Pericrocotus cinnamomeus,NA,Least concern,1
1516,Serindit Jawa,Loriculus pusillus,NA,Near Threatened,1
1516,Takur Tenggeret,Psilopogon australis,NA,Least concern,1
1516,Walet Linci,Collocalia linchi,NA,Least concern,1
1286,Bajing Terbang Jawa,Iomys horsfieldii,NA,Least concern,1
1073,Cabai Bunga Api,Dicaeum trigonostigma,NA,Least concern,1
1073,Cekakak Sungai,Todiramphus chloris,NA,Least concern,1
1073,Cipoh Kacat,Aegithina tiphia,NA,Least concern,1
1073,Cucak Kutilang,Pycnonotus aurigaster,NA,Least concern,1
1073,Delimukan Zamrud,Chalcophaps indica,NA,Least concern,1
1073,Jingjing Batu,Hemipus hirundinaceus,NA,Least concern,1
1073,Kadalan Birah,Phaenicophaeus curvirostris,NA,Least concern,1
1073,Kedasi Ungu,Chrysococcyx xanthorhynchus,NA,Least concern,1
1073,Merbah Corok Corok,Pycnonotus simplex,NA,Least concern,1
1073,Paok Pancawarna,Hydrornis guajanus,NA,Least concern,1
1073,Pijantung Kecil,Arachnothera longirostra,NA,Least concern,1
1073,Sepah Kecil,Pericrocotus cinnamomeus,NA,Least concern,1
1073,Takur Tenggeret,Psilopogon australis,NA,Least concern,1
1073,Takur Ungkut Ungkut,Psilopogon haemacephalus,NA,Least concern,1
1174,Cekakak Jawa,Halcyon cyanoventris,NA,Least concern,1
1174,Cipoh Kacat,Aegithina tiphia,NA,Least concern,1
1174,Cucak Kutilang,Pycnonotus aurigaster,NA,Least concern,1
1174,Jingjing Batu,Hemipus hirundinaceus,NA,Least concern,1
1174,Merbah Corok Corok,Pycnonotus simplex,NA,Least concern,1
1174,Pijantung Gunung,Arachnothera affinis,NA,Least concern,1
1287,Kedasi Hitam,Surniculus lugubris,NA,Least concern,1
1287,Sepah Hutan,Pericrocotus flammeus,NA,Least concern,1
1287,Takur Ungkut Ungkut,Psilopogon haemacephalus,NA,Least concern,1
1401,Caladi Tilik,Dendrocopos moluccensis,NA,Least concern,1
1401,Cekakak Sungai,Todiramphus chloris,NA,Least concern,1
1401,Cipoh Kacat,Aegithina tiphia,NA,Least concern,1
1401,Cucak Kutilang,Pycnonotus aurigaster,NA,Least concern,1
1401,Gagak Hutan,Corvus enca,NA,Least concern,1
1401,Takur Tenggeret,Psilopogon australis,NA,Least concern,1
1401,Takur Tulung Tumpuk,Psilopogon javensis,NA,Least concern,1
1517,Bondol Jawa,Lonchura leucogastroides,NA,Least concern,1
1517,Cabai Bunga Api,Dicaeum trigonostigma,NA,Least concern,1
1517,Cabai Jawa,Dicaeum trochileum,NA,Least concern,1
1517,Cucak Kutilang,Pycnonotus aurigaster,NA,Least concern,1
1517,Jingjing Batu,Hemipus hirundinaceus,NA,Least concern,1
1517,Pelanduk Topi Jawa,Pellorneum capistratum,NA,Least concern,1
1517,Sepah Hutan,Pericrocotus flammeus,NA,Least concern,1
1517,Takur Tenggeret,Psilopogon australis,NA,Least concern,1
1517,Takur Ungkut Ungkut,Psilopogon haemacephalus,NA,Least concern,1
1517,Walet Linci,Collocalia linchi,NA,Least concern,1
1288,Bajing Terbang Jawa,Iomys horsfieldii,NA,Least concern,1
1074,Cabai Bunga Api,Dicaeum trigonostigma,NA,Least concern,1
1074,Cekakak Jawa,Halcyon cyanoventris,NA,Least concern,1
1074,Cinenen Pisang,Orthotomus sutorius,NA,Least concern,1
1074,Delimukan Zamrud,Chalcophaps indica,NA,Least concern,1
1074,Takur Tenggeret,Psilopogon australis,NA,Least concern,1
1074,Takur Ungkut Ungkut,Psilopogon haemacephalus,NA,Least concern,1
1074,Tepekong Jambul,Hemiprocne longipennis,NA,Least concern,1
1175,Merbah Corok Corok,Pycnonotus simplex,NA,Least concern,1
1175,Pelatuk Besi,Dinopium javanense,NA,Least concern,1
1175,Takur Tenggeret,Psilopogon australis,NA,Least concern,1
1289,Cabai Bunga Api,Dicaeum trigonostigma,NA,Least concern,1
1289,Merbah Corok Corok,Pycnonotus simplex,NA,Least concern,1
1289,Sepah Hutan,Pericrocotus flammeus,NA,Least concern,2
1289,Takur Ungkut Ungkut,Psilopogon haemacephalus,NA,Least concern,1
1402,Cabai Bunga Api,Dicaeum trigonostigma,NA,Least concern,1
1402,Cabai Jawa,Dicaeum trochileum,NA,Least concern,1
1402,Merbah Corok Corok,Pycnonotus simplex,NA,Least concern,1
1402,Pijantung Gunung,Arachnothera affinis,NA,Least concern,1
1402,Takur Tenggeret,Psilopogon australis,NA,Least concern,1
1402,Takur Tulung Tumpuk,Psilopogon javensis,NA,Least concern,1
1518,Cinenen Pisang,Orthotomus sutorius,NA,Least concern,1
1518,Cipoh Kacat,Aegithina tiphia,NA,Least concern,1
1518,Meninting Besar,Enicurus leschenaulti,NA,Least concern,1
1518,Paok Pancawarna,Hydrornis guajanus,NA,Least concern,1
1518,Takur Tenggeret,Psilopogon australis,NA,Least concern,1
1403,Bajing kelapa,Callosciurus notatus,NA,Least concern,1
1403,Codot krawar,Cynopterus brachyotis,NA,Least concern,1
1403,Walang kopo/tupai terbang,Petaurus breviceps,NA,Least concern,1
1075,Cabai Bunga Api,Dicaeum trigonostigma,NA,Least concern,1
1075,Cekakak Batu,Lacedo pulchella,NA,Least concern,1
1075,Delimukan Zamrud,Chalcophaps indica,NA,Least concern,1
1075,Merbah Corok Corok,Pycnonotus simplex,NA,Least concern,1
1075,Serindit Jawa,Loriculus pusillus,NA,Near Threatened,1
1075,Takur Tenggeret,Psilopogon australis,NA,Least concern,1
1075,Takur Ungkut Ungkut,Psilopogon haemacephalus,NA,Least concern,1
1176,Paok Pancawarna,Hydrornis guajanus,NA,Least concern,1
1176,Takur Tenggeret,Psilopogon australis,NA,Least concern,1
1290,Bondol Jawa,Lonchura leucogastroides,NA,Least concern,1
1290,Punai Penganten,Treron griseicauda,NA,Least concern,1
1290,Sempur Hujan Rimba,Eurylaimus javanicus,NA,Least concern,1
1404,Cabai Bunga Api,Dicaeum trigonostigma,NA,Least concern,1
1404,Cekakak Batu,Lacedo pulchella,NA,Least concern,1
1404,Cipoh Kacat,Aegithina tiphia,NA,Least concern,1
1404,Cucak Kutilang,Pycnonotus aurigaster,NA,Least concern,1
1404,Merbah Corok Corok,Pycnonotus simplex,NA,Least concern,1
1404,Pijantung Kecil,Arachnothera longirostra,NA,Least concern,1
1519,Burung Madu Sriganti,Cinnyris ornatus,NA,Least concern,1
1519,Cinenen Pisang,Orthotomus sutorius,NA,Least concern,1
1519,Cipoh Kacat,Aegithina tiphia,NA,Least concern,1
1519,Merbah Corok Corok,Pycnonotus simplex,NA,Least concern,1
1519,Paok Pancawarna,Hydrornis guajanus,NA,Least concern,1
1519,Pelanduk Topi Jawa,Pellorneum capistratum,NA,Least concern,1
1519,Sepah Hutan,Pericrocotus flammeus,NA,Least concern,1
1519,Takur Tenggeret,Psilopogon australis,NA,Least concern,1
1519,Takur Tulung Tumpuk,Psilopogon javensis,NA,Least concern,1
1519,Takur Ungkut Ungkut,Psilopogon haemacephalus,NA,Least concern,1
1520,Bajing Terbang Jawa,Iomys horsfieldii,NA,Least concern,1
1076,Cabai Bunga Api,Dicaeum trigonostigma,NA,Least concern,1
1076,Cinenen Pisang,Orthotomus sutorius,NA,Least concern,1
1076,Delimukan Zamrud,Chalcophaps indica,NA,Least concern,1
1076,Jingjing Batu,Hemipus hirundinaceus,NA,Least concern,1
1076,Kedasi Hitam,Surniculus lugubris,NA,Least concern,1
1076,Merbah Corok Corok,Pycnonotus simplex,NA,Least concern,1
1076,Takur Tenggeret,Psilopogon australis,NA,Least concern,1
1177,Cekakak Batu,Lacedo pulchella,NA,Least concern,1
1177,Elang Ular Bido,Spilornis cheela,NA,Least concern,1
1291,Bubut Jawa,Centropus nigrorufus,NA,Vulnerable,1
1291,Pijantung Kecil,Arachnothera longirostra,NA,Least concern,1
1291,Punai Penganten,Treron griseicauda,NA,Least concern,1
1405,Cabai Bunga Api,Dicaeum trigonostigma,NA,Least concern,1
1405,Cinenen Pisang,Orthotomus sutorius,NA,Least concern,1
1405,Merbah Corok Corok,Pycnonotus simplex,NA,Least concern,1
1405,Takur Tulung Tumpuk,Psilopogon javensis,NA,Least concern,1
1405,Walet Linci,Collocalia linchi,NA,Least concern,1
1521,Cabai Bunga Api,Dicaeum trigonostigma,NA,Least concern,1
1521,Cabai Polos,Dicaeum concolor,NA,Least concern,1
1521,Cipoh Kacat,Aegithina tiphia,NA,Least concern,1
1521,Merbah Corok Corok,Pycnonotus simplex,NA,Least concern,1
1521,Pijantung Kecil,Arachnothera longirostra,NA,Least concern,1
1521,Takur Tenggeret,Psilopogon australis,NA,Least concern,1
1521,Walet Linci,Collocalia linchi,NA,Least concern,1
1521,Wiwik Rimba,Cacomantis variolosus,NA,Least concern,1
1292,Babi hutan,Sus scrofa,NA,Least concern,1
1077,Cinenen Pisang,Orthotomus sutorius,NA,Least concern,1
1077,Cipoh Kacat,Aegithina tiphia,NA,Least concern,1
1077,Delimukan Zamrud,Chalcophaps indica,NA,Least concern,1
1077,Kedasi Hitam,Surniculus lugubris,NA,Least concern,1
1077,Merbah Corok Corok,Pycnonotus simplex,NA,Least concern,1
1077,Pelanduk Topi Jawa,Pellorneum capistratum,NA,Least concern,1
1077,Takur Tenggeret,Psilopogon australis,NA,Least concern,1
1077,Takur Tulung Tumpuk,Psilopogon javensis,NA,Least concern,1
1178,Cinenen Pisang,Orthotomus sutorius,NA,Least concern,1
1178,Cucak Kutilang,Pycnonotus aurigaster,NA,Least concern,1
1178,Paok Pancawarna,Hydrornis guajanus,NA,Least concern,1
1178,Takur Tenggeret,Psilopogon australis,NA,Least concern,1
1293,Cucak Kutilang,Pycnonotus aurigaster,NA,Least concern,1
1293,Elang Ular Bido,Spilornis cheela,NA,Least concern,1
1293,Kehicap Ranting,Hypothymis azurea,NA,Least concern,1
1293,Merbah Corok Corok,Pycnonotus simplex,NA,Least concern,1
1293,Pijantung Kecil,Arachnothera longirostra,NA,Least concern,1
1293,Punai Penganten,Treron griseicauda,NA,Least concern,1
1406,Cinenen Pisang,Orthotomus sutorius,NA,Least concern,1
1406,Cipoh Kacat,Aegithina tiphia,NA,Least concern,1
1406,Elang Ular Bido,Spilornis cheela,NA,Least concern,1
1406,Kehicap Ranting,Hypothymis azurea,NA,Least concern,1
1406,Merbah Corok Corok,Pycnonotus simplex,NA,Least concern,1
1406,Sikatan Burik,Muscicapa griseisticta,NA,Least concern,1
1406,Takur Tulung Tumpuk,Psilopogon javensis,NA,Least concern,1
1522,Burung Madu Kelapa,Anthreptes malacensis,NA,Least concern,1
1522,Cipoh Kacat,Aegithina tiphia,NA,Least concern,1
1522,Jingjing Batu,Hemipus hirundinaceus,NA,Least concern,1
1522,Julang Emas,Rhyticeros undulatus,NA,Vulnerable,1
1522,Kadalan Birah,Phaenicophaeus curvirostris,NA,Least concern,1
1522,Merbah Corok Corok,Pycnonotus simplex,NA,Least concern,1
1522,Serindit Jawa,Loriculus pusillus,NA,Near Threatened,1
1522,Takur Tenggeret,Psilopogon australis,NA,Least concern,1
1522,Takur Ungkut Ungkut,Psilopogon haemacephalus,NA,Least concern,1
1294,Bajing Terbang Jawa,Iomys horsfieldii,NA,Least concern,1
1078,Cipoh Kacat,Aegithina tiphia,NA,Least concern,1
1078,Merbah Corok Corok,Pycnonotus simplex,NA,Least concern,1
1078,Takur Tenggeret,Psilopogon australis,NA,Least concern,1
1078,Wiwik Rimba,Cacomantis variolosus sepulcralis,NA,Least concern,1
1179,Bondol Jawa,Lonchura leucogastroides,NA,Least concern,1
1179,Cipoh Kacat,Aegithina tiphia,NA,Least concern,1
1179,Cucak Kutilang,Pycnonotus aurigaster,NA,Least concern,1
1179,Gelatik Batu Kelabu,Parus major,NA,Least concern,1
1179,Takur Tenggeret,Psilopogon australis,NA,Least concern,1
1179,Walet Linci,Collocalia linchi,NA,Least concern,1
1295,Elang Ular Bido,Spilornis cheela,NA,Least concern,1
1407,Cabai Bunga Api,Dicaeum trigonostigma,NA,Least concern,1
1407,Cipoh Kacat,Aegithina tiphia,NA,Least concern,1
1407,Cucak Kutilang,Pycnonotus aurigaster,NA,Least concern,1
1407,Kirik Kirik Senja,Merops leschenaulti,NA,Least concern,1
1407,Sepah Hutan,Pericrocotus flammeus,NA,Least concern,1
1407,Takur Tenggeret,Psilopogon australis,NA,Least concern,1
1407,Takur Tulung Tumpuk,Psilopogon javensis,NA,Least concern,1
1523,Burung Madu Kelapa,Anthreptes malacensis,NA,Least concern,1
1523,Cabai Bunga Api,Dicaeum trigonostigma,NA,Least concern,1
1523,Cabai Jawa,Dicaeum trochileum,NA,Least concern,1
1523,Cekakak Jawa,Halcyon cyanoventris,NA,Least concern,1
1523,Cinenen Pisang,Orthotomus sutorius,NA,Least concern,1
1523,Cipoh Kacat,Aegithina tiphia,NA,Least concern,1
1523,Kancilan Bakau,Pachycephala cinerea,NA,Least concern,1
1523,Merbah Corok Corok,Pycnonotus simplex,NA,Least concern,1
1523,Sepah Kecil,Pericrocotus cinnamomeus,NA,Least concern,1
1523,Serindit Jawa,Loriculus pusillus,NA,Near Threatened,1
1523,Takur Tenggeret,Psilopogon australis,NA,Least concern,1
1523,Tepekong Jambul,Hemiprocne longipennis,NA,Least concern,1
1523,Wiwik Lurik,Cacomantis sonneratii,NA,Least concern,1
1006,Kijang biasa,Muntiacus muntjak,NA,Least concern,1
1079,Cipoh Kacat,Aegithina tiphia,NA,Least concern,1
1079,Kedasi Hitam,Surniculus lugubris,NA,Least concern,1
1079,Merbah Corok Corok,Pycnonotus simplex,NA,Least concern,1
1079,Pijantung Kecil,Arachnothera longirostra,NA,Least concern,1
1079,Takur Tenggeret,Psilopogon australis,NA,Least concern,1
1180,Cabai Bunga Api,Dicaeum trigonostigma,NA,Least concern,1
1180,Cipoh Kacat,Aegithina tiphia,NA,Least concern,2
1180,Cucak Kutilang,Pycnonotus aurigaster,NA,Least concern,1
1180,Paok Pancawarna,Hydrornis guajanus,NA,Least concern,1
1180,Wiwik Kelabu,Cacomantis merulinus,NA,Least concern,1
1296,Cipoh Kacat,Aegithina tiphia,NA,Least concern,1
1296,Elang Ular Bido,Spilornis cheela,NA,Least concern,1
1408,Cipoh Kacat,Aegithina tiphia,NA,Least concern,1
1408,Jingjing Batu,Hemipus hirundinaceus,NA,Least concern,1
1408,Pijantung Kecil,Arachnothera longirostra,NA,Least concern,1
1408,Sepah Hutan,Pericrocotus flammeus,NA,Least concern,1
1408,Serindit Jawa,Loriculus pusillus,NA,Near Threatened,1
1408,Takur Tenggeret,Psilopogon australis,NA,Least concern,1
1408,Takur Tulung Tumpuk,Psilopogon javensis,NA,Least concern,1
1524,Cabai Jawa,Dicaeum trochileum,NA,Least concern,1
1524,Cekakak Jawa,Halcyon cyanoventris,NA,Least concern,1
1524,Cucak Kutilang,Pycnonotus aurigaster,NA,Least concern,1
1524,Kancilan Bakau,Pachycephala cinerea,NA,Least concern,1
1524,Merbah Corok Corok,Pycnonotus simplex,NA,Least concern,1
1524,Pijantung Kecil,Arachnothera longirostra,NA,Least concern,1
1524,Takur Tenggeret,Psilopogon australis,NA,Least concern,1
1524,Takur Ungkut Ungkut,Psilopogon haemacephalus,NA,Least concern,1
1524,Wiwik Kelabu,Cacomantis merulinus,NA,Least concern,1
1524,Wiwik Lurik,Cacomantis sonneratii,NA,Least concern,1
1524,Wiwik Rimba,Cacomantis variolosus,NA,Least concern,1
1080,Cipoh Kacat,Aegithina tiphia,NA,Least concern,1
1080,Elang Ular Bido,Spilornis cheela,NA,Least concern,1
1080,Jingjing Batu,Hemipus hirundinaceus,NA,Least concern,1
1080,Merbah Corok Corok,Pycnonotus simplex,NA,Least concern,1
1080,Paok Pancawarna,Hydrornis guajanus,NA,Least concern,1
1080,Pijantung Kecil,Arachnothera longirostra,NA,Least concern,1
1080,Takur Tenggeret,Psilopogon australis,NA,Least concern,1
1181,Cucak Kutilang,Pycnonotus aurigaster,NA,Least concern,1
1181,Paok Pancawarna,Hydrornis guajanus,NA,Least concern,1
1181,Wiwik Rimba,Cacomantis variolosus sepulcralis,NA,Least concern,1
1297,Elang Ular Bido,Spilornis cheela,NA,Least concern,1
1409,Cabai Bunga Api,Dicaeum trigonostigma,NA,Least concern,1
1409,Cinenen Pisang,Orthotomus sutorius,NA,Least concern,1
1409,Pijantung Kecil,Arachnothera longirostra,NA,Least concern,1
1409,Takur Tenggeret,Psilopogon australis,NA,Least concern,1
1525,Cabai Jawa,Dicaeum trochileum,NA,Least concern,1
1525,Cipoh Kacat,Aegithina tiphia,NA,Least concern,1
1525,Merbah Corok Corok,Pycnonotus simplex,NA,Least concern,1
1525,Serindit Jawa,Loriculus pusillus,NA,Near Threatened,1
1525,Sikep Madu Asia,Pernis ptilorhynchus,NA,Least concern,1
1525,Takur Tenggeret,Psilopogon australis,NA,Least concern,1
1298,Kubung Sunda,Galeopterus variegatus,NA,Least concern,1
1081,Cabai Bunga Api,Dicaeum trigonostigma,NA,Least concern,1
1081,Cinenen Pisang,Orthotomus sutorius,NA,Least concern,1
1081,Cucak Kuning,Rubigula dispar,NA,Vulnerable,1
1081,Kadalan Birah,Phaenicophaeus curvirostris,NA,Least concern,1
1081,Merbah Corok Corok,Pycnonotus simplex,NA,Least concern,1
1081,Pijantung Kecil,Arachnothera longirostra,NA,Least concern,1
1081,Takur Tenggeret,Psilopogon australis,NA,Least concern,1
1182,Cipoh Kacat,Aegithina tiphia,NA,Least concern,1
1182,Merbah Corok Corok,Pycnonotus simplex,NA,Least concern,1
1299,Bubut Jawa,Centropus nigrorufus,NA,Vulnerable,1
1299,Elang Ular Bido,Spilornis cheela,NA,Least concern,1
1299,Serindit Jawa,Loriculus pusillus,NA,Near Threatened,1
1299,Sikep Madu Asia,Pernis ptilorhynchus,NA,Least concern,1
1410,Cinenen Pisang,Orthotomus sutorius,NA,Least concern,1
1410,Cipoh Kacat,Aegithina tiphia,NA,Least concern,1
1410,Gemak Loreng,Turnix suscitator,NA,Least concern,1
1410,Pijantung Kecil,Arachnothera longirostra,NA,Least concern,1
1410,Sikatan Burik,Muscicapa griseisticta,NA,Least concern,1
1410,Takur Tenggeret,Psilopogon australis,NA,Least concern,1
1410,Wiwik Kelabu,Cacomantis merulinus,NA,Least concern,1
1526,Cinenen Kelabu,Orthotomus ruficeps,NA,Least concern,1
1526,Cipoh Kacat,Aegithina tiphia,NA,Least concern,1
1526,Merbah Corok Corok,Pycnonotus simplex,NA,Least concern,1
1526,Pijantung Kecil,Arachnothera longirostra,NA,Least concern,1
1526,Sepah Kecil,Pericrocotus cinnamomeus,NA,Least concern,1
1526,Takur Tenggeret,Psilopogon australis,NA,Least concern,1
1526,Wiwik Rimba,Cacomantis variolosus,NA,Least concern,1
1082,Bajing kelapa,Callosciurus notatus,NA,Least concern,1
1527,Bajing Terbang Jawa,Iomys horsfieldii,NA,Least concern,1
1083,Burung Madu Sriganti,Cinnyris jugularis,NA,Least concern,1
1083,Jingjing Batu,Hemipus hirundinaceus,NA,Least concern,1
1083,Paok Pancawarna,Hydrornis guajanus,NA,Least concern,1
1083,Sepah Kecil,Pericrocotus cinnamomeus,NA,Least concern,1
1083,Takur Tenggeret,Psilopogon australis,NA,Least concern,1
1083,Wiwik Rimba,Cacomantis variolosus sepulcralis,NA,Least concern,1
1183,Cabai Bunga Api,Dicaeum trigonostigma,NA,Least concern,1
1183,Cinenen Pisang,Orthotomus sutorius,NA,Least concern,1
1183,Cipoh Kacat,Aegithina tiphia,NA,Least concern,1
1300,Cipoh Kacat,Aegithina tiphia,NA,Least concern,1
1300,Elang Ular Bido,Spilornis cheela,NA,Least concern,1
1300,Jingjing Batu,Hemipus hirundinaceus,NA,Least concern,1
1300,Paok Pancawarna,Hydrornis guajanus,NA,Least concern,1
1300,Takur Tenggeret,Psilopogon australis,NA,Least concern,1
1300,Takur Tulung Tumpuk,Psilopogon javensis,NA,Least concern,1
1411,Bubut Besar,Centropus sinensis,NA,Least concern,1
1411,Cabai Bunga Api,Dicaeum trigonostigma,NA,Least concern,1
1411,Cipoh Kacat,Aegithina tiphia,NA,Least concern,1
1411,Elang Ular Bido,Spilornis cheela,NA,Least concern,1
1411,Sikatan Burik,Muscicapa griseisticta,NA,Least concern,1
1411,Takur Tenggeret,Psilopogon australis,NA,Least concern,1
1528,Bondol Jawa,Lonchura leucogastroides,NA,Least concern,1
1528,Burung Madu Sriganti,Cinnyris ornatus,NA,Least concern,1
1528,Cabai Jawa,Dicaeum trochileum,NA,Least concern,1
1528,Cipoh Kacat,Aegithina tiphia,NA,Least concern,1
1528,Kedasi Hitam,Surniculus lugubris,NA,Least concern,1
1528,Pijantung Kecil,Arachnothera longirostra,NA,Least concern,1
1528,Sepah Hutan,Pericrocotus flammeus,NA,Least concern,1
1528,Sepah Kecil,Pericrocotus cinnamomeus,NA,Least concern,1
1528,Takur Tenggeret,Psilopogon australis,NA,Least concern,1
1528,Takur Ungkut Ungkut,Psilopogon haemacephalus,NA,Least concern,1
1528,Walet Linci,Collocalia linchi,NA,Least concern,1
1528,Wiwik Kelabu,Cacomantis merulinus,NA,Least concern,1
1528,Wiwik Rimba,Cacomantis variolosus,NA,Least concern,1
1412,Codot krawar,Cynopterus brachyotis,NA,Least concern,1
1084,Cabai Bunga Api,Dicaeum trigonostigma,NA,Least concern,1
1084,Cucak Kutilang,Pycnonotus aurigaster,NA,Least concern,1
1084,Merbah Corok Corok,Pycnonotus simplex,NA,Least concern,1
1084,Paok Pancawarna,Hydrornis guajanus,NA,Least concern,1
1084,Sepah Kecil,Pericrocotus cinnamomeus,NA,Least concern,1
1084,Takur Tenggeret,Psilopogon australis,NA,Least concern,1
1084,Takur Tulung Tumpuk,Psilopogon javensis,NA,Least concern,1
1084,Walik Kembang,Ptilinopus melanospilus,NA,Least concern,1
1184,Delimukan Zamrud,Chalcophaps indica,NA,Least concern,1
1184,Jingjing Batu,Hemipus hirundinaceus,NA,Least concern,1
1184,Kadalan Birah,Phaenicophaeus curvirostris,NA,Least concern,1
1184,Kedasi Hitam,Surniculus lugubris,NA,Least concern,1
1184,Merbah Corok Corok,Pycnonotus simplex,NA,Least concern,1
1184,Sepah Kecil,Pericrocotus cinnamomeus,NA,Least concern,1
1184,Takur Tenggeret,Psilopogon australis,NA,Least concern,1
1301,Bubut Jawa,Centropus nigrorufus,NA,Vulnerable,1
1301,Cucak Kutilang,Pycnonotus aurigaster,NA,Least concern,1
1301,Elang Ular Bido,Spilornis cheela,NA,Least concern,1
1301,Kadalan Birah,Phaenicophaeus curvirostris,NA,Least concern,1
1301,Kedasi Hitam,Surniculus lugubris,NA,Least concern,1
1301,Pelatuk Besi,Dinopium javanense,NA,Least concern,1
1413,Cinenen Pisang,Orthotomus sutorius,NA,Least concern,1
1413,Kehicap Ranting,Hypothymis azurea,NA,Least concern,1
1413,Pelanduk Semak,Malacocincla sepiaria,NA,Least concern,1
1413,Pelatuk Besi,Dinopium javanense,NA,Least concern,1
1413,Pijantung Kecil,Arachnothera longirostra,NA,Least concern,1
1413,Punai Penganten,Treron griseicauda,NA,Least concern,1
1413,Sempur Hujan Rimba,Eurylaimus javanicus,NA,Least concern,1
1413,Serindit Jawa,Loriculus pusillus,NA,Near Threatened,1
1413,Wiwik Lurik,Cacomantis sonneratii,NA,Least concern,1
1529,Cabai Bunga Api,Dicaeum trigonostigma,NA,Least concern,1
1529,Cinenen Pisang,Orthotomus sutorius,NA,Least concern,1
1529,Cipoh Kacat,Aegithina tiphia,NA,Least concern,1
1529,Jingjing Batu,Hemipus hirundinaceus,NA,Least concern,1
1529,Pelanduk Topi Jawa,Pellorneum capistratum,NA,Least concern,1
1529,Sepah Hutan,Pericrocotus flammeus,NA,Least concern,1
1529,Takur Tenggeret,Psilopogon australis,NA,Least concern,1
1529,Tepekong Jambul,Hemiprocne longipennis,NA,Least concern,1
1302,Kubung Sunda,Galeopterus variegatus,NA,Least concern,1
1302,Kukang Jawa,Nycticebus javanicus,NA,Critically endangered,1
1085,Cipoh Kacat,Aegithina tiphia,NA,Least concern,1
1085,Cucak Kutilang,Pycnonotus aurigaster,NA,Least concern,1
1085,Elang Ular Bido,Spilornis cheela,NA,Least concern,1
1085,Merbah Corok Corok,Pycnonotus simplex,NA,Least concern,1
1085,Pelanduk Topi Jawa,Pellorneum capistratum,NA,Least concern,1
1085,Pijantung Kecil,Arachnothera longirostra,NA,Least concern,1
1085,Takur Tenggeret,Psilopogon australis,NA,Least concern,1
1085,Takur Tulung Tumpuk,Psilopogon javensis,NA,Least concern,1
1185,Cabai Bunga Api,Dicaeum trigonostigma,NA,Least concern,1
1185,Cipoh Kacat,Aegithina tiphia,NA,Least concern,1
1185,Merbah Corok Corok,Pycnonotus simplex,NA,Least concern,1
1303,Cucak Kutilang,Pycnonotus aurigaster,NA,Least concern,1
1414,Cabai Bunga Api,Dicaeum trigonostigma,NA,Least concern,1
1414,Cipoh Kacat,Aegithina tiphia,NA,Least concern,1
1414,Jingjing Batu,Hemipus hirundinaceus,NA,Least concern,1
1414,Punai Penganten,Treron griseicauda,NA,Least concern,1
1414,Serindit Jawa,Loriculus pusillus,NA,Near Threatened,1
1414,Takur Tenggeret,Psilopogon australis,NA,Least concern,1
1414,Takur Ungkut Ungkut,Psilopogon haemacephalus,NA,Least concern,1
1414,Wiwik Lurik,Cacomantis sonneratii,NA,Least concern,1
1530,Burung Madu Kelapa,Anthreptes malacensis,NA,Least concern,1
1530,Cabai Bunga Api,Dicaeum trigonostigma,NA,Least concern,1
1530,Cinenen Pisang,Orthotomus sutorius,NA,Least concern,1
1530,Cipoh Kacat,Aegithina tiphia,NA,Least concern,1
1530,Jingjing Batu,Hemipus hirundinaceus,NA,Least concern,1
1530,Pijantung Kecil,Arachnothera longirostra,NA,Least concern,1
1530,Sepah Kecil,Pericrocotus cinnamomeus,NA,Least concern,1
1530,Serindit Jawa,Loriculus pusillus,NA,Near Threatened,1
1530,Takur Tenggeret,Psilopogon australis,NA,Least concern,1
1530,Takur Tulung Tumpuk,Psilopogon javensis,NA,Least concern,1
1530,Takur Ungkut Ungkut,Psilopogon haemacephalus,NA,Least concern,1
1530,Walet Linci,Collocalia linchi,NA,Least concern,1
1530,Walik Kembang,Ptilinopus melanospilus,NA,Least concern,1
1007,Bajing Terbang Jawa,Iomys horsfieldii,NA,Least concern,1
1086,Cipoh Kacat,Aegithina tiphia,NA,Least concern,1
1086,Cucak Kutilang,Pycnonotus aurigaster,NA,Least concern,1
1086,Kadalan Birah,Phaenicophaeus curvirostris,NA,Least concern,1
1086,Paok Pancawarna,Hydrornis guajanus,NA,Least concern,1
1086,Pelanduk Topi Jawa,Pellorneum capistratum,NA,Least concern,1
1086,Pijantung Kecil,Arachnothera longirostra,NA,Least concern,1
1086,Sepah Kecil,Pericrocotus cinnamomeus,NA,Least concern,1
1086,Serindit Jawa,Loriculus pusillus,NA,Near Threatened,1
1086,Takur Tenggeret,Psilopogon australis,NA,Least concern,1
1086,Takur Tulung Tumpuk,Psilopogon javensis,NA,Least concern,1
1086,Takur Ungkut Ungkut,Psilopogon haemacephalus,NA,Least concern,1
1186,Cabai Bunga Api,Dicaeum trigonostigma,NA,Least concern,1
1186,Pelanduk Topi Jawa,Pellorneum capistratum,NA,Least concern,1
1304,Cucak Kutilang,Pycnonotus aurigaster,NA,Least concern,1
1415,Cipoh Kacat,Aegithina tiphia,NA,Least concern,1
1415,Cucak Kutilang,Pycnonotus aurigaster,NA,Least concern,1
1415,Elang Ular Bido,Spilornis cheela,NA,Least concern,1
1415,Merbah Corok Corok,Pycnonotus simplex,NA,Least concern,1
1415,Takur Tulung Tumpuk,Psilopogon javensis,NA,Least concern,1
1531,Burung Madu Kelapa,Anthreptes malacensis,NA,Least concern,1
1531,Burung Madu Sriganti,Cinnyris ornatus,NA,Least concern,1
1531,Cipoh Kacat,Aegithina tiphia,NA,Least concern,1
1531,Jingjing Batu,Hemipus hirundinaceus,NA,Least concern,1
1531,Paok Pancawarna,Hydrornis guajanus,NA,Least concern,1
1531,Pelanduk Topi Jawa,Pellorneum capistratum,NA,Least concern,1
1531,Sempur Hujan Rimba,Eurylaimus javanicus,NA,Least concern,1
1531,Sepah Hutan,Pericrocotus flammeus,NA,Least concern,1
1531,Serindit Jawa,Loriculus pusillus,NA,Near Threatened,1
1531,Takur Tenggeret,Psilopogon australis,NA,Least concern,1
1531,Takur Tulung Tumpuk,Psilopogon javensis,NA,Least concern,1
1531,Takur Ungkut Ungkut,Psilopogon haemacephalus,NA,Least concern,1
1531,Tepekong Jambul,Hemiprocne longipennis,NA,Least concern,1
1531,Wiwik Lurik,Cacomantis sonneratii,NA,Least concern,1
1008,Codot krawar,Cynopterus brachyotis,NA,Least concern,1
1008,Kukang Jawa,Nycticebus javanicus,NA,Critically endangered,1
1305,Bajing Terbang Jawa,Iomys horsfieldii,NA,Least concern,1
1087,Cinenen Pisang,Orthotomus sutorius,NA,Least concern,1
1087,Cucak Kutilang,Pycnonotus aurigaster,NA,Least concern,1
1087,Delimukan Zamrud,Chalcophaps indica,NA,Least concern,1
1087,Kedasi Hitam,Surniculus lugubris,NA,Least concern,1
1087,Paok Pancawarna,Hydrornis guajanus,NA,Least concern,1
1087,Pelanduk Topi Jawa,Pellorneum capistratum,NA,Least concern,1
1087,Pijantung Kecil,Arachnothera longirostra,NA,Least concern,1
1087,Serindit Jawa,Loriculus pusillus,NA,Near Threatened,1
1087,Takur Tenggeret,Psilopogon australis,NA,Least concern,1
1087,Takur Tulung Tumpuk,Psilopogon javensis,NA,Least concern,1
1087,Takur Ungkut Ungkut,Psilopogon haemacephalus,NA,Least concern,1
1187,Cucak Kutilang,Pycnonotus aurigaster,NA,Least concern,1
1187,Takur Tenggeret,Psilopogon australis,NA,Least concern,2
1187,Walet Linci,Collocalia linchi,NA,Least concern,1
1306,Merbah Corok Corok,Pycnonotus simplex,NA,Least concern,1
1306,Paok Pancawarna,Hydrornis guajanus,NA,Least concern,1
1306,Sepah Hutan,Pericrocotus flammeus,NA,Least concern,1
1306,Takur Tulung Tumpuk,Psilopogon javensis,NA,Least concern,2
1416,Cabai Bunga Api,Dicaeum trigonostigma,NA,Least concern,1
1416,Cekakak Sungai,Todiramphus chloris,NA,Least concern,1
1416,Cipoh Kacat,Aegithina tiphia,NA,Least concern,1
1416,Pijantung Gunung,Arachnothera affinis,NA,Least concern,1
1416,Takur Tenggeret,Psilopogon australis,NA,Least concern,1
1416,Takur Tulung Tumpuk,Psilopogon javensis,NA,Least concern,1
1532,Cabai Bunga Api,Dicaeum trigonostigma,NA,Least concern,1
1532,Cinenen Pisang,Orthotomus sutorius,NA,Least concern,1
1532,Cipoh Kacat,Aegithina tiphia,NA,Least concern,1
1532,Cucak Kutilang,Pycnonotus aurigaster,NA,Least concern,1
1532,Takur Ungkut Ungkut,Psilopogon haemacephalus,NA,Least concern,2
1532,Walet Linci,Collocalia linchi,NA,Least concern,1
1417,Luwak,Paradoxurus hermaphroditus,NA,Least concern,1
1088,Cabai Bunga Api,Dicaeum trigonostigma,NA,Least concern,1
1088,Cipoh Kacat,Aegithina tiphia,NA,Least concern,1
1088,Cucak Kutilang,Pycnonotus aurigaster,NA,Least concern,1
1088,Delimukan Zamrud,Chalcophaps indica,NA,Least concern,1
1088,Kadalan Birah,Phaenicophaeus curvirostris,NA,Least concern,1
1088,Paok Pancawarna,Hydrornis guajanus,NA,Least concern,1
1088,Pijantung Kecil,Arachnothera longirostra,NA,Least concern,1
1088,Takur Tenggeret,Psilopogon australis,NA,Least concern,1
1088,Takur Tulung Tumpuk,Psilopogon javensis,NA,Least concern,1
1088,Tepekong Jambul,Hemiprocne longipennis,NA,Least concern,1
1188,Cabai Bunga Api,Dicaeum trigonostigma,NA,Least concern,1
1188,Cinenen Pisang,Orthotomus sutorius,NA,Least concern,1
1188,Takur Tenggeret,Psilopogon australis,NA,Least concern,1
1307,Bubut Jawa,Centropus nigrorufus,NA,Vulnerable,1
1307,Paok Pancawarna,Hydrornis guajanus,NA,Least concern,2
1307,Pelanduk Topi Jawa,Pellorneum capistratum,NA,Least concern,1
1307,Pelatuk Besi,Dinopium javanense,NA,Least concern,1
1307,Takur Tenggeret,Psilopogon australis,NA,Least concern,1
1307,Takur Tulung Tumpuk,Psilopogon javensis,NA,Least concern,1
1418,Cabai Bunga Api,Dicaeum trigonostigma,NA,Least concern,1
1418,Cekakak Jawa,Halcyon cyanoventris,NA,Least concern,1
1418,Pijantung Kecil,Arachnothera longirostra,NA,Least concern,1
1418,Sepah Hutan,Pericrocotus flammeus,NA,Least concern,1
1418,Takur Tohtor,Psilopogon armillaris,NA,Least concern,1
1418,Takur Tulung Tumpuk,Psilopogon javensis,NA,Least concern,1
1418,Tepus Gelagah,Timalia pileata,NA,Least concern,1
1533,Cekakak Jawa,Halcyon cyanoventris,NA,Least concern,1
1533,Cinenen Pisang,Orthotomus sutorius,NA,Least concern,1
1533,Cucak Kutilang,Pycnonotus aurigaster,NA,Least concern,1
1533,Merbah Corok Corok,Pycnonotus simplex,NA,Least concern,1
1533,Takur Tenggeret,Psilopogon australis,NA,Least concern,1
1533,Takur Tulung Tumpuk,Psilopogon javensis,NA,Least concern,1
1533,Takur Ungkut Ungkut,Psilopogon haemacephalus,NA,Least concern,1
1089,Bajing kelapa,Callosciurus notatus,NA,Least concern,1
1308,Bajing Terbang Jawa,Iomys horsfieldii,NA,Least concern,1
1308,Codot krawar,Cynopterus brachyotis,NA,Least concern,1
1419,Babi hutan,Sus scrofa,NA,Least concern,2
1534,Codot krawar,Cynopterus brachyotis,NA,Least concern,1
1090,Cabai Bunga Api,Dicaeum trigonostigma,NA,Least concern,1
1090,Cipoh Kacat,Aegithina tiphia,NA,Least concern,1
1090,Elang Ular Bido,Spilornis cheela,NA,Least concern,1
1090,Merbah Corok Corok,Pycnonotus simplex,NA,Least concern,1
1090,Paok Pancawarna,Hydrornis guajanus,NA,Least concern,1
1090,Pelanduk Topi Jawa,Pellorneum capistratum,NA,Least concern,1
1090,Pijantung Gunung,Arachnothera affinis,NA,Least concern,1
1090,Takur Tenggeret,Psilopogon australis,NA,Least concern,1
1090,Takur Ungkut Ungkut,Psilopogon haemacephalus,NA,Least concern,1
1189,Cabai Bunga Api,Dicaeum trigonostigma,NA,Least concern,1
1189,Cipoh Kacat,Aegithina tiphia,NA,Least concern,1
1309,Bubut Jawa,Centropus nigrorufus,NA,Vulnerable,1
1309,Paok Pancawarna,Hydrornis guajanus,NA,Least concern,1
1309,Pelanduk Topi Jawa,Pellorneum capistratum,NA,Least concern,1
1420,Burung Madu Kelapa,Anthreptes malacensis,NA,Least concern,1
1420,Cipoh Kacat,Aegithina tiphia,NA,Least concern,1
1420,Cucak Kutilang,Pycnonotus aurigaster,NA,Least concern,1
1420,Merbah Corok Corok,Pycnonotus simplex,NA,Least concern,1
1420,Pijantung Kecil,Arachnothera longirostra,NA,Least concern,1
1420,Sepah Hutan,Pericrocotus flammeus,NA,Least concern,1
1420,Takur Tulung Tumpuk,Psilopogon javensis,NA,Least concern,1
1535,Cabai Bunga Api,Dicaeum trigonostigma,NA,Least concern,1
1535,Cabai Jawa,Dicaeum trochileum,NA,Least concern,1
1535,Cipoh Kacat,Aegithina tiphia,NA,Least concern,1
1535,Merbah Corok Corok,Pycnonotus simplex,NA,Least concern,1
1535,Pelanduk Semak,Malacocincla sepiaria,NA,Least concern,1
1535,Pelanduk Topi Jawa,Pellorneum capistratum,NA,Least concern,1
1535,Pelatuk Besi,Dinopium javanense,NA,Least concern,1
1535,Punai Gading,Treron vernans,NA,Least concern,1
1535,Takur Tenggeret,Psilopogon australis,NA,Least concern,1
1535,Takur Tulung Tumpuk,Psilopogon javensis,NA,Least concern,1
1421,Kukang Jawa,Nycticebus javanicus,NA,Critically endangered,1
1091,Cipoh Kacat,Aegithina tiphia,NA,Least concern,1
1091,Kirik Kirik Senja,Merops leschenaulti,NA,Least concern,1
1091,Merbah Corok Corok,Pycnonotus simplex,NA,Least concern,1
1091,Pelatuk Besi,Dinopium javanense,NA,Least concern,1
1091,Takur Tenggeret,Psilopogon australis,NA,Least concern,1
1091,Takur Ungkut Ungkut,Psilopogon haemacephalus,NA,Least concern,1
1091,Tepekong Jambul,Hemiprocne longipennis,NA,Least concern,1
1091,Uncal Buau,Macropygia emiliana,NA,Least concern,1
1091,Walik Kembang,Ptilinopus melanospilus,NA,Least concern,1
1190,Cipoh Kacat,Aegithina tiphia,NA,Least concern,1
1190,Delimukan Zamrud,Chalcophaps indica,NA,Least concern,1
1190,Merbah Corok Corok,Pycnonotus simplex,NA,Least concern,1
1190,Takur Tenggeret,Psilopogon australis,NA,Least concern,1
1310,Pelatuk Besi,Dinopium javanense,NA,Least concern,1
1310,Perenjak Jawa,Prinia familiaris,NA,Least concern,1
1310,Punai Penganten,Treron griseicauda,NA,Least concern,1
1422,Cabai Bunga Api,Dicaeum trigonostigma,NA,Least concern,1
1422,Merbah Corok Corok,Pycnonotus simplex,NA,Least concern,1
1422,Pijantung Kecil,Arachnothera longirostra,NA,Least concern,1
1422,Takur Tulung Tumpuk,Psilopogon javensis,NA,Least concern,1
1536,Cinenen Pisang,Orthotomus sutorius,NA,Least concern,1
1536,Cipoh Kacat,Aegithina tiphia,NA,Least concern,1
1536,Cucak Kutilang,Pycnonotus aurigaster,NA,Least concern,1
1536,Jingjing Batu,Hemipus hirundinaceus,NA,Least concern,1
1536,Kehicap Ranting,Hypothymis azurea,NA,Least concern,1
1536,Merbah Corok Corok,Pycnonotus simplex,NA,Least concern,1
1536,Paok Pancawarna,Hydrornis guajanus,NA,Least concern,1
1536,Pelatuk Besi,Dinopium javanense,NA,Least concern,1
1536,Pijantung Kecil,Arachnothera longirostra,NA,Least concern,1
1536,Sepah Hutan,Pericrocotus flammeus,NA,Least concern,1
1536,Serindit Jawa,Loriculus pusillus,NA,Near Threatened,1
1536,Takur Tenggeret,Psilopogon australis,NA,Least concern,1
1536,Takur Tulung Tumpuk,Psilopogon javensis,NA,Least concern,1
1536,Walik Kembang,Ptilinopus melanospilus,NA,Least concern,1
1092,Kubung Sunda,Galeopterus variegatus,NA,Least concern,1
1423,Tupai Tanah Bergaris Tiga,Lariscus insignis,NA,Least concern,1
1093,Cinenen Pisang,Orthotomus sutorius,NA,Least concern,1
1093,Delimukan Zamrud,Chalcophaps indica,NA,Least concern,1
1093,Merbah Corok Corok,Pycnonotus simplex,NA,Least concern,1
1093,Paok Pancawarna,Hydrornis guajanus,NA,Least concern,1
1093,Pelatuk Besi,Dinopium javanense,NA,Least concern,1
1093,Sepah Hutan,Pericrocotus flammeus,NA,Least concern,1
1093,Serindit Jawa,Loriculus pusillus,NA,Near Threatened,1
1093,Takur Tenggeret,Psilopogon australis,NA,Least concern,1
1191,Cinenen Pisang,Orthotomus sutorius,NA,Least concern,1
1191,Cipoh Kacat,Aegithina tiphia,NA,Least concern,1
1191,Cucak Kutilang,Pycnonotus aurigaster,NA,Least concern,1
1191,Kadalan Birah,Phaenicophaeus curvirostris,NA,Least concern,1
1191,Takur Tenggeret,Psilopogon australis,NA,Least concern,1
1311,Burung Madu Kelapa,Anthreptes malacensis,NA,Least concern,1
1311,Cabai Bunga Api,Dicaeum trigonostigma,NA,Least concern,2
1311,Cekakak Sungai,Todiramphus chloris,NA,Least concern,1
1311,Cinenen Pisang,Orthotomus sutorius,NA,Least concern,1
1311,Cipoh Kacat,Aegithina tiphia,NA,Least concern,1
1311,Cucak Kutilang,Pycnonotus aurigaster,NA,Least concern,1
1311,Elang Ular Bido,Spilornis cheela,NA,Least concern,1
1311,Jingjing Petulak,Tephrodornis virgatus,NA,Least concern,1
1311,Kadalan Birah,Phaenicophaeus curvirostris,NA,Least concern,1
1311,Kadalan Kembang,Phaenicophaeus javanicus,NA,Least concern,1
1311,Layang Layang Batu,Hirundo javanica,NA,Least concern,1
1311,Merbah Corok Corok,Pycnonotus simplex,NA,Least concern,2
1311,Pelatuk Besi,Dinopium javanense,NA,Least concern,1
1311,Perenjak Jawa,Prinia familiaris,NA,Least concern,1
1311,Pijantung Kecil,Arachnothera longirostra,NA,Least concern,1
1311,Punai Penganten,Treron griseicauda,NA,Least concern,1
1311,Takur Tenggeret,Psilopogon australis,NA,Least concern,1
1424,Cabai Bunga Api,Dicaeum trigonostigma,NA,Least concern,1
1424,Cinenen Pisang,Orthotomus sutorius,NA,Least concern,1
1424,Elang Ular Bido,Spilornis cheela,NA,Least concern,1
1424,Jingjing Batu,Hemipus hirundinaceus,NA,Least concern,1
1424,Pijantung Kecil,Arachnothera longirostra,NA,Least concern,1
1424,Takur Tenggeret,Psilopogon australis,NA,Least concern,1
1537,Bondol Jawa,Lonchura leucogastroides,NA,Least concern,1
1537,Burung Madu Kelapa,Anthreptes malacensis,NA,Least concern,1
1537,Cabai Bunga Api,Dicaeum trigonostigma,NA,Least concern,1
1537,Cekakak Sungai,Todiramphus chloris,NA,Least concern,1
1537,Cinenen Pisang,Orthotomus sutorius,NA,Least concern,1
1537,Cipoh Kacat,Aegithina tiphia,NA,Least concern,1
1537,Elang Ular Bido,Spilornis cheela,NA,Least concern,1
1537,Pelanduk Topi Jawa,Pellorneum capistratum,NA,Least concern,1
1537,Pelatuk Besi,Dinopium javanense,NA,Least concern,1
1537,Pijantung Kecil,Arachnothera longirostra,NA,Least concern,1
1537,Sepah Hutan,Pericrocotus flammeus,NA,Least concern,1
1537,Serindit Jawa,Loriculus pusillus,NA,Near Threatened,1
1537,Walik Kembang,Ptilinopus melanospilus,NA,Least concern,1
1192,Babi hutan,Sus scrofa,NA,Least concern,1
1094,Cipoh Kacat,Aegithina tiphia,NA,Least concern,1
1094,Merbah Corok Corok,Pycnonotus simplex,NA,Least concern,1
1094,Pijantung Kecil,Arachnothera longirostra,NA,Least concern,1
1094,Sepah Kecil,Pericrocotus cinnamomeus,NA,Least concern,1
1094,Takur Tenggeret,Psilopogon australis,NA,Least concern,1
1193,Cabai Bunga Api,Dicaeum trigonostigma,NA,Least concern,1
1193,Cekakak Jawa,Halcyon cyanoventris,NA,Least concern,1
1193,Cipoh Kacat,Aegithina tiphia,NA,Least concern,1
1193,Sepah Kecil,Pericrocotus cinnamomeus,NA,Least concern,1
1193,Takur Tenggeret,Psilopogon australis,NA,Least concern,1
1312,Takur Tenggeret,Psilopogon australis,NA,Least concern,1
1312,Takur Ungkut Ungkut,Psilopogon haemacephalus,NA,Least concern,1
1312,Tepekong Jambul,Hemiprocne longipennis,NA,Least concern,1
1312,Wiwik Lurik,Cacomantis sonneratii,NA,Least concern,1
1425,Cabai Bunga Api,Dicaeum trigonostigma,NA,Least concern,1
1425,Cucak Kutilang,Pycnonotus aurigaster,NA,Least concern,1
1425,Pijantung Kecil,Arachnothera longirostra,NA,Least concern,1
1425,Takur Tenggeret,Psilopogon australis,NA,Least concern,1
1425,Walik Kembang,Ptilinopus melanospilus,NA,Least concern,1
1538,Cabai Jawa,Dicaeum trochileum,NA,Least concern,1
1538,Cinenen Pisang,Orthotomus sutorius,NA,Least concern,1
1538,Cipoh Kacat,Aegithina tiphia,NA,Least concern,1
1538,Cucak Kutilang,Pycnonotus aurigaster,NA,Least concern,1
1538,Merbah Corok Corok,Pycnonotus simplex,NA,Least concern,1
1538,Pijantung Kecil,Arachnothera longirostra,NA,Least concern,1
1538,Sepah Hutan,Pericrocotus flammeus,NA,Least concern,1
1538,Takur Tenggeret,Psilopogon australis,NA,Least concern,1
1538,Tepekong Jambul,Hemiprocne longipennis,NA,Least concern,1
1538,Walet Linci,Collocalia linchi,NA,Least concern,1
1095,Cabai Gesit,Dicaeum agile,NA,Least concern,1
1095,Cinenen Pisang,Orthotomus sutorius,NA,Least concern,1
1095,Cipoh Kacat,Aegithina tiphia,NA,Least concern,1
1095,Cucak Kutilang,Pycnonotus aurigaster,NA,Least concern,1
1095,Kirik Kirik Senja,Merops leschenaulti,NA,Least concern,1
1095,Merbah Corok Corok,Pycnonotus simplex,NA,Least concern,1
1095,Paok Pancawarna,Hydrornis guajanus,NA,Least concern,1
1095,Pelanduk Topi Jawa,Pellorneum capistratum,NA,Least concern,1
1095,Takur Tenggeret,Psilopogon australis,NA,Least concern,1
1194,Cabai Bunga Api,Dicaeum trigonostigma,NA,Least concern,1
1194,Cinenen Pisang,Orthotomus sutorius,NA,Least concern,1
1194,Cipoh Kacat,Aegithina tiphia,NA,Least concern,1
1194,Kadalan Birah,Phaenicophaeus curvirostris,NA,Least concern,1
1194,Pelatuk Besi,Dinopium javanense,NA,Least concern,1
1313,Cinenen Pisang,Orthotomus sutorius,NA,Least concern,1
1313,Paok Pancawarna,Hydrornis guajanus,NA,Least concern,1
1313,Takur Ungkut Ungkut,Psilopogon haemacephalus,NA,Least concern,1
1313,Wiwik Kelabu,Cacomantis merulinus,NA,Least concern,1
1426,Cabai Bunga Api,Dicaeum trigonostigma,NA,Least concern,1
1426,Cekakak Jawa,Halcyon cyanoventris,NA,Least concern,1
1426,Elang Ular Bido,Spilornis cheela,NA,Least concern,1
1426,Merbah Corok Corok,Pycnonotus simplex,NA,Least concern,1
1426,Paok Pancawarna,Hydrornis guajanus,NA,Least concern,1
1426,Pijantung Kecil,Arachnothera longirostra,NA,Least concern,1
1539,Cabai Bunga Api,Dicaeum trigonostigma,NA,Least concern,1
1539,Cabai Jawa,Dicaeum trochileum,NA,Least concern,1
1539,Cipoh Kacat,Aegithina tiphia,NA,Least concern,1
1539,Cucak Kutilang,Pycnonotus aurigaster,NA,Least concern,1
1539,Elang Ular Bido,Spilornis cheela,NA,Least concern,1
1539,Kedasi Hitam,Surniculus lugubris,NA,Least concern,1
1539,Merbah Corok Corok,Pycnonotus simplex,NA,Least concern,1
1539,Paok Pancawarna,Hydrornis guajanus,NA,Least concern,1
1539,Pelatuk Besi,Dinopium javanense,NA,Least concern,1
1539,Pijantung Kecil,Arachnothera longirostra,NA,Least concern,1
1539,Takur Tenggeret,Psilopogon australis,NA,Least concern,1
1539,Takur Tulung Tumpuk,Psilopogon javensis,NA,Least concern,1
1539,Uncal Buau,Macropygia emiliana,NA,Least concern,1
1539,Walet Linci,Collocalia linchi,NA,Least concern,1
1539,Walik Kembang,Ptilinopus melanospilus,NA,Least concern,1
1539,Wiwik Rimba,Cacomantis variolosus,NA,Least concern,1
1540,Bajing Terbang Jawa,Iomys horsfieldii,NA,Least concern,1
1096,Bubut Besar,Centropus sinensis,NA,Least concern,1
1096,Cabai Bunga Api,Dicaeum trigonostigma,NA,Least concern,1
1096,Cinenen Pisang,Orthotomus sutorius,NA,Least concern,1
1096,Cucak Kutilang,Pycnonotus aurigaster,NA,Least concern,1
1096,Punai Penganten,Treron griseicauda,NA,Least concern,1
1096,Takur Tenggeret,Psilopogon australis,NA,Least concern,1
1096,Takur Tulung Tumpuk,Psilopogon javensis,NA,Least concern,1
1096,Takur Ungkut Ungkut,Psilopogon haemacephalus,NA,Least concern,1
1096,Walik Kembang,Ptilinopus melanospilus,NA,Least concern,1
1195,Merbah Corok Corok,Pycnonotus simplex,NA,Least concern,1
1195,Takur Tenggeret,Psilopogon australis,NA,Least concern,3
1314,Bubut Jawa,Centropus nigrorufus,NA,Vulnerable,1
1314,Kadalan Birah,Phaenicophaeus curvirostris,NA,Least concern,1
1314,Paok Pancawarna,Hydrornis guajanus,NA,Least concern,1
1314,Takur Tenggeret,Psilopogon australis,NA,Least concern,1
1314,Takur Tulung Tumpuk,Psilopogon javensis,NA,Least concern,1
1427,Bubut Besar,Centropus sinensis,NA,Least concern,1
1427,Cabai Jawa,Dicaeum trochileum,NA,Least concern,1
1427,Pijantung Kecil,Arachnothera longirostra,NA,Least concern,1
1427,Takur Tenggeret,Psilopogon australis,NA,Least concern,1
1541,Cabai Jawa,Dicaeum trochileum,NA,Least concern,1
1541,Cekakak Sungai,Todiramphus chloris,NA,Least concern,1
1541,Cinenen Kelabu,Orthotomus ruficeps,NA,Least concern,1
1541,Cipoh Kacat,Aegithina tiphia,NA,Least concern,1
1541,Kedasi Hitam,Surniculus lugubris,NA,Least concern,1
1541,Merbah Corok Corok,Pycnonotus simplex,NA,Least concern,1
1541,Paok Pancawarna,Hydrornis guajanus,NA,Least concern,1
1541,Pelanduk Topi Jawa,Pellorneum capistratum,NA,Least concern,1
1541,Pelatuk Besi,Dinopium javanense,NA,Least concern,1
1541,Perenjak Padi,Prinia inornata,NA,Least concern,1
1541,Takur Tenggeret,Psilopogon australis,NA,Least concern,1
1541,Takur Tulung Tumpuk,Psilopogon javensis,NA,Least concern,1
1541,Walet Linci,Collocalia linchi,NA,Least concern,1
1196,Tikus pohon/tikus belukar,Rattus tiomanicus,NA,Least concern,1
1097,Cabai Bunga Api,Dicaeum trigonostigma,NA,Least concern,1
1097,Cekakak Sungai,Todiramphus chloris,NA,Least concern,1
1097,Cinenen Pisang,Orthotomus sutorius,NA,Least concern,1
1097,Cucak Kutilang,Pycnonotus aurigaster,NA,Least concern,1
1097,Kedasi Hitam,Surniculus lugubris,NA,Least concern,1
1097,Kirik Kirik Senja,Merops leschenaulti,NA,Least concern,1
1097,Merbah Corok Corok,Pycnonotus simplex,NA,Least concern,1
1097,Paok Pancawarna,Hydrornis guajanus,NA,Least concern,1
1097,Sepah Kecil,Pericrocotus cinnamomeus,NA,Least concern,1
1097,Serindit Jawa,Loriculus pusillus,NA,Near Threatened,1
1097,Takur Tenggeret,Psilopogon australis,NA,Least concern,1
1097,Takur Ungkut Ungkut,Psilopogon haemacephalus,NA,Least concern,1
1197,Cabai Bunga Api,Dicaeum trigonostigma,NA,Least concern,1
1197,Cabai Gesit,Dicaeum agile,NA,Least concern,1
1197,Kirik Kirik Senja,Merops leschenaulti,NA,Least concern,1
1197,Sepah Hutan,Pericrocotus flammeus,NA,Least concern,1
1197,Takur Tulung Tumpuk,Psilopogon javensis,NA,Least concern,1
1197,Walet Linci,Collocalia linchi,NA,Least concern,1
1315,Bubut Jawa,Centropus nigrorufus,NA,Vulnerable,1
1315,Cinenen Pisang,Orthotomus sutorius,NA,Least concern,1
1315,Kehicap Ranting,Hypothymis azurea,NA,Least concern,1
1315,Pelatuk Besi,Dinopium javanense,NA,Least concern,1
1428,Cekakak Sungai,Todiramphus chloris,NA,Least concern,1
1428,Jingjing Batu,Hemipus hirundinaceus,NA,Least concern,1
1428,Punai Penganten,Treron griseicauda,NA,Least concern,1
1428,Sepah Hutan,Pericrocotus flammeus,NA,Least concern,1
1428,Takur Tulung Tumpuk,Psilopogon javensis,NA,Least concern,1
1542,Cekakak Jawa,Halcyon cyanoventris,NA,Least concern,1
1542,Cucak Kutilang,Pycnonotus aurigaster,NA,Least concern,1
1542,Jingjing Batu,Hemipus hirundinaceus,NA,Least concern,1
1542,Kadalan Birah,Phaenicophaeus curvirostris,NA,Least concern,1
1542,Kedasi Hitam,Surniculus lugubris,NA,Least concern,1
1542,Merbah Corok Corok,Pycnonotus simplex,NA,Least concern,1
1542,Paok Pancawarna,Hydrornis guajanus,NA,Least concern,1
1542,Pelanduk Topi Jawa,Pellorneum capistratum,NA,Least concern,1
1542,Sepah Hutan,Pericrocotus flammeus,NA,Least concern,1
1542,Serindit Jawa,Loriculus pusillus,NA,Near Threatened,1
1316,Tikus pohon/tikus belukar,Rattus tiomanicus,NA,Least concern,1
1543,Bajing Terbang Jawa,Iomys horsfieldii,NA,Least concern,1
1543,Beluk/tando,Petaurista petaurista,NA,Least concern,1
1543,Luwak,Paradoxurus hermaphroditus,NA,Least concern,1
1098,Ayam Hutan Merah,Gallus gallus,NA,Least concern,1
1098,Cabai Bunga Api,Dicaeum trigonostigma,NA,Least concern,1
1098,Cinenen Pisang,Orthotomus sutorius,NA,Least concern,1
1098,Cucak Kutilang,Pycnonotus aurigaster,NA,Least concern,1
1098,Delimukan Zamrud,Chalcophaps indica,NA,Least concern,1
1098,Jingjing Batu,Hemipus hirundinaceus,NA,Least concern,1
1098,Merbah Corok Corok,Pycnonotus simplex,NA,Least concern,1
1098,Pijantung Besar,Arachnothera robusta,NA,Least concern,1
1098,Takur Tenggeret,Psilopogon australis,NA,Least concern,1
1098,Takur Tulung Tumpuk,Psilopogon javensis,NA,Least concern,1
1198,Cucak Kutilang,Pycnonotus aurigaster,NA,Least concern,1
1198,Sepah Hutan,Pericrocotus flammeus,NA,Least concern,1
1198,Takur Tenggeret,Psilopogon australis,NA,Least concern,1
1198,Takur Tulung Tumpuk,Psilopogon javensis,NA,Least concern,1
1317,Cekakak Batu,Lacedo pulchella,NA,Least concern,1
1317,Kehicap Ranting,Hypothymis azurea,NA,Least concern,1
1317,Pijantung Kecil,Arachnothera longirostra,NA,Least concern,1
1317,Takur Tenggeret,Psilopogon australis,NA,Least concern,1
1429,Cabai Bunga Api,Dicaeum trigonostigma,NA,Least concern,1
1429,Cipoh Kacat,Aegithina tiphia,NA,Least concern,1
1429,Takur Tenggeret,Psilopogon australis,NA,Least concern,1
1544,Burung Madu Kelapa,Anthreptes malacensis,NA,Least concern,1
1544,Cabai Bunga Api,Dicaeum trigonostigma,NA,Least concern,2
1544,Cinenen Pisang,Orthotomus sutorius,NA,Least concern,1
1544,Merbah Corok Corok,Pycnonotus simplex,NA,Least concern,1
1544,Pelatuk Besi,Dinopium javanense,NA,Least concern,1
1544,Pijantung Kecil,Arachnothera longirostra,NA,Least concern,1
1544,Sepah Hutan,Pericrocotus flammeus,NA,Least concern,1
1544,Takur Tenggeret,Psilopogon australis,NA,Least concern,1
1544,Tepekong Jambul,Hemiprocne longipennis,NA,Least concern,1
1544,Walet Linci,Collocalia linchi,NA,Least concern,1
1430,Monyet Ekor Panjang,Macaca fascicularis,NA,Endangered,1
1430,Walang kopo/tupai terbang,Petaurus breviceps,NA,Least concern,1
1099,Cabai Bunga Api,Dicaeum trigonostigma,NA,Least concern,1
1099,Cucak Kutilang,Pycnonotus aurigaster,NA,Least concern,1
1099,Delimukan Zamrud,Chalcophaps indica,NA,Least concern,1
1099,Merbah Corok Corok,Pycnonotus simplex,NA,Least concern,1
1099,Takur Tenggeret,Psilopogon australis,NA,Least concern,1
1199,Cipoh Kacat,Aegithina tiphia,NA,Least concern,1
1199,Takur Tenggeret,Psilopogon australis,NA,Least concern,1
1199,Walet Linci,Collocalia linchi,NA,Least concern,1
1318,Layang Layang Batu,Hirundo javanica,NA,Least concern,1
1318,Takur Tenggeret,Psilopogon australis,NA,Least concern,1
1431,Cabai Jawa,Dicaeum trochileum,NA,Least concern,1
1431,Cipoh Kacat,Aegithina tiphia,NA,Least concern,1
1431,Pijantung Kecil,Arachnothera longirostra,NA,Least concern,1
1431,Takur Tulung Tumpuk,Psilopogon javensis,NA,Least concern,1
1431,Tekukur Biasa,Spilopelia Chinensis,NA,Least concern,1
1431,Wiwik Kelabu,Cacomantis merulinus,NA,Least concern,1
1545,Cekakak Sungai,Todiramphus chloris,NA,Least concern,1
1545,Jingjing Batu,Hemipus hirundinaceus,NA,Least concern,1
1545,Pelatuk Besi,Dinopium javanense,NA,Least concern,1
1545,Takur Tenggeret,Psilopogon australis,NA,Least concern,1
1545,Takur Ungkut Ungkut,Psilopogon haemacephalus,NA,Least concern,1
1432,Beluk/tando,Petaurista petaurista,NA,Least concern,1
1432,Kubung Sunda,Galeopterus variegatus,NA,Least concern,1
1432,Walang kopo/tupai terbang,Petaurus breviceps,NA,Least concern,1
1100,Cipoh Kacat,Aegithina tiphia,NA,Least concern,1
1100,Delimukan Zamrud,Chalcophaps indica,NA,Least concern,1
1100,Merbah Corok Corok,Pycnonotus simplex,NA,Least concern,1
1100,Pelatuk Besi,Dinopium javanense,NA,Least concern,1
1100,Pijantung Gunung,Arachnothera affinis,NA,Least concern,1
1100,Punai Penganten,Treron griseicauda,NA,Least concern,1
1100,Takur Tenggeret,Psilopogon australis,NA,Least concern,1
1200,Elang Ular Bido,Spilornis cheela,NA,Least concern,1
1200,Pelatuk Besi,Dinopium javanense,NA,Least concern,1
1200,Takur Tenggeret,Psilopogon australis,NA,Least concern,1
1200,Walik Kembang,Ptilinopus melanospilus,NA,Least concern,1
1319,Merbah Corok Corok,Pycnonotus simplex,NA,Least concern,1
1319,Takur Tenggeret,Psilopogon australis,NA,Least concern,1
1433,Cipoh Kacat,Aegithina tiphia,NA,Least concern,1
1433,Kadalan Birah,Phaenicophaeus curvirostris,NA,Least concern,1
1433,Merbah Corok Corok,Pycnonotus simplex,NA,Least concern,1
1433,Pelatuk Besi,Dinopium javanense,NA,Least concern,1
1433,Pijantung Kecil,Arachnothera longirostra,NA,Least concern,1
1433,Punai Penganten,Treron griseicauda,NA,Least concern,1
1433,Walik Kembang,Ptilinopus melanospilus,NA,Least concern,1
1546,Burung Madu Sriganti,Cinnyris ornatus,NA,Least concern,1
1546,Cinenen Pisang,Orthotomus sutorius,NA,Least concern,1
1546,Cipoh Kacat,Aegithina tiphia,NA,Least concern,1
1546,Jingjing Batu,Hemipus hirundinaceus,NA,Least concern,1
1546,Paok Pancawarna,Hydrornis guajanus,NA,Least concern,1
1546,Pijantung Kecil,Arachnothera longirostra,NA,Least concern,1
1546,Sepah Kecil,Pericrocotus cinnamomeus,NA,Least concern,1
1546,Takur Tenggeret,Psilopogon australis,NA,Least concern,1
1546,Takur Tulung Tumpuk,Psilopogon javensis,NA,Least concern,1
1546,Walik Kembang,Ptilinopus melanospilus,NA,Least concern,1
1434,Walang kopo/tupai terbang,Petaurus breviceps,NA,Least concern,1
1547,Beluk/tando,Petaurista petaurista,NA,Least concern,1
1101,Alap Alap Capung,Microhierax fringillarius,NA,Least concern,1
1101,Cabai Bunga Api,Dicaeum trigonostigma,NA,Least concern,1
1101,Cekakak Sungai,Todiramphus chloris,NA,Least concern,1
1101,Cipoh Kacat,Aegithina tiphia,NA,Least concern,1
1101,Cucak Kutilang,Pycnonotus aurigaster,NA,Least concern,1
1101,Jingjing Batu,Hemipus hirundinaceus,NA,Least concern,1
1101,Paok Pancawarna,Hydrornis guajanus,NA,Least concern,1
1101,Sempur Hujan Rimba,Eurylaimus javanicus,NA,Near Threatened,1
1101,Sepah Kecil,Pericrocotus cinnamomeus,NA,Least concern,1
1101,Takur Tenggeret,Psilopogon australis,NA,Least concern,1
1101,Takur Tulung Tumpuk,Psilopogon javensis,NA,Least concern,1
1101,Takur Ungkut Ungkut,Psilopogon haemacephalus,NA,Least concern,1
1201,Merbah Corok Corok,Pycnonotus simplex,NA,Least concern,1
1201,Takur Tenggeret,Psilopogon australis,NA,Least concern,1
1320,Cabai Bunga Api,Dicaeum trigonostigma,NA,Least concern,1
1320,Cekakak Sungai,Todiramphus chloris,NA,Least concern,1
1320,Merbah Corok Corok,Pycnonotus simplex,NA,Least concern,1
1320,Paok Pancawarna,Hydrornis guajanus,NA,Least concern,2
1320,Sepah Hutan,Pericrocotus flammeus,NA,Least concern,1
1320,Takur Tenggeret,Psilopogon australis,NA,Least concern,1
1320,Tiong Emas,Gracula religiosa,NA,Least concern,1
1435,Cabai Jawa,Dicaeum trochileum,NA,Least concern,1
1435,Cinenen Pisang,Orthotomus sutorius,NA,Least concern,1
1435,Elang Ular Bido,Spilornis cheela,NA,Least concern,1
1435,Merbah Corok Corok,Pycnonotus simplex,NA,Least concern,1
1435,Pijantung Kecil,Arachnothera longirostra,NA,Least concern,1
1435,Punai Gading,Treron vernans,NA,Least concern,1
1435,Puyuh Gonggong Jawa,Arborophila javanica,NA,Least concern,1
1435,Sepah Hutan,Pericrocotus flammeus,NA,Least concern,1
1435,Takur Tulung Tumpuk,Psilopogon javensis,NA,Least concern,1
1548,Cipoh Kacat,Aegithina tiphia,NA,Least concern,1
1548,Cucak Kutilang,Pycnonotus aurigaster,NA,Least concern,1
1548,Jingjing Batu,Hemipus hirundinaceus,NA,Least concern,1
1548,Merbah Corok Corok,Pycnonotus simplex,NA,Least concern,1
1548,Paok Pancawarna,Hydrornis guajanus,NA,Least concern,1
1548,Pijantung Kecil,Arachnothera longirostra,NA,Least concern,1
1548,Punai Gading,Treron vernans,NA,Least concern,1
1548,Sepah Hutan,Pericrocotus flammeus,NA,Least concern,1
1548,Takur Tenggeret,Psilopogon australis,NA,Least concern,1
1548,Takur Tulung Tumpuk,Psilopogon javensis,NA,Least concern,1
1548,Walik Kembang,Ptilinopus melanospilus,NA,Least concern,1
1548,Wiwik Kelabu,Cacomantis merulinus,NA,Least concern,1
1548,Wiwik Rimba,Cacomantis variolosus,NA,Least concern,1
1102,Alap Alap Capung,Microhierax fringillarius,NA,Least concern,1
1102,Cabai Bunga Api,Dicaeum trigonostigma,NA,Least concern,1
1102,Paok Pancawarna,Hydrornis guajanus,NA,Least concern,1
1102,Pelanduk Semak,Malacocincla sepiaria,NA,Least concern,1
1102,Takur Tenggeret,Psilopogon australis,NA,Least concern,1
1102,Takur Tulung Tumpuk,Psilopogon javensis,NA,Least concern,1
1202,Cabai Bunga Api,Dicaeum trigonostigma,NA,Least concern,1
1202,Elang Ular Bido,Spilornis cheela,NA,Least concern,1
1202,Takur Tenggeret,Psilopogon australis,NA,Least concern,1
1202,Walet Linci,Collocalia linchi,NA,Least concern,2
1202,Walik Kembang,Ptilinopus melanospilus,NA,Least concern,1
1321,Kadalan Birah,Phaenicophaeus curvirostris,NA,Least concern,1
1321,Merbah Corok Corok,Pycnonotus simplex,NA,Least concern,1
1321,Pijantung Kecil,Arachnothera longirostra,NA,Least concern,1
1436,Cabai Bunga Api,Dicaeum trigonostigma,NA,Least concern,1
1436,Merbah Corok Corok,Pycnonotus simplex,NA,Least concern,1
1436,Pijantung Kecil,Arachnothera longirostra,NA,Least concern,1
1436,Serindit Jawa,Loriculus pusillus,NA,Near Threatened,1
1436,Takur Tenggeret,Psilopogon australis,NA,Least concern,1
1436,Wiwik Kelabu,Cacomantis merulinus,NA,Least concern,1
1549,Cipoh Kacat,Aegithina tiphia,NA,Least concern,1
1549,Cucak Kutilang,Pycnonotus aurigaster,NA,Least concern,1
1549,Jingjing Batu,Hemipus hirundinaceus,NA,Least concern,1
1549,Merbah Corok Corok,Pycnonotus simplex,NA,Least concern,1
1549,Paok Pancawarna,Hydrornis guajanus,NA,Least concern,1
1549,Pelanduk Topi Jawa,Pellorneum capistratum,NA,Least concern,1
1549,Pelatuk Besi,Dinopium javanense,NA,Least concern,1
1549,Pijantung Kecil,Arachnothera longirostra,NA,Least concern,1
1549,Punai Gading,Treron vernans,NA,Least concern,1
1549,Takur Tenggeret,Psilopogon australis,NA,Least concern,1
1549,Walet Linci,Collocalia linchi,NA,Least concern,1
1549,Walik Kembang,Ptilinopus melanospilus,NA,Least concern,1
1203,Landak,Hystrix javanica,NA,Least concern,1
1103,Cipoh Kacat,Aegithina tiphia,NA,Least concern,1
1103,Cucak Kutilang,Pycnonotus aurigaster,NA,Least concern,1
1103,Jingjing Batu,Hemipus hirundinaceus,NA,Least concern,1
1103,Merbah Corok Corok,Pycnonotus simplex,NA,Least concern,1
1204,Kadalan Kembang,Phaenicophaeus javanicus,NA,Least concern,1
1204,Takur Tenggeret,Psilopogon australis,NA,Least concern,2
1204,Walet Linci,Collocalia linchi,NA,Least concern,1
1322,Layang Layang Batu,Hirundo javanica,NA,Least concern,1
1322,Merbah Corok Corok,Pycnonotus simplex,NA,Least concern,1
1437,Cipoh Kacat,Aegithina tiphia,NA,Least concern,1
1437,Jingjing Batu,Hemipus hirundinaceus,NA,Least concern,1
1437,Pijantung Kecil,Arachnothera longirostra,NA,Least concern,1
1437,Takur Tenggeret,Psilopogon australis,NA,Least concern,1
1437,Takur Tulung Tumpuk,Psilopogon javensis,NA,Least concern,1
1550,Cabai Bunga Api,Dicaeum trigonostigma,NA,Least concern,1
1550,Cekakak Jawa,Halcyon cyanoventris,NA,Least concern,1
1550,Cipoh Kacat,Aegithina tiphia,NA,Least concern,1
1550,Merbah Corok Corok,Pycnonotus simplex,NA,Least concern,1
1550,Serindit Jawa,Loriculus pusillus,NA,Near Threatened,1
1550,Takur Tenggeret,Psilopogon australis,NA,Least concern,1
1550,Takur Tulung Tumpuk,Psilopogon javensis,NA,Least concern,1
1550,Takur Ungkut Ungkut,Psilopogon haemacephalus,NA,Least concern,1
1550,Tepekong Jambul,Hemiprocne longipennis,NA,Least concern,1
1550,Walet Linci,Collocalia linchi,NA,Least concern,1
1550,Wiwik Rimba,Cacomantis variolosus,NA,Least concern,1
1104,Burung Madu Sriganti,Cinnyris jugularis,NA,Least concern,1
1104,Cabai Bunga Api,Dicaeum trigonostigma,NA,Least concern,1
1104,Cinenen Pisang,Orthotomus sutorius,NA,Least concern,1
1104,Cucak Kutilang,Pycnonotus aurigaster,NA,Least concern,1
1104,Elang Ular Bido,Spilornis cheela,NA,Least concern,1
1104,Jingjing Batu,Hemipus hirundinaceus,NA,Least concern,1
1104,Merbah Corok Corok,Pycnonotus simplex,NA,Least concern,1
1104,Takur Tenggeret,Psilopogon australis,NA,Least concern,1
1205,Cipoh Kacat,Aegithina tiphia,NA,Least concern,1
1205,Jingjing Batu,Hemipus hirundinaceus,NA,Least concern,1
1205,Sepah Hutan,Pericrocotus flammeus,NA,Least concern,1
1205,Takur Tenggeret,Psilopogon australis,NA,Least concern,1
1205,Walet Linci,Collocalia linchi,NA,Least concern,1
1438,Takur Tenggeret,Psilopogon australis,NA,Least concern,1
1438,Takur Ungkut Ungkut,Psilopogon haemacephalus,NA,Least concern,1
1551,Burung Madu Sriganti,Cinnyris ornatus,NA,Least concern,1
1551,Cipoh Kacat,Aegithina tiphia,NA,Least concern,1
1551,Cucak Kutilang,Pycnonotus aurigaster,NA,Least concern,1
1551,Pijantung Kecil,Arachnothera longirostra,NA,Least concern,1
1551,Takur Tenggeret,Psilopogon australis,NA,Least concern,1
1551,Walet Linci,Collocalia linchi,NA,Least concern,1
1105,Cabai Bunga Api,Dicaeum trigonostigma,NA,Least concern,1
1105,Cinenen Pisang,Orthotomus sutorius,NA,Least concern,1
1105,Cucak Kutilang,Pycnonotus aurigaster,NA,Least concern,1
1105,Paok Pancawarna,Hydrornis guajanus,NA,Least concern,1
1105,Takur Tenggeret,Psilopogon australis,NA,Least concern,1
1105,Takur Ungkut Ungkut,Psilopogon haemacephalus,NA,Least concern,1
1206,Cipoh Kacat,Aegithina tiphia,NA,Least concern,1
1206,Cucak Kutilang,Pycnonotus aurigaster,NA,Least concern,1
1206,Merbah Corok Corok,Pycnonotus simplex,NA,Least concern,1
1206,Takur Tenggeret,Psilopogon australis,NA,Least concern,1
1323,Cekakak Jawa,Halcyon cyanoventris,NA,Least concern,1
1323,Merbah Corok Corok,Pycnonotus simplex,NA,Least concern,1
1552,Cipoh Kacat,Aegithina tiphia,NA,Least concern,1
1552,Cucak Kutilang,Pycnonotus aurigaster,NA,Least concern,1
1552,Jingjing Batu,Hemipus hirundinaceus,NA,Least concern,1
1552,Merbah Corok Corok,Pycnonotus simplex,NA,Least concern,1
1552,Sepah Hutan,Pericrocotus flammeus,NA,Least concern,1
1552,Sepah Kecil,Pericrocotus cinnamomeus,NA,Least concern,1
1552,Takur Tenggeret,Psilopogon australis,NA,Least concern,1
1552,Takur Tulung Tumpuk,Psilopogon javensis,NA,Least concern,1
1439,Bajing kelapa,Callosciurus notatus,NA,Least concern,1
1439,Codot krawar,Cynopterus brachyotis,NA,Least concern,1
1553,Kukang Jawa,Nycticebus javanicus,NA,Critically endangered,1
1553,Luwak,Paradoxurus hermaphroditus,NA,Least concern,1
1106,Cabai Bunga Api,Dicaeum trigonostigma,NA,Least concern,1
1106,Cucak Kuning,Rubigula dispar,NA,Vulnerable,1
1106,Merbah Corok Corok,Pycnonotus simplex,NA,Least concern,1
1106,Sepah Kecil,Pericrocotus cinnamomeus,NA,Least concern,1
1106,Takur Tenggeret,Psilopogon australis,NA,Least concern,1
1106,Takur Tulung Tumpuk,Psilopogon javensis,NA,Least concern,1
1106,Tepekong Jambul,Hemiprocne longipennis,NA,Least concern,1
1207,Takur Tenggeret,Psilopogon australis,NA,Least concern,1
1324,Merbah Corok Corok,Pycnonotus simplex,NA,Least concern,1
1324,Paok Pancawarna,Hydrornis guajanus,NA,Least concern,2
1440,Cabai Bunga Api,Dicaeum trigonostigma,NA,Least concern,1
1440,Cinenen Pisang,Orthotomus sutorius,NA,Least concern,2
1440,Merbah Corok Corok,Pycnonotus simplex,NA,Least concern,2
1440,Pijantung Kecil,Arachnothera longirostra,NA,Least concern,1
1440,Takur Tulung Tumpuk,Psilopogon javensis,NA,Least concern,2
1440,Walik Kembang,Ptilinopus melanospilus,NA,Least concern,1
1554,Burung Madu Kelapa,Anthreptes malacensis,NA,Least concern,1
1554,Kedasi Hitam,Surniculus lugubris,NA,Least concern,1
1554,Kirik Kirik Senja,Merops leschenaulti,NA,Least concern,1
1554,Merbah Corok Corok,Pycnonotus simplex,NA,Least concern,1
1554,Pijantung Kecil,Arachnothera longirostra,NA,Least concern,1
1554,Sempur Hujan Rimba,Eurylaimus javanicus,NA,Least concern,1
1554,Takur Tenggeret,Psilopogon australis,NA,Least concern,1
1554,Takur Tulung Tumpuk,Psilopogon javensis,NA,Least concern,1
1208,Monyet Ekor Panjang,Macaca fascicularis,NA,Endangered,1
1441,Kukang Jawa,Nycticebus javanicus,NA,Critically endangered,1
1107,Cabai Gesit,Dicaeum agile,NA,Least concern,1
1107,Caladi Tilik,Dendrocopos moluccensis,NA,Least concern,1
1107,Cipoh Kacat,Aegithina tiphia,NA,Least concern,1
1107,Cucak Kutilang,Pycnonotus aurigaster,NA,Least concern,1
1107,Kirik Kirik Senja,Merops leschenaulti,NA,Least concern,1
1107,Paok Pancawarna,Hydrornis guajanus,NA,Least concern,1
1107,Pelanduk Topi Jawa,Pellorneum capistratum,NA,Least concern,1
1107,Sepah Kecil,Pericrocotus cinnamomeus,NA,Least concern,1
1107,Sikatan Rimba Dada Cokelat,Cyornis olivaceus,NA,Least concern,1
1209,Sepah Hutan,Pericrocotus flammeus,NA,Least concern,1
1209,Takur Tenggeret,Psilopogon australis,NA,Least concern,1
1325,Kedasi Hitam,Surniculus lugubris,NA,Least concern,1
1442,Cabai Bunga Api,Dicaeum trigonostigma,NA,Least concern,1
1442,Cipoh Kacat,Aegithina tiphia,NA,Least concern,1
1442,Jingjing Batu,Hemipus hirundinaceus,NA,Least concern,1
1442,Sepah Kecil,Pericrocotus cinnamomeus,NA,Least concern,1
1442,Takur Tenggeret,Psilopogon australis,NA,Least concern,1
1442,Takur Ungkut Ungkut,Psilopogon haemacephalus,NA,Least concern,1
1442,Tepus Gelagah,Timalia pileata,NA,Least concern,1
1555,Burung Madu Kelapa,Anthreptes malacensis,NA,Least concern,1
1555,Cabai Jawa,Dicaeum trochileum,NA,Least concern,1
1555,Cekakak Jawa,Halcyon cyanoventris,NA,Least concern,1
1555,Cinenen Pisang,Orthotomus sutorius,NA,Least concern,1
1555,Cipoh Kacat,Aegithina tiphia,NA,Least concern,1
1555,Cucak Kutilang,Pycnonotus aurigaster,NA,Least concern,1
1555,Delimukan Zamrud,Chalcophaps indica,NA,Least concern,1
1555,Jingjing Batu,Hemipus hirundinaceus,NA,Least concern,1
1555,Kancilan Bakau,Pachycephala cinerea,NA,Least concern,1
1555,Merbah Corok Corok,Pycnonotus simplex,NA,Least concern,1
1555,Pelanduk Topi Jawa,Pellorneum capistratum,NA,Least concern,1
1555,Sepah Hutan,Pericrocotus flammeus,NA,Least concern,1
1555,Sepah Kecil,Pericrocotus cinnamomeus,NA,Least concern,1
1555,Takur Tenggeret,Psilopogon australis,NA,Least concern,1
1555,Takur Ungkut Ungkut,Psilopogon haemacephalus,NA,Least concern,1
1326,Bajing Terbang Jawa,Iomys horsfieldii,NA,Least concern,1
1326,Codot krawar,Cynopterus brachyotis,NA,Least concern,1
1443,Kubung Sunda,Galeopterus variegatus,NA,Least concern,1
1556,Kukang Jawa,Nycticebus javanicus,NA,Critically endangered,1
1108,Cucak Kutilang,Pycnonotus aurigaster,NA,Least concern,1
1108,Merbah Corok Corok,Pycnonotus simplex,NA,Least concern,1
1108,Paok Pancawarna,Hydrornis guajanus,NA,Least concern,1
1108,Pijantung Gunung,Arachnothera affinis,NA,Least concern,1
1108,Sepah Kecil,Pericrocotus cinnamomeus,NA,Least concern,1
1108,Takur Tenggeret,Psilopogon australis,NA,Least concern,1
1108,Takur Tulung Tumpuk,Psilopogon javensis,NA,Least concern,1
1108,Walik Kembang,Ptilinopus melanospilus,NA,Least concern,1
1210,Cekakak Sungai,Todiramphus chloris,NA,Least concern,1
1210,Jingjing Batu,Hemipus hirundinaceus,NA,Least concern,1
1210,Kehicap Ranting,Hypothymis azurea,NA,Least concern,1
1210,Takur Tenggeret,Psilopogon australis,NA,Least concern,2
1210,Takur Ungkut Ungkut,Psilopogon haemacephalus,NA,Least concern,1
1327,Merbah Corok Corok,Pycnonotus simplex,NA,Least concern,2
1444,Cinenen Pisang,Orthotomus sutorius,NA,Least concern,1
1444,Cucak Kutilang,Pycnonotus aurigaster,NA,Least concern,2
1444,Jingjing Batu,Hemipus hirundinaceus,NA,Least concern,1
1444,Kirik Kirik Senja,Merops leschenaulti,NA,Least concern,1
1444,Sepah Hutan,Pericrocotus flammeus,NA,Least concern,1
1444,Takur Tulung Tumpuk,Psilopogon javensis,NA,Least concern,1
1557,Cekakak Sungai,Todiramphus chloris,NA,Least concern,1
1557,Cinenen Pisang,Orthotomus sutorius,NA,Least concern,1
1557,Cipoh Kacat,Aegithina tiphia,NA,Least concern,1
1557,Merbah Corok Corok,Pycnonotus simplex,NA,Least concern,1
1557,Takur Tenggeret,Psilopogon australis,NA,Least concern,1
1557,Takur Tulung Tumpuk,Psilopogon javensis,NA,Least concern,1
1557,Walet Linci,Collocalia linchi,NA,Least concern,1
1109,Cabai Bunga Api,Dicaeum trigonostigma,NA,Least concern,1
1109,Cinenen Pisang,Orthotomus sutorius,NA,Least concern,1
1109,Cipoh Kacat,Aegithina tiphia,NA,Least concern,1
1109,Cucak Kutilang,Pycnonotus aurigaster,NA,Least concern,1
1109,Delimukan Zamrud,Chalcophaps indica,NA,Least concern,1
1109,Jingjing Batu,Hemipus hirundinaceus,NA,Least concern,1
1109,Merbah Corok Corok,Pycnonotus simplex,NA,Least concern,1
1109,Paok Pancawarna,Hydrornis guajanus,NA,Least concern,1
1109,Sepah Kecil,Pericrocotus cinnamomeus,NA,Least concern,1
1109,Sikatan Rimba Dada Cokelat,Cyornis olivaceus,NA,Least concern,1
1109,Takur Tulung Tumpuk,Psilopogon javensis,NA,Least concern,1
1211,Cipoh Kacat,Aegithina tiphia,NA,Least concern,1
1211,Merbah Corok Corok,Pycnonotus simplex,NA,Least concern,1
1211,Sepah Hutan,Pericrocotus flammeus,NA,Least concern,1
1211,Takur Tenggeret,Psilopogon australis,NA,Least concern,1
1328,Merbah Corok Corok,Pycnonotus simplex,NA,Least concern,1
1328,Paok Pancawarna,Hydrornis guajanus,NA,Least concern,1
1445,Cabai Jawa,Dicaeum trochileum,NA,Least concern,1
1445,Cipoh Kacat,Aegithina tiphia,NA,Least concern,1
1445,Sempur Hujan Rimba,Eurylaimus javanicus,NA,Least concern,1
1445,Tepus Gelagah,Timalia pileata,NA,Least concern,1
1558,Burung Madu Kelapa,Anthreptes malacensis,NA,Least concern,1
1558,Burung Madu Sriganti,Cinnyris ornatus,NA,Least concern,1
1558,Cabai Jawa,Dicaeum trochileum,NA,Least concern,1
1558,Cinenen Pisang,Orthotomus sutorius,NA,Least concern,1
1558,Cipoh Kacat,Aegithina tiphia,NA,Least concern,1
1558,Jingjing Batu,Hemipus hirundinaceus,NA,Least concern,1
1558,Kadalan Birah,Phaenicophaeus curvirostris,NA,Least concern,1
1558,Kancilan Bakau,Pachycephala cinerea,NA,Least concern,1
1558,Kedasi Hitam,Surniculus lugubris,NA,Least concern,1
1558,Kehicap Ranting,Hypothymis azurea,NA,Least concern,1
1558,Merbah Corok Corok,Pycnonotus simplex,NA,Least concern,1
1558,Pelanduk Topi Jawa,Pellorneum capistratum,NA,Least concern,1
1558,Pijantung Kecil,Arachnothera longirostra,NA,Least concern,1
1558,Sepah Hutan,Pericrocotus flammeus,NA,Least concern,1
1558,Sikatan Sisi Gelap,Muscicapa sibirica,NA,Least concern,1
1558,Takur Tenggeret,Psilopogon australis,NA,Least concern,1
1558,Walet Linci,Collocalia linchi,NA,Least concern,1
1558,Walik Kembang,Ptilinopus melanospilus,NA,Least concern,1
